player_id,display_name,state,previous_role,seed_role,candidate_role,candidate_transition,global_role,best_mode,best_mode_role,best_mode_rank,best_mode_games,raw_games,new_games,imported_games,effective_games,unique_opponents,wins_vs_tier_1,wins_vs_tier_2_plus,effective_wins_vs_tier_1,effective_wins_vs_tier_2_plus,display_rating,role_score
531874323305332747,Kiber,qualified,Elite,Elite,Elite,keep,Elite,duel,Elite,1,17,25,22,3,23.50,27,7,15,5.33,12.08,1626,1499
928946498002120735,Sent Kurokawa,qualified,Elite,Squire,Elite,keep,Elite,squad,Elite,1,18,72,50,22,61.00,92,15,48,5.92,18.00,1627,1482
507199986317000704,gwawel,qualified,Elite,,Elite,keep,Elite,duel,Elite,3,123,146,76,70,111.00,85,7,48,4.00,33.00,1554,1468
284068567576477697,Findus,qualified,Elite,Legion,Elite,keep,Elite,duel,Elite,2,37,64,41,23,52.50,89,6,23,3.42,12.75,1559,1446
351311504961699841,bezdomniy,qualified,Pleb,,Gladiator,promote,Elite,duo,Elite,3,13,14,9,5,11.50,29,2,4,0.75,1.75,1491,1308
111335315238641664,Malm,qualified,Legion,Legion,Elite,promote,Elite,duel,Elite,6,25,28,15,13,21.50,27,2,4,2.00,4.00,1442,1303
730088289159348306,Alco,qualified,Legion,Legion,Elite,promote,Elite,duel,Elite,10,69,72,35,37,53.50,45,4,13,2.50,9.00,1366,1273
639072903685603338,Bourricot,qualified,Elite,,Elite,keep,Elite,duo,Elite,4,23,37,23,14,30.00,68,1,12,0.25,3.58,1424,1263
414749042157944862,Sewi27,qualified,Squire,Elite,Elite,promote,Legion,duo,Elite,8,18,29,20,9,24.50,47,4,12,1.25,5.25,1403,1257
291529905676615680,Pipo,qualified,Gladiator,,Gladiator,keep,Legion,duo,Elite,12,5,15,14,1,14.50,33,1,9,0.33,3.25,1427,1239
277166819524083712,Khornie,qualified,Gladiator,Squire,Elite,promote,Legion,duel,Elite,4,21,73,37,36,55.00,99,9,25,2.92,9.20,1362,1239
311565070088011776,Hora de Worka,qualified,Gladiator,Legion,Elite,promote,Legion,duel,Legion,15,17,33,24,9,28.50,41,2,9,1.00,4.83,1350,1227
275644167613579268,erwan,qualified,Squire,Squire,Elite,promote,Legion,duo,Elite,10,13,29,19,10,24.00,54,3,11,0.83,4.00,1390,1224
363345949252124672,aflac,qualified,Gladiator,Legion,Legion,promote,Legion,duel,Legion,12,47,85,50,35,67.50,89,3,30,0.75,13.83,1329,1224
533203635463782401,Monkey D owon,qualified,Gladiator,Squire,Legion,promote,Legion,duel,Legion,23,72,77,29,48,53.00,52,5,14,3.50,9.50,1317,1223
269629070445248512,floppyfloNG,qualified,Legion,Squire,Legion,keep,Legion,squad,Elite,6,20,27,21,6,24.00,61,3,11,1.00,3.17,1386,1217
247731928906727424,TRYNDA,qualified,Legion,,Legion,keep,Legion,duel,Legion,16,15,62,48,14,55.00,80,4,17,1.17,6.37,1328,1213
202854878899470336,Crudlove,qualified,Elite,Legion,Legion,demote,Legion,duo,Elite,1,17,20,20,0,20.00,34,4,8,2.00,3.83,1379,1209
222367163888041984,alexis krempp,qualified,Gladiator,Gladiator,Gladiator,keep,Legion,squad,Elite,13,21,23,8,15,15.50,19,5,16,1.08,3.75,1385,1209
529143150732640266,LegendMaksat,qualified,Elite,Squire,Elite,keep,Legion,squad,Elite,3,15,79,53,26,66.00,107,2,8,0.58,3.08,1328,1208
688084429251543153,paul_h1rs,qualified,Gladiator,Legion,Legion,promote,Legion,duel,Legion,13,44,47,30,17,38.50,30,2,14,1.50,12.50,1314,1201
152791886602567680,Tob,qualified,Gladiator,,Legion,promote,Legion,duo,Legion,28,15,37,24,13,30.50,51,13,19,3.28,4.82,1370,1201
345982631675953163,YEG,qualified,Gladiator,,Legion,promote,Legion,duel,Legion,17,38,39,36,3,37.50,30,0,2,0.00,2.00,1296,1195
1277373756507164793,hmmmm,qualified,Squire,Squire,Legion,promote,Legion,duel,Legion,24,5,25,15,10,20.00,45,1,7,0.50,1.75,1363,1193
437662301219192834,aykops,qualified,Legion,,Legion,keep,Legion,ffa,Elite,1,1,75,64,11,69.50,93,12,23,3.58,6.27,1321,1193
551382710304899072,HellStar,qualified,Legion,Gladiator,Legion,keep,Legion,duo,Elite,11,40,69,40,29,54.50,99,7,30,2.33,9.33,1322,1189
731217157655887963,TV_Villageois2.0,qualified,Gladiator,,Legion,promote,Legion,duo,Legion,23,18,31,20,11,25.50,54,1,3,0.33,1.17,1339,1187
188455260912615424,[ZoC]🐟TaskForceFish🐟,qualified,Gladiator,Legion,Legion,promote,Legion,duel,Legion,18,19,40,28,12,34.00,55,2,12,0.75,7.08,1310,1182
270543079793098752,AFLYINGTOILET,qualified,Squire,Elite,Legion,promote,Legion,duel,Legion,22,4,29,26,3,27.50,44,2,7,0.45,2.40,1337,1181
377035061146550284,MikalaiNovikau,qualified,Squire,Squire,Legion,promote,Legion,duel,Elite,7,9,25,19,6,22.00,59,2,6,1.25,3.08,1344,1179
214103877639864321,thedude5357,qualified,Legion,,Legion,keep,Legion,duel,Elite,8,18,73,43,30,58.00,104,7,14,2.42,4.75,1311,1177
590550043212251185,cool9393,qualified,Legion,Squire,Legion,keep,Legion,squad,Elite,8,47,48,40,8,44.00,81,1,16,0.25,3.78,1319,1167
548322988626542652,backflip (naval war player),qualified,Legion,,Legion,keep,Legion,squad,Elite,7,27,44,40,4,42.00,82,5,8,1.35,2.35,1304,1164
414912867226353664,Zyuzya,qualified,Gladiator,,Legion,promote,Legion,duel,Legion,14,27,27,10,17,18.50,10,0,0,0.00,0.00,1325,1162
733142629616713818,commutant,qualified,Legion,,Legion,keep,Legion,duel,Legion,21,35,127,83,44,105.00,148,3,11,0.75,2.75,1258,1161
301329675991515137,Nawyk,qualified,Legion,Squire,Legion,keep,Legion,squad,Legion,18,20,30,18,12,24.00,60,5,14,1.58,4.17,1308,1141
248585169538121729,sahchicken,qualified,Pleb,,Gladiator,promote,Legion,duo,Elite,14,8,13,13,0,13.00,34,1,3,0.50,1.17,1321,1141
557598327026221059,aubbap,qualified,Squire,,Legion,promote,Legion,duel,Legion,26,42,42,41,1,41.50,27,3,10,3.00,9.50,1236,1139
201821608506032129,ldk,qualified,Gladiator,Squire,Legion,promote,Legion,squad,Legion,28,19,36,12,24,24.00,66,7,19,2.08,5.08,1308,1138
746581845428273173,T_Va,qualified,Squire,Squire,Legion,promote,Legion,duo,Elite,6,16,47,29,18,38.00,60,1,3,0.50,1.33,1256,1129
379056864819675136,Heywax,qualified,Pleb,Squire,Legion,promote,Legion,duel,Elite,11,5,41,23,18,32.00,71,1,8,0.50,2.58,1264,1125
414155162438074368,Kokkusu,qualified,Squire,Squire,Legion,promote,Legion,duo,Legion,19,19,35,15,20,25.00,57,4,7,1.00,1.92,1287,1118
298262161803968512,Wide Wang!,qualified,Squire,Gladiator,Gladiator,promote,Gladiator,duel,Elite,9,8,18,10,8,14.00,24,0,0,0.00,0.00,1283,1118
651416658367217674,jurassikpark,qualified,Squire,Gladiator,Legion,promote,Gladiator,duel,Legion,30,63,82,31,51,56.50,73,0,2,0.00,1.50,1214,1114
274145149947215873,manmiku,qualified,Legion,Squire,Legion,keep,Gladiator,squad,Legion,14,16,55,39,16,47.00,86,13,34,5.17,12.17,1266,1112
267136287692029972,torauo,qualified,Squire,Squire,Gladiator,promote,Gladiator,duo,Elite,13,7,12,10,2,11.00,27,1,8,0.25,2.83,1310,1111
423149190185615371,Titiits,qualified,Elite,,Elite,keep,Gladiator,squad,Elite,12,42,49,16,33,32.50,59,2,17,0.67,4.33,1266,1108
325335781180702740,LeKiks,qualified,Squire,Squire,Legion,promote,Gladiator,duo,Legion,37,31,42,16,26,29.00,68,3,11,0.83,3.17,1274,1107
917436267149533225,pranavashen04,qualified,Squire,Legion,Legion,promote,Gladiator,duel,Legion,25,60,72,61,11,66.50,46,1,8,1.00,7.50,1192,1104
398214697817473025,Smilol,qualified,Gladiator,,Legion,promote,Gladiator,duo,Legion,27,19,59,45,14,52.00,72,0,4,0.00,2.33,1208,1103
682998741623635978,Michael,qualified,Squire,Squire,Legion,promote,Gladiator,squad,Legion,39,29,34,34,0,34.00,70,7,18,1.65,4.47,1267,1103
568834228461240331,lykkekriger,qualified,Elite,,Legion,demote,Gladiator,duo,Elite,5,13,102,93,9,97.50,113,2,22,0.58,6.27,1217,1101
489391878962413569,solo,qualified,Squire,Squire,Legion,promote,Gladiator,duo,Legion,36,17,25,21,4,23.00,51,2,8,1.00,3.75,1262,1099
768121095302676490,paoringaru,qualified,Gladiator,,Legion,promote,Gladiator,duo,Legion,20,18,33,21,12,27.00,57,3,13,0.75,4.17,1257,1088
307185641551036416,NEAR BIRD,qualified,Pleb,,Gladiator,promote,Gladiator,duel,Legion,46,2,14,12,2,13.00,28,1,3,0.25,0.75,1271,1086
925722102294802442,Hans Landa,qualified,Squire,Squire,Legion,promote,Gladiator,duel,Legion,20,14,38,8,30,23.00,42,0,3,0.00,0.67,1245,1079
282155509497200640,Carrier,qualified,Squire,,Legion,promote,Gladiator,duo,Legion,18,9,34,34,0,34.00,51,1,5,0.33,2.53,1196,1077
182291850583867394,Boredy,qualified,Gladiator,Gladiator,Legion,promote,Gladiator,duo,Legion,40,17,21,13,8,17.00,34,3,10,1.25,5.00,1236,1076
436574185716973579,Spriggan,qualified,Legion,Legion,Gladiator,demote,Gladiator,duo,Legion,44,2,25,9,16,17.00,36,7,12,1.58,3.08,1255,1075
181879507756515328,Lege,qualified,Squire,Legion,Legion,promote,Gladiator,duel,Legion,27,3,52,35,17,43.50,73,3,20,1.00,7.17,1206,1071
542037274318077953,JacobDaba,qualified,Elite,,Elite,keep,Gladiator,squad,Elite,2,66,85,67,18,76.00,121,16,38,3.98,9.47,1201,1071
539193568053559311,dock,qualified,Gladiator,Gladiator,Gladiator,keep,Gladiator,duo,Legion,24,15,18,9,9,13.50,35,2,7,0.75,2.67,1242,1066
240520630728916992,Rnaw,qualified,Gladiator,,Legion,promote,Gladiator,duo,Legion,26,21,39,30,9,34.50,67,4,8,1.58,3.08,1218,1063
1375327158922117202,Pompéii🐅,qualified,Gladiator,,Gladiator,keep,Gladiator,duel,Legion,32,22,45,40,5,42.50,61,1,1,0.33,0.33,1173,1062
594500237570080770,jibou,qualified,Squire,,Gladiator,promote,Gladiator,duel,Legion,38,37,55,42,13,48.50,55,1,5,0.25,4.25,1164,1058
138707127769366529,Geoffrusf,qualified,Pleb,,Gladiator,promote,Gladiator,duo,Legion,22,20,21,10,11,15.50,39,0,2,0.00,0.75,1227,1054
229234283036803074,ooJOSHUA66oo,qualified,Gladiator,,Gladiator,keep,Gladiator,squad,Legion,21,61,63,63,0,63.00,102,2,17,0.50,4.00,1185,1051
343777004811845632,Mr Toes,qualified,Elite,Elite,Elite,keep,Gladiator,duo,Legion,58,9,14,10,4,12.00,30,2,3,0.75,1.25,1239,1050
295235655645134848,Lumatyx,qualified,Squire,,Gladiator,promote,Gladiator,duel,Legion,49,47,47,24,23,35.50,36,0,3,0.00,2.50,1151,1047
287397869550567425,Falcon,qualified,Pleb,,Gladiator,promote,Gladiator,duel,Legion,42,2,16,16,0,16.00,35,1,4,0.20,1.15,1222,1045
186958027788779521,elaphantguy,qualified,Gladiator,,Legion,promote,Gladiator,squad,Legion,16,34,36,32,4,34.00,82,6,13,1.45,3.12,1210,1042
259270978494791690,Poopcorn,qualified,Pleb,,Gladiator,promote,Gladiator,duel,Gladiator,64,4,15,14,1,14.50,26,0,1,0.00,1.00,1195,1035
298182717961535488,xpli,qualified,Squire,Legion,Legion,promote,Gladiator,duel,Legion,34,31,40,21,19,30.50,35,3,4,2.00,2.50,1151,1032
653689190684426260,toxic flores,qualified,Gladiator,Squire,Gladiator,keep,Gladiator,squad,Elite,10,15,26,23,3,24.50,62,3,7,0.95,2.20,1202,1032
143088067337650176,ChucK,qualified,Gladiator,Gladiator,Gladiator,keep,Gladiator,duo,Legion,74,5,18,6,12,12.00,28,4,4,1.08,1.08,1213,1029
170305354549166081,Herson,qualified,Squire,Legion,Gladiator,promote,Gladiator,ffa,Legion,3,1,18,11,7,14.50,34,3,9,1.25,4.00,1209,1028
761325781288615947,4,qualified,Pleb,,Gladiator,promote,Gladiator,duel,Legion,31,9,13,9,4,11.00,8,0,0,0.00,0.00,1204,1028
693853784140415057,cynth,qualified,Legion,Squire,Legion,keep,Gladiator,duo,Elite,9,35,72,47,25,59.50,110,10,24,3.17,6.98,1163,1027
141511420146614272,pika,qualified,Pleb,,Gladiator,promote,Gladiator,duel,Legion,45,17,33,16,17,24.50,39,2,8,0.50,2.67,1157,1025
1018630081477877801,Fana,qualified,Squire,,Gladiator,promote,Gladiator,squad,Legion,51,3,19,18,1,18.50,34,1,2,0.33,0.67,1198,1025
604686657677033473,EEVERT,qualified,Squire,Gladiator,Gladiator,promote,Gladiator,duel,Legion,51,53,57,21,36,39.00,36,0,2,0.00,1.00,1133,1024
372435077843386381,Hector,qualified,Gladiator,Squire,Legion,promote,Gladiator,squad,Legion,30,45,46,45,1,45.50,76,8,15,1.98,3.58,1178,1022
334212939538104328,HDS,qualified,Squire,Gladiator,Gladiator,promote,Gladiator,duo,Legion,25,13,15,13,2,14.00,30,1,6,0.50,2.83,1190,1016
709475826504171619,dimasick,qualified,Squire,,Gladiator,promote,Gladiator,squad,Gladiator,85,16,19,19,0,19.00,37,6,12,1.75,3.20,1184,1016
988876307553214554,Madiyar,qualified,Squire,,Gladiator,promote,Gladiator,squad,Gladiator,82,83,93,78,15,85.50,75,6,14,1.58,3.75,1129,1006
688507156735328383,FNCNemesis,qualified,Squire,Squire,Gladiator,promote,Gladiator,squad,Gladiator,74,15,20,11,9,15.50,47,4,6,1.00,1.75,1194,1006
312957661001809921,Androam,qualified,Gladiator,Squire,Legion,promote,Gladiator,squad,Legion,38,26,28,26,2,27.00,50,7,10,1.78,2.53,1176,1002
137645419952865280,Damori,qualified,Legion,Legion,Gladiator,demote,Gladiator,duo,Legion,51,4,25,11,14,18.00,38,2,5,0.58,1.58,1176,999
376281325050789888,comet,qualified,Squire,Squire,Gladiator,promote,Gladiator,squad,Legion,27,4,12,6,6,9.00,23,4,9,0.92,2.42,1193,997
646152099511533568,KabachOk,qualified,Gladiator,Gladiator,Gladiator,keep,Gladiator,duo,Legion,73,15,18,11,7,14.50,37,2,5,0.75,2.00,1170,994
798623447986470974,broccoli,qualified,Squire,Legion,Gladiator,promote,Gladiator,duel,Gladiator,60,29,52,38,14,45.00,68,3,5,1.67,2.33,1109,993
943836078194974751,Sn0w🦦,qualified,Squire,,Gladiator,promote,Gladiator,duo,Legion,42,3,40,39,1,39.50,31,0,0,0.00,0.00,1088,982
385750169276383233,TheGreatestPotato,qualified,Squire,Legion,Gladiator,promote,Gladiator,duo,Legion,49,13,61,46,15,53.50,72,2,7,0.50,1.58,1090,982
175672857139871744,Legenden,qualified,Legion,Legion,Gladiator,demote,Gladiator,duo,Legion,31,13,24,17,7,20.50,46,3,7,0.78,2.53,1146,980
259958170825261057,Bunnik,qualified,Gladiator,Gladiator,Gladiator,keep,Gladiator,squad,Elite,9,5,10,9,1,9.50,23,0,2,0.00,0.50,1171,976
212880463709208576,karkarik(civJp fan),qualified,Squire,Squire,Gladiator,promote,Gladiator,squad,Legion,64,7,10,8,2,9.00,27,1,4,0.25,1.25,1174,975
768097014977134592,LL,qualified,Squire,Gladiator,Gladiator,promote,Gladiator,squad,Legion,20,13,15,15,0,15.00,39,3,8,0.75,1.95,1165,974
420018970457014282,ZheBed,qualified,Pleb,,Gladiator,promote,Gladiator,squad,Legion,47,7,16,11,5,13.50,30,1,5,0.33,1.33,1159,972
357470330308132866,theyubero,qualified,Squire,Squire,Gladiator,promote,Gladiator,ffa,Gladiator,10,1,69,51,18,60.00,98,2,5,0.50,2.00,1079,970
595975340170543115,Іnfinite,qualified,Pleb,Gladiator,Gladiator,promote,Gladiator,squad,Gladiator,108,25,28,28,0,28.00,49,5,6,1.23,1.73,1141,969
340452339368460289,Drakonin,qualified,Squire,Squire,Gladiator,promote,Gladiator,squad,Gladiator,78,3,21,7,14,14.00,28,0,4,0.00,0.92,1147,968
241995821090996224,Pompilidae,qualified,Pleb,,Legion,promote,Gladiator,squad,Legion,65,41,49,12,37,30.50,58,7,18,1.42,3.75,1129,967
541615428473192459,barbar,qualified,Elite,Gladiator,Legion,demote,Gladiator,squad,Legion,56,48,64,47,17,55.50,81,11,21,3.07,5.90,1109,966
92767727764131840,BigMackWitSauce,qualified,Pleb,,Gladiator,promote,Gladiator,duo,Legion,35,7,14,14,0,14.00,23,0,0,0.00,0.00,1150,966
1480634563074986135,Extr,qualified,Legion,Squire,Legion,keep,Gladiator,squad,Legion,17,52,72,58,14,65.00,99,3,8,0.70,1.98,1097,964
250006814391795714,merguez,qualified,Pleb,Gladiator,Gladiator,promote,Gladiator,duel,Gladiator,92,41,41,20,21,30.50,31,0,1,0.00,0.50,1079,961
475967377943691265,Ashu,qualified,Squire,,Gladiator,promote,Gladiator,squad,Legion,61,45,58,47,11,52.50,53,1,7,0.25,1.75,1094,960
249896184498487296,Boubsho,qualified,Pleb,,Gladiator,promote,Gladiator,duo,Gladiator,80,9,11,6,5,8.50,20,0,1,0.00,0.25,1146,956
266184659363168256,ETPI,qualified,Squire,,Gladiator,promote,Gladiator,squad,Legion,24,9,28,26,2,27.00,51,2,8,0.83,3.17,1103,956
269550035774078978,Apology,qualified,Pleb,,Gladiator,promote,Gladiator,duo,Gladiator,77,4,14,12,2,13.00,33,2,4,0.67,1.33,1141,955
485141999549153290,GuardianOfTheNachos,qualified,Legion,Legion,Gladiator,demote,Gladiator,duel,Gladiator,106,5,15,11,4,13.00,31,3,7,0.83,2.58,1129,953
191273100006916096,Ziemian,qualified,Squire,,Gladiator,promote,Gladiator,duo,Legion,33,31,69,45,24,57.00,83,1,9,0.33,2.50,1083,951
1277037182636523563,Marco,qualified,Pleb,,Gladiator,promote,Gladiator,duo,Legion,67,9,18,17,1,17.50,44,1,5,0.33,1.78,1126,949
229584957293461504,El Gogol,qualified,Pleb,,Gladiator,promote,Gladiator,duo,Legion,39,10,15,8,7,11.50,34,0,0,0.00,0.00,1146,944
328134245396643842,HookGod,qualified,Pleb,,Gladiator,promote,Gladiator,duel,Gladiator,78,5,12,8,4,10.00,22,0,1,0.00,0.25,1115,939
1337321894776537135,Kaganaka,qualified,Pleb,,Gladiator,promote,Gladiator,duo,Legion,68,6,16,16,0,16.00,27,0,1,0.00,0.25,1110,938
741907066729529375,Smart Cat Nuts,qualified,Pleb,,Gladiator,promote,Gladiator,duel,Gladiator,62,17,36,13,23,24.50,47,1,3,0.50,1.25,1085,937
760028994283372564,Mayones_18,qualified,Pleb,,Squire,promote,Gladiator,duo,Gladiator,203,34,65,59,6,62.00,74,0,0,0.00,0.00,1062,937
819743939543957565,Mr. Horse,qualified,Squire,Squire,Gladiator,promote,Gladiator,duo,Gladiator,83,5,39,33,6,36.00,77,6,17,1.50,4.03,1086,935
269167666999066634,Atomation,qualified,Squire,,Legion,promote,Gladiator,squad,Legion,52,51,82,68,14,75.00,138,7,13,1.70,3.18,1052,934
230009750949986314,Moel,qualified,Squire,Gladiator,Gladiator,promote,Gladiator,duel,Gladiator,79,18,28,20,8,24.00,41,1,3,0.17,0.58,1081,931
577294654727389184,Peace Man,qualified,Squire,,Gladiator,promote,Gladiator,duel,Gladiator,159,139,148,130,18,139.00,88,0,5,0.00,5.00,1010,930
955569415171227660,NIGHTCAPE,qualified,Squire,,Squire,keep,Gladiator,squad,Gladiator,112,1,74,74,0,74.00,51,0,1,0.00,1.00,1017,926
277440755914506240,La Blasc,qualified,Pleb,,Squire,promote,Gladiator,duel,Legion,37,10,24,17,7,20.50,32,1,1,0.33,0.33,1084,921
148172930356871168,khakis7,qualified,Pleb,Squire,Gladiator,promote,Gladiator,duo,Gladiator,195,64,65,46,19,55.50,94,2,3,1.00,1.50,1039,919
210771716882956288,dagger0k,qualified,Pleb,,Gladiator,promote,Gladiator,squad,Legion,63,11,16,11,5,13.50,27,3,4,0.67,1.00,1100,917
1083066976290734160,noodle4.,qualified,Squire,,Gladiator,promote,Gladiator,duel,Gladiator,109,3,85,58,27,71.50,132,9,11,3.08,3.83,1039,915
186417692960358401,Bartsake,qualified,Pleb,,Legion,promote,Squire,squad,Legion,59,28,28,8,20,18.00,33,3,14,0.58,2.92,1098,915
297946670551793666,Avenger007,qualified,Squire,,Gladiator,promote,Squire,duo,Gladiator,222,6,59,47,12,53.00,89,3,11,0.75,2.60,1057,914
755374246548602912,Noskill\,qualified,Legion,Legion,Gladiator,demote,Squire,squad,Gladiator,110,1,28,8,20,18.00,22,3,5,2.00,3.00,1059,914
455443486829707274,akito,qualified,Squire,,Squire,keep,Squire,duel,Gladiator,86,13,39,27,12,33.00,55,0,0,0.00,0.00,1042,910
329346912014696448,adscvbtry,qualified,Pleb,,Squire,promote,Squire,duel,Gladiator,76,3,28,15,13,21.50,43,0,0,0.00,0.00,1063,900
589083201159561216,Ganger,qualified,Gladiator,,Gladiator,keep,Squire,duo,Gladiator,82,14,21,16,5,18.50,32,2,5,0.67,2.17,1057,899
185085767654178817,sNd,qualified,Pleb,,Gladiator,promote,Squire,duo,Gladiator,95,2,43,43,0,43.00,65,7,10,1.68,2.93,1058,898
202438314509205506,skezz,qualified,Pleb,,Gladiator,promote,Squire,duel,Gladiator,111,6,17,10,7,13.50,32,1,1,0.50,0.50,1068,895
260510555373043713,Exvupur,qualified,Pleb,,Squire,promote,Squire,duo,Legion,46,6,10,8,2,9.00,21,0,0,0.00,0.00,1078,894
984800273149075477,984800273149075477,qualified,Gladiator,Gladiator,Gladiator,keep,Squire,duo,Gladiator,158,17,28,7,21,17.50,57,2,4,0.50,1.00,1070,894
325021079108190212,Bugfisch,qualified,Pleb,Squire,Gladiator,promote,Squire,duel,Legion,40,2,25,23,2,24.00,53,2,5,0.75,1.42,1044,894
321740467769442315,Marabout,qualified,Pleb,,Squire,promote,Squire,duel,Legion,43,9,29,12,17,20.50,38,0,1,0.00,0.50,1048,893
469173863519879168,juteex~,qualified,Squire,,Gladiator,promote,Squire,duel,Gladiator,120,19,110,79,31,94.50,128,13,28,3.33,7.45,996,893
408684311869521930,Tommeke2.0,qualified,Gladiator,Gladiator,Squire,demote,Squire,duel,Gladiator,127,24,25,6,19,15.50,19,0,0,0.00,0.00,1045,891
345518497348059138,Commander Snake,qualified,Squire,,Gladiator,promote,Squire,squad,Legion,55,16,38,32,6,35.00,68,4,7,1.58,3.33,1026,889
204991418647707648,StopIt,qualified,Squire,Squire,Squire,keep,Squire,duel,Gladiator,104,12,26,12,14,19.00,33,1,1,0.25,0.25,1042,885
323191878172278795,Fabbianski,qualified,Pleb,,Gladiator,promote,Squire,duel,Gladiator,69,15,21,10,11,15.50,25,1,1,1.00,1.00,1035,884
453305219422355486,mcscrag,qualified,Squire,,Gladiator,promote,Squire,duo,Squire,239,78,82,55,27,68.50,112,2,5,1.00,2.08,999,884
1357389067297230998,Norio,qualified,Pleb,,Squire,promote,Squire,duel,Legion,53,4,10,10,0,10.00,21,0,0,0.00,0.00,1079,884
1290353837604999253,Maximmus,qualified,Gladiator,Gladiator,Gladiator,keep,Squire,duo,Gladiator,142,14,26,8,18,17.00,52,2,4,0.50,1.00,1046,869
218175524390830092,Elie,qualified,Pleb,,Gladiator,promote,Squire,duo,Gladiator,118,5,17,13,4,15.00,45,0,4,0.00,1.20,1045,863
353548501247983627,Raym,qualified,Squire,Squire,Gladiator,promote,Squire,duo,Gladiator,85,5,11,8,3,9.50,25,1,4,0.25,1.33,1063,862
241606891917148161,Feanor,qualified,Pleb,,Gladiator,promote,Squire,duel,Gladiator,146,17,24,9,15,16.50,25,1,3,0.50,2.00,1008,861
324558130518163456,Chillbrains,qualified,Pleb,,Gladiator,promote,Squire,duo,Legion,60,5,58,54,4,56.00,95,9,20,2.25,5.12,1001,858
268748499116359680,I W D,qualified,Squire,Squire,Gladiator,promote,Squire,squad,Gladiator,137,23,30,23,7,26.50,29,6,14,1.67,4.58,996,852
157279533668630528,Dudetle,qualified,Gladiator,,Gladiator,keep,Squire,squad,Legion,54,15,23,23,0,23.00,48,0,5,0.00,1.50,1021,848
220639965267099649,leesin2,qualified,Squire,Gladiator,Gladiator,promote,Squire,squad,Gladiator,93,24,62,37,25,49.50,89,2,6,0.75,2.42,983,848
254913722823213056,Toxist(Егор),qualified,Squire,,Squire,keep,Squire,duo,Legion,43,13,29,29,0,29.00,17,0,0,0.00,0.00,1000,848
732408359927545878,b_o_z_o,qualified,Gladiator,Gladiator,Gladiator,keep,Squire,duo,Gladiator,169,5,17,4,13,10.50,24,1,2,0.50,0.75,1023,842
222858734760624128,Zael B,qualified,Gladiator,Gladiator,Gladiator,keep,Squire,ffa,Legion,4,1,12,8,4,10.00,37,1,2,0.25,0.50,1026,839
213694095715991552,Wannes,qualified,Pleb,Squire,Gladiator,promote,Squire,duo,Legion,54,7,42,41,1,41.50,61,8,8,1.95,1.95,996,839
151681510066356224,Jr la menace,qualified,Pleb,,Gladiator,promote,Squire,squad,Gladiator,83,21,22,7,15,14.50,41,2,4,0.33,0.83,1019,837
409696603826421760,asa.x,qualified,Pleb,,Squire,promote,Squire,duel,Gladiator,158,18,18,0,18,9.00,12,0,1,0.00,0.50,1005,835
750562297923108965,hawkesj,qualified,Squire,,Gladiator,promote,Squire,squad,Squire,207,11,13,12,1,12.50,41,2,5,0.50,1.25,1023,834
502683262481596446,Milatyme,qualified,Pleb,,Squire,promote,Squire,squad,Gladiator,157,10,10,10,0,10.00,34,0,1,0.00,0.33,1025,829
382086158122745856,3JIO6HblU_Kycb,qualified,Gladiator,Gladiator,Gladiator,keep,Squire,squad,Legion,41,10,15,10,5,12.50,42,1,3,0.25,0.67,1014,825
284717012842971137,Alex,qualified,Pleb,,Gladiator,promote,Squire,duel,Gladiator,100,1,62,42,20,52.00,127,3,13,0.70,2.90,964,821
300596986166640640,300596986166640640,qualified,Squire,Squire,Gladiator,promote,Squire,squad,Gladiator,153,10,21,4,17,12.50,45,1,5,0.17,1.00,1006,819
1418340689367928902,SK1RS,qualified,Pleb,,Gladiator,promote,Squire,squad,Squire,293,11,14,14,0,14.00,40,0,2,0.00,0.50,1007,815
1012045410400993432,Andrew,qualified,Squire,,Gladiator,promote,Squire,duo,Gladiator,187,19,114,107,7,110.50,140,13,29,3.92,8.82,916,813
639907874616639518,ahoy,qualified,Pleb,,Squire,promote,Squire,squad,Gladiator,99,5,16,6,10,11.00,34,0,1,0.00,0.25,1003,812
323189035030020097,kdroge,qualified,Squire,,Gladiator,promote,Squire,squad,Squire,229,13,13,13,0,13.00,34,1,2,0.25,0.50,1009,812
751854194310250634,аналитик,qualified,Pleb,,Gladiator,promote,Squire,duel,Gladiator,155,26,80,75,5,77.50,73,0,2,0.00,1.50,921,811
499192196336189441,bas,qualified,Pleb,Squire,Gladiator,promote,Squire,duel,Gladiator,88,1,40,35,5,37.50,57,1,3,0.25,0.67,951,803
324284178449563648,Danya,qualified,Pleb,,Squire,promote,Squire,duel,Legion,39,6,12,7,5,9.50,12,0,0,0.00,0.00,979,802
334134850661515265,Ando,qualified,Squire,Gladiator,Gladiator,promote,Squire,squad,Gladiator,95,19,23,21,2,22.00,48,3,6,0.92,1.75,971,800
135184801530380289,mjK,qualified,Pleb,,Gladiator,promote,Squire,squad,Squire,219,23,24,2,22,13.00,27,2,4,0.42,0.92,991,799
191964345956171776,keabambi,qualified,Pleb,,Gladiator,promote,Squire,duel,Gladiator,58,4,18,7,11,12.50,31,1,2,0.17,0.42,976,798
160871523387834368,Neolaf,qualified,Pleb,Squire,Gladiator,promote,Squire,duo,Legion,57,31,65,41,24,53.00,74,0,8,0.00,2.33,904,795
1016837446022991934,Sk4rab3i,qualified,Pleb,,Squire,promote,Squire,duel,Gladiator,97,6,12,12,0,12.00,19,0,1,0.00,0.33,955,793
462316591531687937,Seraph,qualified,Gladiator,Gladiator,Gladiator,keep,Squire,ffa,Gladiator,13,1,41,20,21,30.50,65,1,5,0.25,2.67,928,791
192788755084476417,Rakas,qualified,Pleb,,Squire,promote,Squire,duel,Squire,239,35,36,35,1,35.50,26,0,0,0.00,0.00,900,791
375952313249955840,Extazz 🐥,qualified,Pleb,,Gladiator,promote,Squire,squad,Legion,58,8,11,10,1,10.50,28,0,6,0.00,1.75,979,787
967468232351027270,Goldyman123,qualified,Pleb,,Gladiator,promote,Squire,duo,Gladiator,149,10,72,63,9,67.50,81,9,22,2.42,6.50,913,785
120551149450297344,baldaquinn,qualified,Gladiator,Gladiator,Squire,demote,Squire,duel,Squire,175,20,27,9,18,18.00,23,0,0,0.00,0.00,924,780
219516470357393409,Ouiski,qualified,Pleb,,Squire,promote,Squire,duo,Legion,41,13,18,14,4,16.00,27,1,1,0.25,0.25,931,777
186159844678565888,Loïc,qualified,Pleb,,Gladiator,promote,Squire,squad,Gladiator,176,8,22,13,9,17.50,45,2,6,0.50,1.67,950,774
263768776518926347,Badjo,qualified,Pleb,,Gladiator,promote,Squire,squad,Gladiator,197,7,10,8,2,9.00,32,1,2,0.25,0.58,971,773
1002274300436414545,JSN991,qualified,Pleb,,Gladiator,promote,Squire,duo,Gladiator,223,9,54,48,6,51.00,79,2,9,0.50,2.58,898,772
684420852942766094,nilo,qualified,Pleb,,Squire,promote,Squire,duel,Squire,193,10,10,10,0,10.00,9,0,0,0.00,0.00,938,772
387314456545460226,FappyStrike,qualified,Pleb,,Gladiator,promote,Squire,duo,Legion,72,9,19,19,0,19.00,26,1,2,0.50,1.00,915,771
474116429466042371,lil ded,qualified,Squire,Squire,Gladiator,promote,Squire,squad,Squire,228,20,32,16,16,24.00,61,2,5,0.42,1.08,935,764
359043185672192001,alan,qualified,Squire,,Gladiator,promote,Squire,duel,Squire,181,3,16,16,0,16.00,36,2,6,0.50,1.42,936,761
987939655850815549,KrustyTheKlown,qualified,Pleb,Squire,Gladiator,promote,Squire,squad,Squire,211,16,22,20,2,21.00,58,1,2,0.25,0.58,933,758
279614985213313024,[Barbs]Ustmip,qualified,Pleb,,Gladiator,promote,Squire,duo,Gladiator,205,10,68,65,3,66.50,85,1,6,0.20,2.40,863,758
193094667154227201,Cupcake,qualified,Gladiator,Gladiator,Gladiator,keep,Squire,squad,Gladiator,84,8,16,11,5,13.50,32,2,3,0.42,0.67,937,752
168211669531623425,Dbhe,qualified,Pleb,,Gladiator,promote,Squire,duo,Gladiator,91,4,38,26,12,32.00,55,1,3,0.25,0.75,894,751
711619968873005168,Dude,qualified,Squire,,Squire,keep,Squire,squad,Gladiator,121,11,11,11,0,11.00,9,0,0,0.00,0.00,941,750
196025995998789632,blaireau,qualified,Squire,,Gladiator,promote,Squire,squad,Gladiator,186,12,26,26,0,26.00,49,2,3,1.00,1.50,915,750
453390704182427678,[ZoC]🩸Jska🩸,qualified,Pleb,Squire,Gladiator,promote,Squire,squad,Gladiator,171,9,28,25,3,26.50,54,1,5,0.25,2.08,907,749
567750613807530032,Platosha,qualified,Pleb,Squire,Squire,promote,Squire,duo,Squire,236,17,64,46,18,55.00,61,0,0,0.00,0.00,857,748
141184075502190593,Nerevar,qualified,Squire,Squire,Gladiator,promote,Squire,duo,Gladiator,193,3,11,8,3,9.50,24,2,4,0.67,1.17,941,748
882493155281338418,1328capet,qualified,Pleb,Squire,Gladiator,promote,Squire,duo,Gladiator,199,6,30,26,4,28.00,80,1,4,0.25,1.00,916,747
704604120706973707,N4ppomees (Nap),qualified,Pleb,,Squire,promote,Squire,duel,Squire,269,72,72,39,33,55.50,45,0,1,0.00,0.50,843,746
246003545088851969,TieJäi,qualified,Pleb,Squire,Gladiator,promote,Squire,duo,Gladiator,79,3,36,33,3,34.50,57,4,9,1.08,2.23,893,741
619291366010126357,Kamielkee,qualified,Gladiator,Gladiator,Squire,demote,Squire,ffa,Legion,2,1,10,6,4,8.00,11,0,0,0.00,0.00,905,738
187764037310873600,Maelstrum,qualified,Pleb,Gladiator,Squire,promote,Squire,squad,Squire,371,11,11,11,0,11.00,29,1,1,0.20,0.20,936,736
776685037164167198,Miasma,qualified,Pleb,,Gladiator,promote,Squire,duel,Gladiator,99,9,43,25,18,34.00,74,2,3,0.50,0.75,876,734
310843837511630858,Colo,qualified,Pleb,,Gladiator,promote,Squire,duo,Squire,230,2,19,19,0,19.00,26,0,2,0.00,1.33,871,731
1062047482613346394,Logan,qualified,Pleb,,Gladiator,promote,Squire,duel,Squire,232,43,88,82,6,85.00,103,5,7,1.17,1.75,822,728
162955652623368193,Kedenkedenk,qualified,Pleb,,Squire,promote,Squire,squad,Squire,212,6,23,13,10,18.00,48,0,1,0.00,0.50,899,726
267746544126656513,WhiteRqbbit,qualified,Gladiator,Gladiator,Gladiator,keep,Squire,duo,Squire,311,12,46,43,3,44.50,84,5,12,1.33,3.03,875,723
540390802078302208,MintedCoin,qualified,Gladiator,Gladiator,Squire,demote,Squire,squad,Gladiator,133,4,15,10,5,12.50,31,0,0,0.00,0.00,907,720
508554751114215442,jest,qualified,Pleb,,Gladiator,promote,Squire,ffa,Gladiator,14,1,68,55,13,61.50,56,2,3,0.58,0.83,846,717
570578813025648641,Hannibal,qualified,Pleb,Squire,Gladiator,promote,Squire,duo,Gladiator,87,11,38,30,8,34.00,64,6,7,1.83,2.08,876,717
313060389862768642,fabian,qualified,Pleb,,Gladiator,promote,Squire,duo,Squire,251,5,19,16,3,17.50,48,2,4,0.50,1.00,899,716
439137648662282240,Manuji,qualified,Pleb,Gladiator,Gladiator,promote,Squire,duo,Gladiator,119,14,29,23,6,26.00,56,3,6,1.00,2.00,884,716
405873894189170688,TheGreenGorilla,qualified,Pleb,,Gladiator,promote,Squire,squad,Squire,282,9,15,14,1,14.50,35,0,3,0.00,0.58,903,716
854895187163480116,dino,qualified,Pleb,,Squire,promote,Squire,duel,Squire,313,14,39,27,12,33.00,56,0,0,0.00,0.00,845,712
190294376826667009,tordread,qualified,Pleb,,Gladiator,promote,Squire,duo,Squire,399,6,10,10,0,10.00,24,1,2,0.50,0.83,905,712
265125382846414849,bioman,qualified,Pleb,,Squire,promote,Squire,duel,Gladiator,145,4,14,12,2,13.00,27,0,0,0.00,0.00,885,710
311217670181879818,Lythoxa,qualified,Pleb,,Gladiator,promote,Squire,duo,Legion,63,3,23,7,16,15.00,24,3,4,0.92,1.25,888,704
701270799297806396,WokeVegetable,qualified,Pleb,,Squire,promote,Squire,squad,Gladiator,192,10,12,12,0,12.00,26,0,1,0.00,0.33,891,704
347307111916503040,Valeb,qualified,Squire,Squire,Squire,keep,Squire,duel,Squire,203,1,18,4,14,11.00,34,0,0,0.00,0.00,895,700
148909856399556608,Xalrons,qualified,Pleb,,Gladiator,promote,Squire,duel,Squire,172,2,38,27,11,32.50,70,0,3,0.00,0.78,853,696
282866174419533824,sAshA,qualified,Pleb,Squire,Squire,promote,Squire,duel,Gladiator,131,1,34,19,15,26.50,47,0,0,0.00,0.00,845,694
1361428840462815462,Manguéfi,qualified,Squire,Squire,Squire,keep,Squire,duel,Squire,189,6,32,12,20,22.00,51,0,0,0.00,0.00,856,692
1048230634490974229,saske5421,qualified,Pleb,,Squire,promote,Squire,squad,Squire,278,1,11,6,5,8.50,12,0,0,0.00,0.00,876,684
533456030005461003,hadi,qualified,Pleb,Squire,Gladiator,promote,Squire,ffa,Squire,17,1,24,24,0,24.00,34,0,3,0.00,0.75,843,680
211814613157675008,Arumos,qualified,Pleb,,Gladiator,promote,Squire,squad,Pleb,438,11,11,11,0,11.00,31,1,2,0.25,0.50,874,680
254960263642611712,itachi,qualified,Pleb,,Squire,promote,Squire,duo,Squire,373,7,14,10,4,12.00,41,0,0,0.00,0.00,872,679
590877322199040011,kimieldan,qualified,Pleb,,Squire,promote,Squire,squad,Gladiator,160,1,16,4,12,10.00,21,0,0,0.00,0.00,856,678
551895170367356996,Kopchan69,qualified,Pleb,,Squire,promote,Squire,squad,Squire,280,1,73,34,39,53.50,48,0,0,0.00,0.00,792,678
794801232195223552,Mr Universe,qualified,Pleb,Squire,Gladiator,promote,Squire,ffa,Squire,25,2,18,13,5,15.50,45,0,2,0.00,0.50,855,671
272110494221991937,ifok_,qualified,Squire,Squire,Squire,keep,Squire,duel,Squire,277,5,13,10,3,11.50,19,0,0,0.00,0.00,839,669
746782025016410193,SJ,qualified,Pleb,,Squire,promote,Squire,squad,Squire,377,3,20,5,15,12.50,37,0,0,0.00,0.00,854,667
371828178542395393,Flip,qualified,Squire,Squire,Gladiator,promote,Squire,squad,Squire,392,10,10,9,1,9.50,34,0,2,0.00,0.42,855,655
306120519462158337,Chris mit K,qualified,Squire,,Gladiator,promote,Squire,squad,Legion,50,26,36,32,4,34.00,41,0,2,0.00,0.67,795,651
234017482329948160,Timon,qualified,Pleb,Squire,Gladiator,promote,Squire,duel,Gladiator,161,7,49,32,17,40.50,79,1,7,0.25,1.58,781,646
1466863696419750111,thenewcivbob,qualified,Pleb,,Squire,promote,Squire,duel,Squire,310,19,19,0,19,9.50,12,0,0,0.00,0.00,816,639
464776579369926656,Muche,qualified,Pleb,,Squire,promote,Squire,duo,Gladiator,152,3,11,11,0,11.00,19,0,0,0.00,0.00,830,638
1002962273918259302,Shoulder_Bash,qualified,Pleb,,Gladiator,promote,Squire,squad,Gladiator,87,4,11,11,0,11.00,18,0,2,0.00,0.40,798,634
347037666732146692,nikitans,qualified,Pleb,,Squire,promote,Squire,duel,Gladiator,67,1,18,18,0,18.00,32,0,0,0.00,0.00,815,632
952918133335814186,Δ,qualified,Pleb,,Squire,promote,Squire,duel,Squire,223,5,10,10,0,10.00,14,0,0,0.00,0.00,808,631
131292755677806593,Zippoc,qualified,Pleb,,Squire,promote,Squire,duel,Gladiator,162,6,24,23,1,23.50,23,0,0,0.00,0.00,782,631
437667163227029504,Rhazzad#0809,qualified,Pleb,,Squire,promote,Squire,duel,Squire,325,10,11,11,0,11.00,10,0,0,0.00,0.00,774,630
210848237978910730,Frankie4Fingers,qualified,Pleb,,Squire,promote,Squire,duel,Squire,323,27,55,55,0,55.00,57,1,1,0.25,0.25,735,623
197129249319157760,Im Big Lou,qualified,Pleb,,Squire,promote,Squire,duel,Squire,304,14,26,24,2,25.00,35,0,0,0.00,0.00,755,621
531636750657912833,TORQUATO,qualified,Pleb,,Squire,promote,Squire,duo,Squire,243,1,39,17,22,28.00,30,0,0,0.00,0.00,753,619
358721016232542212,olderson,qualified,Squire,Squire,Squire,keep,Squire,duo,Squire,309,6,17,1,16,9.00,17,0,0,0.00,0.00,791,618
356852789122564104,Bart,qualified,Squire,,Gladiator,promote,Squire,duo,Gladiator,109,26,87,60,27,73.50,125,9,22,2.33,5.75,739,616
834846875916042248,Admiral Pydjama,qualified,Pleb,,Gladiator,promote,Squire,duel,Squire,170,2,57,49,8,53.00,57,1,3,0.25,0.75,742,608
422853161653501962,headway,qualified,Pleb,Squire,Squire,promote,Squire,duel,Squire,174,11,35,24,11,29.50,55,1,1,0.25,0.25,750,604
504085759377276929,Sputnik,qualified,Squire,Squire,Squire,keep,Squire,duo,Gladiator,112,3,11,11,0,11.00,14,0,0,0.00,0.00,762,603
529607502246182912,Sairon,qualified,Pleb,Squire,Squire,promote,Squire,duo,Gladiator,145,1,17,17,0,17.00,23,0,0,0.00,0.00,783,602
393842487816486925,Desolation,qualified,Pleb,Squire,Squire,promote,Squire,duel,Squire,204,1,34,19,15,26.50,47,0,0,0.00,0.00,753,602
361534796830081024,Rettend,qualified,Pleb,,Squire,promote,Squire,ffa,Squire,31,1,17,16,1,16.50,38,1,1,0.25,0.25,766,596
302102007341383680,Naosoupro,qualified,Pleb,Squire,Gladiator,promote,Squire,squad,Pleb,433,19,37,28,9,32.50,81,1,3,0.25,0.83,745,592
341895129617006593,Kerey,qualified,Pleb,,Gladiator,promote,Pleb,duo,Gladiator,174,4,36,34,2,35.00,35,3,8,0.92,2.33,734,592
319977713710399489,cwolfhope,qualified,Pleb,Squire,Pleb,keep,Pleb,duel,Squire,202,1,18,13,5,15.50,25,0,2,0.00,0.50,766,585
396858919437205504,Ceice,qualified,Pleb,Squire,Pleb,keep,Pleb,duel,Pleb,346,6,50,35,15,42.50,88,0,5,0.00,1.50,741,584
661973449119367191,Chaosum99,qualified,Squire,Squire,Pleb,demote,Pleb,duel,Squire,257,8,16,9,7,12.50,25,0,1,0.00,0.25,765,576
538379717280268297,Nervouss,qualified,Pleb,,Pleb,keep,Pleb,squad,Gladiator,158,1,18,6,12,12.00,9,0,0,0.00,0.00,759,574
330012393872818178,Εwen,qualified,Pleb,,Pleb,keep,Pleb,duel,Squire,282,10,30,11,19,20.50,35,0,1,0.00,0.50,719,564
1016834079490064384,Blue Magician,qualified,Pleb,,Pleb,keep,Pleb,squad,Gladiator,205,6,28,25,3,26.50,19,0,0,0.00,0.00,718,563
434862561083523082,Yahello,qualified,Pleb,Squire,Pleb,keep,Pleb,duel,Squire,327,12,36,29,7,32.50,47,2,3,0.50,0.83,697,557
707428677562138645,louski,qualified,Pleb,,Pleb,keep,Pleb,squad,Squire,277,5,11,11,0,11.00,30,0,1,0.00,0.25,739,552
362028485054562315,devries5th,qualified,Pleb,Squire,Pleb,keep,Pleb,duo,Squire,362,8,24,21,3,22.50,55,1,2,0.25,0.75,714,538
1357100619495903353,Nik G,qualified,Pleb,,Pleb,keep,Pleb,squad,Gladiator,90,3,31,11,20,21.00,45,0,0,0.00,0.00,685,536
701413883977531453,Yalike,qualified,Pleb,,Pleb,keep,Pleb,duel,Squire,253,1,25,25,0,25.00,18,0,0,0.00,0.00,690,532
860044950531604510,altynadam667,qualified,Squire,Squire,Pleb,demote,Pleb,duel,Pleb,350,18,18,1,17,9.50,11,0,0,0.00,0.00,699,519
300405626041925633,Bilbo Swaggins,qualified,Pleb,,Pleb,keep,Pleb,duo,Squire,445,5,11,11,0,11.00,20,0,0,0.00,0.00,705,514
169358537040855040,Karosh,qualified,Pleb,,Pleb,keep,Pleb,squad,Squire,380,1,21,20,1,20.50,28,0,0,0.00,0.00,652,502
145993625938034688,NuclearStardust,qualified,Pleb,,Pleb,keep,Pleb,duel,Squire,319,6,13,13,0,13.00,19,0,0,0.00,0.00,650,487
393032721460494339,Kiritastrich,qualified,Pleb,,Pleb,keep,Pleb,duo,Pleb,503,17,17,17,0,17.00,31,0,0,0.00,0.00,676,487
983365546160554004,Zenny,qualified,Pleb,,Pleb,keep,Pleb,ffa,Squire,23,1,83,72,11,77.50,59,1,5,0.25,1.92,600,480
889760369080434710,babuka,qualified,Pleb,,Pleb,keep,Pleb,duo,Squire,354,1,12,12,0,12.00,12,0,0,0.00,0.00,639,478
767900549818613761,Dingbatman1,qualified,Pleb,,Pleb,keep,Pleb,duo,Squire,407,2,14,8,6,11.00,15,0,0,0.00,0.00,633,468
185655508173062145,wazabaza,qualified,Pleb,,Pleb,keep,Pleb,squad,Pleb,455,14,14,14,0,14.00,41,0,0,0.00,0.00,644,448
902811413532262411,rilik,qualified,Pleb,,Pleb,keep,Pleb,duel,Squire,291,2,45,41,4,43.00,54,0,1,0.00,0.50,587,442
239470064636657664,Warh3art,qualified,Pleb,,Pleb,keep,Pleb,squad,Squire,326,2,14,8,6,11.00,14,0,0,0.00,0.00,596,428
234548871651393536,CrusaderDan,qualified,Pleb,,Pleb,keep,Pleb,duel,Pleb,363,19,19,17,2,18.00,16,0,0,0.00,0.00,549,394
1451522655453708313,noo0tje,qualified,Pleb,Squire,Pleb,keep,Pleb,squad,Squire,214,2,33,32,1,32.50,40,0,1,0.00,0.33,532,386
300644892055699457,pollen,qualified,Pleb,,Pleb,keep,Pleb,duo,Squire,330,1,12,11,1,11.50,21,0,0,0.00,0.00,543,377
552896372039352321,evan,qualified,Squire,Squire,Pleb,demote,Pleb,duo,Squire,312,2,33,6,27,19.50,22,0,0,0.00,0.00,531,369
410374026532487169,Theozham,qualified,Pleb,,Pleb,keep,Pleb,squad,Squire,367,1,13,13,0,13.00,19,0,0,0.00,0.00,454,278
425772681653387276,Constantin D. Razvan,qualified,Pleb,,Pleb,keep,Pleb,duo,Squire,442,2,25,12,13,18.50,20,0,0,0.00,0.00,427,263
793990802636144741,EL D BANDITO,unmanaged-legacy,Pleb,,Squire,promote,,duel,Gladiator,71,13,21,11,10,16.00,4,0,0,0.00,0.00,1064,905
387680847764914186,387680847764914186,unmanaged-legacy,Pleb,,,leave-unmanaged,,duo,Gladiator,108,7,12,1,11,6.50,29,1,3,0.17,0.58,1051,847
576033271549526016,Lord,unmanaged-legacy,Pleb,,Pleb,keep,,duel,Pleb,339,12,12,5,7,8.50,1,0,0,0.00,0.00,777,584
1115718984948518933,luk4s0903,unmanaged-legacy,Pleb,,,leave-unmanaged,,duo,Squire,298,1,12,1,11,6.50,13,0,0,0.00,0.00,597,411
233115507476267009,Deskra,unmanaged-legacy,Squire,Legion,Gladiator,promote,,duel,Legion,48,11,11,11,0,11.00,1,0,0,0.00,0.00,1145,1013
240614468420108290,Enchantress,unmanaged-legacy,Squire,Squire,,leave-unmanaged,,duel,Squire,225,1,11,3,8,7.00,22,0,0,0.00,0.00,865,664
774369243222245457,Omen,unmanaged-legacy,Pleb,,,leave-unmanaged,,duel,Gladiator,108,5,11,1,10,6.00,15,0,0,0.00,0.00,1039,840
266637101787774978,Pepper,unmanaged-legacy,Pleb,,,leave-unmanaged,,squad,Gladiator,181,9,11,3,8,7.00,19,0,3,0.00,0.50,857,655
714022473691299851,alexander_hamilton12,unmanaged-legacy,Pleb,,,leave-unmanaged,,duo,Squire,244,3,10,0,10,5.00,26,0,1,0.00,0.17,910,701
335670180678205455,CMDragon,unmanaged-legacy,Pleb,,,leave-unmanaged,,duo,Gladiator,201,6,10,4,6,7.00,19,0,0,0.00,0.00,891,697
505531390989959169,jano,unmanaged-legacy,Pleb,,,leave-unmanaged,,squad,Gladiator,180,2,10,4,6,7.00,21,0,3,0.00,0.83,952,752
451329189832818709,JimmyTulpan,unmanaged-legacy,Pleb,,,leave-unmanaged,,duel,Squire,221,1,10,4,6,7.00,11,0,0,0.00,0.00,914,719
583147043346972672,onemoturn69,unmanaged-legacy,Squire,Squire,,leave-unmanaged,,ffa,Squire,33,1,10,3,7,6.50,18,0,1,0.00,0.25,756,554
721354311673708644,AminYapussi,unmanaged-legacy,Pleb,,Squire,promote,,squad,Gladiator,138,3,9,9,0,9.00,15,0,0,0.00,0.00,769,593
829701919076515880,Botrik,unmanaged-legacy,Squire,Squire,,leave-unmanaged,,duel,Gladiator,144,1,9,5,4,7.00,15,0,1,0.00,0.50,924,733
269603305230041092,czozp,unmanaged-legacy,Pleb,,Gladiator,promote,,duo,Gladiator,126,1,9,9,0,9.00,30,0,2,0.00,0.45,1076,874
613423622744178718,FlyFishingFather,unmanaged-legacy,Pleb,,Squire,promote,,squad,Gladiator,188,2,9,9,0,9.00,17,0,0,0.00,0.00,829,634
1061864821810794536,herobrian6359,unmanaged-legacy,Pleb,,,leave-unmanaged,,duel,Gladiator,148,1,9,0,9,4.50,16,0,1,0.00,0.17,964,755
368436476708388864,NaNoBlaze,unmanaged-legacy,Pleb,,Squire,promote,,duo,Gladiator,88,4,9,8,1,8.50,16,0,1,0.00,0.50,989,800
481730049746141195,rdjsp,unmanaged-legacy,Pleb,,Gladiator,promote,,duel,Legion,28,7,9,9,0,9.00,10,1,3,1.00,2.50,1414,1245
382437260370378752,Syn,unmanaged-legacy,Pleb,,,leave-unmanaged,,duel,Legion,54,2,9,6,3,7.50,20,0,1,0.00,0.25,1127,936
413320326080888842,WA$$€R$CHLANG€,unmanaged-legacy,Squire,Squire,Squire,keep,,duo,Squire,250,1,9,8,1,8.50,30,0,1,0.00,0.33,878,673
1125372589179678771,YLS,unmanaged-legacy,Squire,Squire,Squire,keep,,duel,Squire,295,1,9,7,2,8.00,20,0,0,0.00,0.00,805,616
551445208664113177,𓆩Turasich𓆪,unmanaged-legacy,Squire,Squire,Pleb,demote,,duel,Squire,308,3,9,7,2,8.00,23,0,0,0.00,0.00,755,583
514866952758362115,514866952758362115,unmanaged-legacy,Pleb,,,leave-unmanaged,,squad,Squire,272,8,8,1,7,4.50,17,0,1,0.00,0.17,926,713
255927450175930368,Amaterasu,unmanaged-legacy,Pleb,,,leave-unmanaged,,duel,Legion,35,5,8,6,2,7.00,10,1,2,1.00,1.25,1196,1024
165798363348992000,Creatman,unmanaged-legacy,Pleb,,,leave-unmanaged,,duo,Legion,45,8,8,6,2,7.00,16,0,1,0.00,0.50,1226,1034
1016858331182284961,eaglewarrrior,unmanaged-legacy,Pleb,,,leave-unmanaged,,squad,Gladiator,113,2,8,0,8,4.00,17,0,2,0.00,0.50,1106,897
706100733581328445,Eden,unmanaged-legacy,Pleb,,Squire,promote,,duel,Squire,183,3,8,8,0,8.00,12,0,0,0.00,0.00,845,663
185077660018278400,Kazandar,unmanaged-legacy,Gladiator,Gladiator,,leave-unmanaged,,duo,Gladiator,206,5,8,6,2,7.00,12,0,1,0.00,0.50,877,687
411965897927032842,LoyalClone,unmanaged-legacy,Pleb,,,leave-unmanaged,,squad,Legion,25,4,8,6,2,7.00,17,1,2,0.25,0.50,1075,873
604054546838192139,morphues,unmanaged-legacy,Pleb,,,leave-unmanaged,,squad,Legion,46,5,8,7,1,7.50,19,0,1,0.00,0.20,1295,1098
623149045942321172,Shaturyanin,unmanaged-legacy,Pleb,,,leave-unmanaged,,duo,Squire,248,6,8,3,5,5.50,18,0,0,0.00,0.00,838,635
487997041918869514,shedinjjja,unmanaged-legacy,Pleb,,,leave-unmanaged,,squad,Gladiator,161,3,8,4,4,6.00,18,0,1,0.00,0.25,973,770
341575208773222402,Spylke,unmanaged-legacy,Pleb,,Gladiator,promote,,duo,Legion,69,3,8,8,0,8.00,22,1,4,0.25,1.33,1117,916
595317841235017728,tirem6983,unmanaged-legacy,Pleb,,,leave-unmanaged,,duel,Gladiator,116,8,8,7,1,7.50,5,0,1,0.00,1.00,1072,888
1129100346371870770,TMKderzweite,unmanaged-legacy,Pleb,,,leave-unmanaged,,squad,Gladiator,94,7,8,7,1,7.50,23,2,2,0.45,0.45,956,752
197029527572971520,Tobi,unmanaged-legacy,Pleb,,Gladiator,promote,,squad,Legion,33,8,8,8,0,8.00,25,1,3,0.25,0.75,1171,968
296669953031929856,り,unmanaged-legacy,Pleb,,Squire,promote,,squad,Legion,49,4,8,8,0,8.00,19,0,0,0.00,0.00,1089,892
571350884718739486,bex__x,unmanaged-legacy,Pleb,,,leave-unmanaged,,duel,Legion,19,4,7,6,1,6.50,11,0,0,0.00,0.00,1236,1048
211925254912606208,Crobang,unmanaged-legacy,Pleb,,,leave-unmanaged,,duel,Squire,330,7,7,1,6,4.00,6,0,0,0.00,0.00,790,589
755939567453863946,DreamVoltage,unmanaged-legacy,Pleb,,,leave-unmanaged,,squad,Squire,299,1,7,4,3,5.50,9,0,0,0.00,0.00,810,623
635602675454574602,Fuffy,unmanaged-legacy,Pleb,,,leave-unmanaged,,duel,Legion,33,2,7,7,0,7.00,17,0,0,0.00,0.00,1060,869
286582615681662976,Gwernaroth,unmanaged-legacy,Pleb,,,leave-unmanaged,,duel,Squire,250,1,7,2,5,4.50,12,0,1,0.00,0.17,819,610
817813844470005781,ibragim8580,unmanaged-legacy,Pleb,,,leave-unmanaged,,duel,Squire,211,1,7,0,7,3.50,12,1,1,0.25,0.25,875,665
887265193594327061,Inversor007,calibrating,,,,no-op,,duo,Squire,353,1,7,7,0,7.00,8,0,0,0.00,0.00,693,511
390180742014959628,JazzyJazz,unmanaged-legacy,Pleb,,,leave-unmanaged,,duo,Legion,75,2,7,7,0,7.00,9,0,2,0.00,1.00,1115,935
424175208493088769,Just_Dima,unmanaged-legacy,Pleb,,,leave-unmanaged,,duo,Gladiator,124,6,7,6,1,6.50,11,1,1,0.25,0.25,1015,816
164218847975571456,muk,unmanaged-legacy,Pleb,,,leave-unmanaged,,duo,Gladiator,86,5,7,7,0,7.00,16,0,2,0.00,0.75,1139,939
241698663070433280,Noob634,unmanaged-legacy,Pleb,,,leave-unmanaged,,squad,Legion,48,6,7,7,0,7.00,25,2,5,0.50,1.50,1315,1114
515971035384774710,Philia,unmanaged-legacy,Squire,Squire,,leave-unmanaged,,duo,Gladiator,128,1,7,6,1,6.50,15,0,1,0.00,0.25,1079,875
691676320605929646,Ping,unmanaged-legacy,Pleb,,,leave-unmanaged,,duo,Legion,65,6,7,4,3,5.50,13,0,0,0.00,0.00,1109,910
562124913838784536,TheSummmerPhoenix,unmanaged-legacy,Pleb,,,leave-unmanaged,,duo,Gladiator,115,3,7,7,0,7.00,11,0,0,0.00,0.00,872,679
317523066043236355,Ty2062,unmanaged-legacy,Pleb,,,leave-unmanaged,,duel,Gladiator,112,2,7,7,0,7.00,14,0,1,0.00,0.20,997,808
1419026605283610664,Tyler Durden,unmanaged-legacy,Squire,Squire,,leave-unmanaged,,squad,Legion,15,5,7,7,0,7.00,21,1,1,0.25,0.25,1215,1012
430384891776073768,vladiscout,unmanaged-legacy,Pleb,,,leave-unmanaged,,squad,Gladiator,154,1,7,3,4,5.00,15,0,0,0.00,0.00,985,782
485771205383815171,yalovechina,unmanaged-legacy,Pleb,,,leave-unmanaged,,squad,Gladiator,165,1,7,4,3,5.50,13,0,0,0.00,0.00,944,740
529102288099213312,Yeti,unmanaged-legacy,Pleb,,,leave-unmanaged,,duel,Squire,265,6,7,4,3,5.50,3,0,0,0.00,0.00,836,648
664900996820107295,yodha,unmanaged-legacy,Gladiator,Gladiator,,leave-unmanaged,,duel,Gladiator,129,1,7,3,4,5.00,12,1,1,0.33,0.33,1123,915
494018303069650946,和尚,calibrating,,,,no-op,,squad,Gladiator,139,3,7,7,0,7.00,18,1,2,0.25,0.50,880,681
497819343137275934,➔Тварь макеевского родничка,unmanaged-legacy,Pleb,,,leave-unmanaged,,squad,Gladiator,70,6,6,5,1,5.50,23,1,3,0.17,0.58,1102,887
201984861353803776,🐒Monkey Style🐒,unmanaged-legacy,Pleb,,,leave-unmanaged,,duel,Squire,230,6,6,6,0,6.00,6,0,0,0.00,0.00,859,672
230022822842335232,0721,unmanaged-legacy,Pleb,,,leave-unmanaged,,squad,Squire,247,3,6,6,0,6.00,15,0,0,0.00,0.00,790,587
227153276322316288,43v3,unmanaged-legacy,Pleb,,,leave-unmanaged,,squad,Gladiator,140,2,6,1,5,3.50,11,1,1,0.33,0.33,920,710
711465643471274066,AgbarTheBarb,calibrating,,,,no-op,,duel,Squire,197,6,6,6,0,6.00,6,0,1,0.00,1.00,933,763
295967173099257856,Arepta,unmanaged-legacy,Pleb,,,leave-unmanaged,,duo,Gladiator,141,3,6,3,3,4.50,14,2,2,0.42,0.42,1025,816
325586496423854080,Arjenn,unmanaged-legacy,Gladiator,Gladiator,,leave-unmanaged,,duel,Legion,55,5,6,6,0,6.00,10,0,0,0.00,0.00,1186,1014
573958418478661632,BeerMeneer12,unmanaged-legacy,Squire,Squire,,leave-unmanaged,,duo,Gladiator,123,1,6,6,0,6.00,13,1,1,0.25,0.25,972,767
258673242967900160,CaptainMorgan,unmanaged-legacy,Pleb,,,leave-unmanaged,,duo,Squire,308,3,6,6,0,6.00,14,0,0,0.00,0.00,899,692
351104930851061790,CelerYi,unmanaged-legacy,Pleb,,,leave-unmanaged,,duel,Squire,227,6,6,1,5,3.50,4,0,0,0.00,0.00,934,740
543290041057935370,dark,unmanaged-legacy,Pleb,,,leave-unmanaged,,squad,Pleb,448,6,6,6,0,6.00,16,0,0,0.00,0.00,718,511
449841530568704001,devilfoxred,unmanaged-legacy,Pleb,,,leave-unmanaged,,duo,Legion,61,5,6,3,3,4.50,13,0,0,0.00,0.00,1153,948
414772772795842560,Eins Zwei,unmanaged-legacy,Pleb,,,leave-unmanaged,,squad,Gladiator,149,2,6,5,1,5.50,12,0,0,0.00,0.00,989,789
409280636818292736,killayad,unmanaged-legacy,Pleb,,,leave-unmanaged,,duel,Gladiator,114,1,6,3,3,4.50,12,0,0,0.00,0.00,985,782
719863206641795104,MessiMate,unmanaged-legacy,Pleb,,,leave-unmanaged,,duel,Squire,305,5,6,6,0,6.00,7,0,0,0.00,0.00,776,587
419214561980448778,Pingo,unmanaged-legacy,Pleb,,,leave-unmanaged,,duel,Pleb,340,6,6,6,0,6.00,5,0,0,0.00,0.00,772,591
269095256077762560,SkiiZz,unmanaged-legacy,Pleb,,,leave-unmanaged,,squad,Gladiator,163,1,6,3,3,4.50,10,0,1,0.00,0.17,922,721
690262791247888422,theaxe07,unmanaged-legacy,Pleb,,,leave-unmanaged,,duel,Gladiator,154,5,6,3,3,4.50,3,0,0,0.00,0.00,959,765
400096696257740811,toninhoinocente,unmanaged-legacy,Pleb,,,leave-unmanaged,,duel,Legion,50,2,6,6,0,6.00,11,0,0,0.00,0.00,1106,908
830139926385131581,Toothbias,unmanaged-legacy,Pleb,,,leave-unmanaged,,squad,Squire,208,6,6,6,0,6.00,26,0,2,0.00,0.37,1001,789
340680969411362828,veinho,unmanaged-legacy,Pleb,,,leave-unmanaged,,duo,Squire,419,2,6,3,3,4.50,7,0,0,0.00,0.00,719,525
490502319536865284,Σαμσίλειος Β',unmanaged-legacy,Pleb,,,leave-unmanaged,,squad,Gladiator,142,2,6,6,0,6.00,13,0,0,0.00,0.00,979,777
209530550233333770,! I was never here,unmanaged-legacy,Squire,Squire,,leave-unmanaged,,squad,Legion,34,5,5,5,0,5.00,14,0,1,0.00,0.25,1146,935
277107529236873216,277107529236873216,unmanaged-legacy,Pleb,,,leave-unmanaged,,duo,Gladiator,218,5,5,1,4,3.00,10,0,0,0.00,0.00,986,775
301694398507384832,301694398507384832,unmanaged-legacy,Pleb,,,leave-unmanaged,,duo,Squire,271,1,5,3,2,4.00,13,0,0,0.00,0.00,797,584
216942070823256065,almog,unmanaged-legacy,Squire,Squire,,leave-unmanaged,,squad,Pleb,419,5,5,5,0,5.00,18,1,1,0.25,0.25,889,676
194049495720394752,Apeul,unmanaged-legacy,Pleb,,,leave-unmanaged,,squad,Gladiator,162,5,5,2,3,3.50,10,1,1,0.17,0.17,1053,838
203892647188889600,Armstrong,unmanaged-legacy,Pleb,,,leave-unmanaged,,squad,Gladiator,86,4,5,4,1,4.50,17,0,2,0.00,0.33,1005,795
862716871324467230,assasinkings,unmanaged-legacy,Pleb,,,leave-unmanaged,,duo,Gladiator,204,2,5,0,5,2.50,10,0,1,0.00,0.25,900,688
203168191889801217,Astordor,unmanaged-legacy,Pleb,,,leave-unmanaged,,duel,Squire,200,1,5,3,2,4.00,12,0,0,0.00,0.00,898,689
538798922559258634,BiBerholz,unmanaged-legacy,Pleb,,,leave-unmanaged,,duel,Squire,309,5,5,5,0,5.00,4,0,0,0.00,0.00,821,630
756154089729163277,Connavar,unmanaged-legacy,Pleb,,,leave-unmanaged,,duo,Gladiator,133,1,5,5,0,5.00,6,0,0,0.00,0.00,992,807
252720291590045698,Derios227,unmanaged-legacy,Legion,Legion,,leave-unmanaged,,duo,Gladiator,93,2,5,4,1,4.50,8,1,2,1.00,1.25,1207,1014
442607711725682688,ffrusik,unmanaged-legacy,Pleb,,,leave-unmanaged,,duel,Pleb,345,5,5,5,0,5.00,1,0,0,0.00,0.00,748,550
1259198944836325399,Fura With Rofls,unmanaged-legacy,Pleb,,,leave-unmanaged,,ffa,Squire,28,1,5,5,0,5.00,14,0,0,0.00,0.00,774,573
234685865757114368,haleyk10198,unmanaged-legacy,Pleb,,,leave-unmanaged,,duel,Gladiator,59,5,5,5,0,5.00,3,0,0,0.00,0.00,1102,914
271666125450903553,hogge,unmanaged-legacy,Squire,Squire,,leave-unmanaged,,duel,Gladiator,102,1,5,1,4,3.00,10,0,1,0.00,0.17,1036,828
637346638440169475,LynnIVX,unmanaged-legacy,Pleb,,,leave-unmanaged,,duel,Gladiator,80,5,5,5,0,5.00,4,0,0,0.00,0.00,1106,919
652800467860193281,malko,unmanaged-legacy,Pleb,,,leave-unmanaged,,duo,Legion,47,5,5,5,0,5.00,8,1,1,0.50,0.50,1227,1026
1003110201945227294,merong,unmanaged-legacy,Squire,Squire,,leave-unmanaged,,squad,Squire,238,2,5,4,1,4.50,12,0,0,0.00,0.00,825,618
179524903299448832,Moumoulax,unmanaged-legacy,Gladiator,Gladiator,,leave-unmanaged,,duel,Gladiator,82,1,5,2,3,3.50,10,0,1,0.00,0.17,1042,834
580390849276411924,Mr.Banan,unmanaged-legacy,Pleb,,,leave-unmanaged,,duo,Squire,237,1,5,1,4,3.00,14,0,0,0.00,0.00,835,620
249535148054282241,NefeLiM,unmanaged-legacy,Pleb,,,leave-unmanaged,,duo,Legion,66,2,5,5,0,5.00,16,0,0,0.00,0.00,1057,844
427846602783326220,Neroid,unmanaged-legacy,Pleb,,,leave-unmanaged,,duel,Pleb,367,5,5,5,0,5.00,3,0,0,0.00,0.00,406,230
414099644377858058,PEREN,unmanaged-legacy,Pleb,,,leave-unmanaged,,duel,Pleb,351,5,5,5,0,5.00,5,0,0,0.00,0.00,695,509
1284574549458944020,psycho,unmanaged-legacy,Squire,Squire,,leave-unmanaged,,squad,Gladiator,146,4,5,4,1,4.50,14,0,0,0.00,0.00,908,700
477367473297948673,RealManLoveThighs,unmanaged-legacy,Pleb,,,leave-unmanaged,,squad,Pleb,434,5,5,5,0,5.00,21,0,0,0.00,0.00,797,582
287927211934220289,Sandro,unmanaged-legacy,Elite,Elite,,leave-unmanaged,,squad,Gladiator,119,3,5,5,0,5.00,17,0,1,0.00,0.20,1171,962
146167106939912192,SarlaccDaMush,unmanaged-legacy,Pleb,,,leave-unmanaged,,duo,Pleb,505,5,5,5,0,5.00,9,0,0,0.00,0.00,732,529
356917542633340941,Simon,unmanaged-legacy,Pleb,,,leave-unmanaged,,duel,Gladiator,165,3,5,3,2,4.00,7,0,0,0.00,0.00,860,662
464992703797657601,Suede Civ 3,unmanaged-legacy,Pleb,,,leave-unmanaged,,duel,Gladiator,147,3,5,4,1,4.50,6,0,0,0.00,0.00,970,770
186498084795187201,Tyke,unmanaged-legacy,Pleb,,,leave-unmanaged,,duo,Gladiator,220,2,5,4,1,4.50,8,0,0,0.00,0.00,851,645
399999258004291595,Unknown,unmanaged-legacy,Pleb,,,leave-unmanaged,,squad,Gladiator,106,2,5,0,5,2.50,10,1,4,0.50,1.00,1110,897
1352654613794259075,vasvas,unmanaged-legacy,Pleb,,,leave-unmanaged,,squad,Gladiator,164,1,5,4,1,4.50,9,0,0,0.00,0.00,994,787
916702678992695306,[QR] DedObed( Коля),unmanaged-legacy,Pleb,,,leave-unmanaged,,duel,Squire,303,4,4,4,0,4.00,1,0,0,0.00,0.00,834,630
539038452776435724,539038452776435724,unmanaged-legacy,Squire,Squire,,leave-unmanaged,,squad,Squire,324,4,4,2,2,3.00,13,0,0,0.00,0.00,887,669
540222688116080652,540222688116080652,unmanaged-legacy,Pleb,,,leave-unmanaged,,duo,Squire,304,4,4,1,3,2.50,6,0,0,0.00,0.00,949,736
970111867966091264,970111867966091264,unmanaged-legacy,Pleb,,,leave-unmanaged,,squad,Gladiator,201,2,4,0,4,2.00,10,0,0,0.00,0.00,1016,799
155347639624269825,Aatrocy,unmanaged-legacy,Pleb,,,leave-unmanaged,,duo,Squire,245,4,4,4,0,4.00,8,0,0,0.00,0.00,942,736
261883154095144960,adrydry,unmanaged-legacy,Pleb,,,leave-unmanaged,,duel,Squire,326,4,4,1,3,2.50,1,0,0,0.00,0.00,801,597
321900626600525825,Agma,unmanaged-legacy,Pleb,,,leave-unmanaged,,duel,Squire,260,1,4,4,0,4.00,11,0,0,0.00,0.00,762,561
539804763412496384,alfasomets,unmanaged-legacy,Gladiator,Gladiator,,leave-unmanaged,,duo,Gladiator,211,2,4,0,4,2.00,5,0,0,0.00,0.00,904,692
771814275060334612,Axeo,unmanaged-legacy,Pleb,,,leave-unmanaged,,duel,Gladiator,84,1,4,4,0,4.00,6,0,0,0.00,0.00,958,748
898753004839268414,Bigfish,unmanaged-legacy,Pleb,,,leave-unmanaged,,duel,Squire,186,3,4,4,0,4.00,5,0,0,0.00,0.00,933,735
836137507178414091,bigga_witha_skinny,unmanaged-legacy,Pleb,,,leave-unmanaged,,duo,Gladiator,179,2,4,4,0,4.00,8,0,0,0.00,0.00,981,769
273573993972236290,BoozyB,unmanaged-legacy,Pleb,,,leave-unmanaged,,squad,Gladiator,100,1,4,3,1,3.50,6,1,1,0.33,0.33,981,771
689474250377134092,buffetfacade16,unmanaged-legacy,Pleb,,,leave-unmanaged,,duel,Squire,278,4,4,0,4,2.00,3,0,0,0.00,0.00,876,663
377404982464348162,Chaka l'endormi,unmanaged-legacy,Pleb,,,leave-unmanaged,,duel,Gladiator,93,4,4,3,1,3.50,4,0,0,0.00,0.00,1065,873
771788297998958655,Dallas International Airport,unmanaged-legacy,Squire,Squire,,leave-unmanaged,,squad,Legion,31,3,4,4,0,4.00,11,0,0,0.00,0.00,1032,824
241981163608997889,Daniel,unmanaged-legacy,Pleb,,,leave-unmanaged,,squad,Squire,389,4,4,4,0,4.00,18,0,0,0.00,0.00,910,694
1386108572949286983,Darius,unmanaged-legacy,Pleb,,,leave-unmanaged,,squad,Gladiator,199,2,4,4,0,4.00,7,0,1,0.00,0.33,914,705
290208424480997376,dumplingnoob,unmanaged-legacy,Pleb,,,leave-unmanaged,,duo,Squire,386,4,4,4,0,4.00,8,0,0,0.00,0.00,909,702
312004891662876672,Guenther,unmanaged-legacy,Pleb,,,leave-unmanaged,,duo,Pleb,498,4,4,4,0,4.00,8,0,0,0.00,0.00,819,608
300377014760767498,Hagendorf,unmanaged-legacy,Pleb,,,leave-unmanaged,,duo,Squire,396,4,4,4,0,4.00,8,0,0,0.00,0.00,920,718
353540247818207232,Handy,unmanaged-legacy,Pleb,,,leave-unmanaged,,duel,Gladiator,156,3,4,2,2,3.00,8,0,0,0.00,0.00,981,778
132534241534672896,hiiklaas,unmanaged-legacy,Pleb,,,leave-unmanaged,,duel,Gladiator,68,3,4,4,0,4.00,6,0,0,0.00,0.00,1071,872
365365839542616064,Hjalte,unmanaged-legacy,Pleb,,,leave-unmanaged,,duel,Gladiator,61,1,4,4,0,4.00,9,0,0,0.00,0.00,984,783
1111809038716502028,hooge,unmanaged-legacy,Pleb,,,leave-unmanaged,,duel,Pleb,356,4,4,4,0,4.00,4,0,0,0.00,0.00,680,490
710107901510942760,kalle832,unmanaged-legacy,Legion,Legion,,leave-unmanaged,,duel,Gladiator,123,1,4,1,3,2.50,10,0,0,0.00,0.00,941,726
144464944723656705,lil_lucker,unmanaged-legacy,Squire,Squire,,leave-unmanaged,,duo,Squire,229,4,4,2,2,3.00,7,0,0,0.00,0.00,1005,791
822455887179284501,Loïc,unmanaged-legacy,Pleb,,,leave-unmanaged,,duo,Gladiator,96,3,4,4,0,4.00,9,0,1,0.00,0.33,1118,910
339044242884395009,Mars-Mafier,unmanaged-legacy,Pleb,,,leave-unmanaged,,duo,Gladiator,166,2,4,4,0,4.00,10,1,1,0.25,0.25,1008,808
429662320722051086,MataGeo,unmanaged-legacy,Pleb,,,leave-unmanaged,,duo,Squire,387,4,4,4,0,4.00,8,0,0,0.00,0.00,909,702
190115212022513664,McBeton,unmanaged-legacy,Pleb,,,leave-unmanaged,,duel,Squire,247,2,4,4,0,4.00,6,0,0,0.00,0.00,759,558
1495225912407625859,mp13s,unmanaged-legacy,Pleb,,,leave-unmanaged,,squad,Gladiator,96,1,4,4,0,4.00,8,0,0,0.00,0.00,898,691
520094157314719744,Nemesis,unmanaged-legacy,Pleb,,,leave-unmanaged,,squad,Gladiator,172,3,4,4,0,4.00,9,0,1,0.00,0.33,912,699
811058113972011029,nicholasjeffery,unmanaged-legacy,Pleb,,,leave-unmanaged,,ffa,Gladiator,11,1,4,4,0,4.00,10,0,0,0.00,0.00,709,528
601460125324279816,nightshade2504,unmanaged-legacy,Pleb,,,leave-unmanaged,,duo,Gladiator,178,2,4,0,4,2.00,3,0,0,0.00,0.00,937,724
510090014009589761,notarle,calibrating,,,,no-op,,duel,Gladiator,83,1,4,4,0,4.00,5,0,1,0.00,0.33,1082,875
136568577569325058,Nyph,unmanaged-legacy,Squire,Squire,,leave-unmanaged,,squad,Squire,318,1,4,4,0,4.00,9,0,0,0.00,0.00,911,701
1276819473197961264,Over,unmanaged-legacy,Pleb,,,leave-unmanaged,,duo,Legion,71,2,4,4,0,4.00,8,0,0,0.00,0.00,1009,810
476001992909651989,Passiontruite,unmanaged-legacy,Pleb,,,leave-unmanaged,,duel,Gladiator,118,2,4,3,1,3.50,6,0,0,0.00,0.00,972,768
670347318905536532,Pory21,unmanaged-legacy,Pleb,,,leave-unmanaged,,duel,Squire,252,1,4,4,0,4.00,6,0,0,0.00,0.00,763,552
376391932705767424,Pyke,unmanaged-legacy,Squire,Squire,,leave-unmanaged,,squad,Legion,37,4,4,3,1,3.50,14,0,1,0.00,0.25,1151,935
445598406409322496,rlnnn,unmanaged-legacy,Pleb,,,leave-unmanaged,,duel,Gladiator,73,4,4,0,4,2.00,1,0,0,0.00,0.00,1110,897
469638738184634368,saneok,unmanaged-legacy,Gladiator,Gladiator,,leave-unmanaged,,duel,Squire,169,4,4,1,3,2.50,4,0,0,0.00,0.00,988,791
890480283617484830,Sh1reks,unmanaged-legacy,Pleb,,,leave-unmanaged,,duel,Gladiator,95,1,4,4,0,4.00,8,0,0,0.00,0.00,964,759
390621742474854401,Speed of sound Sullivan,unmanaged-legacy,Pleb,,,leave-unmanaged,,duel,Squire,218,1,4,2,2,3.00,7,0,0,0.00,0.00,842,631
697020965653184514,SunyFlower,unmanaged-legacy,Pleb,,,leave-unmanaged,,duel,Squire,329,4,4,4,0,4.00,1,0,0,0.00,0.00,778,578
424412489476866049,Tuneschkeeee,unmanaged-legacy,Pleb,,,leave-unmanaged,,duo,Squire,405,1,4,4,0,4.00,5,0,0,0.00,0.00,712,517
613068259293528064,U.D.A.V.,unmanaged-legacy,Pleb,,,leave-unmanaged,,ffa,Pleb,36,1,4,4,0,4.00,13,0,0,0.00,0.00,823,614
511189875479937059,VTh,unmanaged-legacy,Squire,Squire,,leave-unmanaged,,squad,Gladiator,91,1,4,3,1,3.50,9,0,1,0.00,0.25,1051,840
293476210699141120,Youngbuck,unmanaged-legacy,Pleb,,,leave-unmanaged,,squad,Squire,390,4,4,4,0,4.00,18,0,0,0.00,0.00,910,694
440452302206271498,Аким,unmanaged-legacy,Pleb,,,leave-unmanaged,,ffa,Squire,21,1,4,4,0,4.00,13,0,0,0.00,0.00,941,735
432145891663544330,пум пум пум...,unmanaged-legacy,Pleb,,,leave-unmanaged,,duel,Gladiator,151,2,4,0,4,2.00,5,0,0,0.00,0.00,953,739
405488338099896331,丰ireael,unmanaged-legacy,Squire,Squire,,leave-unmanaged,,squad,Gladiator,152,4,4,4,0,4.00,15,1,1,0.33,0.33,1039,828
1007705241577340984,1007705241577340984,unmanaged-legacy,Pleb,,,leave-unmanaged,,squad,Squire,250,3,3,0,3,1.50,5,1,1,0.17,0.17,975,755
1099392392051839028,1099392392051839028,unmanaged-legacy,Pleb,,,leave-unmanaged,,duo,Gladiator,170,1,3,0,3,1.50,8,0,1,0.00,0.17,1025,806
276390577082335232,276390577082335232,unmanaged-legacy,Pleb,,,leave-unmanaged,,duo,Squire,413,3,3,0,3,1.50,4,0,0,0.00,0.00,899,680
318466857407479809,318466857407479809,unmanaged-legacy,Pleb,,,leave-unmanaged,,squad,Squire,269,1,3,0,3,1.50,6,0,0,0.00,0.00,938,717
400626149644042240,400626149644042240,unmanaged-legacy,Squire,Squire,,leave-unmanaged,,squad,Gladiator,141,3,3,2,1,2.50,10,0,1,0.00,0.33,1023,806
687677194688004228,687677194688004228,unmanaged-legacy,Pleb,,,leave-unmanaged,,squad,Squire,262,1,3,0,3,1.50,5,0,0,0.00,0.00,930,709
460664992782483457,Ben Jammin,unmanaged-legacy,Pleb,,,leave-unmanaged,,duel,Squire,251,1,3,3,0,3.00,3,0,0,0.00,0.00,835,624
211178652065464322,BlackPouPy,unmanaged-legacy,Pleb,,,leave-unmanaged,,duel,Squire,216,1,3,1,2,2.00,5,0,0,0.00,0.00,889,680
958428813203746908,Bloedbert I.,calibrating,,,,no-op,,duel,Pleb,343,3,3,3,0,3.00,3,0,0,0.00,0.00,742,546
299656800205012993,Canard Cossu,unmanaged-legacy,Pleb,,,leave-unmanaged,,duo,Squire,457,3,3,3,0,3.00,4,0,1,0.00,0.50,888,682
335444577647460352,Cuckoo,unmanaged-legacy,Pleb,,,leave-unmanaged,,duo,Gladiator,117,1,3,3,0,3.00,8,0,1,0.00,0.50,1080,869
759887838816501831,El Don,unmanaged-legacy,Pleb,,,leave-unmanaged,,squad,Squire,358,1,3,3,0,3.00,8,0,0,0.00,0.00,776,567
396349177506037761,enr0,unmanaged-legacy,Pleb,,,leave-unmanaged,,duel,Squire,235,2,3,2,1,2.50,6,0,0,0.00,0.00,866,660
1216767581403349073,Finarfin,unmanaged-legacy,Pleb,,,leave-unmanaged,,duel,Squire,307,3,3,2,1,2.50,3,0,0,0.00,0.00,814,609
408632231641219072,Greed,unmanaged-legacy,Pleb,,,leave-unmanaged,,duel,Gladiator,133,3,3,3,0,3.00,3,0,0,0.00,0.00,1037,838
902584945015418891,Hanfmann,unmanaged-legacy,Squire,Squire,,leave-unmanaged,,duo,Squire,441,3,3,3,0,3.00,6,0,0,0.00,0.00,870,663
588337394416091137,iCaesar,unmanaged-legacy,Pleb,,,leave-unmanaged,,squad,Gladiator,204,2,3,3,0,3.00,12,0,0,0.00,0.00,934,719
123915173273534464,Jack The Ripper,unmanaged-legacy,Pleb,,,leave-unmanaged,,squad,Squire,248,3,3,3,0,3.00,8,0,0,0.00,0.00,1027,807
218802135632969728,Joce0six,unmanaged-legacy,Pleb,,,leave-unmanaged,,squad,Gladiator,145,3,3,2,1,2.50,7,1,1,0.17,0.17,1041,825
360049249481654284,Johannes,unmanaged-legacy,Pleb,,,leave-unmanaged,,squad,Squire,394,3,3,3,0,3.00,9,0,0,0.00,0.00,928,708
672860459359141908,Keyrun22,unmanaged-legacy,Pleb,,,leave-unmanaged,,ffa,Gladiator,15,1,3,3,0,3.00,10,0,0,0.00,0.00,995,789
263540075986419713,Kiki,unmanaged-legacy,Pleb,,,leave-unmanaged,,duo,Gladiator,134,1,3,2,1,2.50,8,0,0,0.00,0.00,1062,847
139409908188708864,Kikk,unmanaged-legacy,Pleb,,,leave-unmanaged,,duel,Squire,320,2,3,3,0,3.00,4,0,0,0.00,0.00,714,516
693847967584616450,L'Oiseau des Abysses,unmanaged-legacy,Pleb,,,leave-unmanaged,,duel,Gladiator,90,3,3,1,2,2.00,1,0,0,0.00,0.00,1092,883
363800574258577408,lordazeth,unmanaged-legacy,Pleb,,,leave-unmanaged,,duo,Gladiator,102,3,3,0,3,1.50,5,0,2,0.00,0.50,1098,880
1013896791579693197,Lucas,unmanaged-legacy,Legion,Legion,,leave-unmanaged,,duel,Squire,168,2,3,2,1,2.50,4,0,0,0.00,0.00,891,681
827248113718788167,Marciello_00,unmanaged-legacy,Pleb,,,leave-unmanaged,,duo,Gladiator,228,2,3,3,0,3.00,5,0,0,0.00,0.00,872,670
982310029782839387,Merlin,unmanaged-legacy,Pleb,,,leave-unmanaged,,squad,Squire,221,1,3,3,0,3.00,10,0,0,0.00,0.00,902,685
228308766167138304,MoMo,unmanaged-legacy,Pleb,,,leave-unmanaged,,squad,Squire,260,3,3,1,2,2.00,4,0,2,0.00,0.33,1001,784
577244574326456331,novafish21,unmanaged-legacy,Pleb,,,leave-unmanaged,,duel,Squire,299,3,3,0,3,1.50,2,0,0,0.00,0.00,851,639
194817413374672897,Orijhin [Fabi],unmanaged-legacy,Pleb,,,leave-unmanaged,,squad,Gladiator,109,3,3,3,0,3.00,13,0,0,0.00,0.00,1074,856
860361965641400330,penguin,unmanaged-legacy,Pleb,,,leave-unmanaged,,squad,Gladiator,73,2,3,3,0,3.00,8,0,0,0.00,0.00,1052,839
425078743695097877,piss supreme,unmanaged-legacy,Pleb,,,leave-unmanaged,,duo,Pleb,484,3,3,3,0,3.00,6,0,0,0.00,0.00,760,554
196623438079590401,Priest_of_None,unmanaged-legacy,Pleb,,,leave-unmanaged,,duo,Squire,447,3,3,3,0,3.00,6,0,0,0.00,0.00,906,699
133575303095123968,propigandhi,unmanaged-legacy,Legion,Legion,,leave-unmanaged,,duel,Squire,205,1,3,2,1,2.50,8,0,1,0.00,0.25,988,771
911530454891524137,retasu,unmanaged-legacy,Pleb,,,leave-unmanaged,,squad,Squire,364,1,3,3,0,3.00,7,0,0,0.00,0.00,884,669
131853520340123649,Shnarf,unmanaged-legacy,Pleb,,,leave-unmanaged,,squad,Squire,335,2,3,1,2,2.00,8,0,0,0.00,0.00,872,658
185140252740943873,Skarn,unmanaged-legacy,Pleb,,,leave-unmanaged,,duel,Gladiator,134,1,3,2,1,2.50,5,0,0,0.00,0.00,935,725
329735996247900160,Skydiv3r,unmanaged-legacy,Pleb,,,leave-unmanaged,,squad,Gladiator,116,1,3,3,0,3.00,6,0,1,0.00,0.25,967,753
214525644845875202,Spartiate,unmanaged-legacy,Pleb,,,leave-unmanaged,,squad,Squire,231,2,3,2,1,2.50,8,0,0,0.00,0.00,951,730
535033965397016577,sq,calibrating,,,,no-op,,squad,Squire,226,3,3,3,0,3.00,11,1,1,0.25,0.25,947,734
295679554196996097,triplexfour,unmanaged-legacy,Gladiator,Gladiator,,leave-unmanaged,,duel,Gladiator,139,1,3,0,3,1.50,5,0,0,0.00,0.00,1043,827
689752448105054218,yaroslavstolyarov,unmanaged-legacy,Pleb,,,leave-unmanaged,,duo,Squire,421,3,3,0,3,1.50,4,0,0,0.00,0.00,886,668
123153300383203329,YuberCrypt,unmanaged-legacy,Pleb,,,leave-unmanaged,,duo,Squire,390,3,3,3,0,3.00,6,0,0,0.00,0.00,911,703
1405663295410536458,zazatheconquerer,unmanaged-legacy,Gladiator,Gladiator,,leave-unmanaged,,duel,Gladiator,124,1,3,1,2,2.00,6,0,0,0.00,0.00,991,776
264317358670217216,zdargore,unmanaged-legacy,Squire,Squire,,leave-unmanaged,,duel,Gladiator,105,2,3,2,1,2.50,5,0,0,0.00,0.00,1065,860
263300012530728960,ZHippO,unmanaged-legacy,Pleb,,,leave-unmanaged,,duo,Gladiator,140,2,3,2,1,2.50,7,0,1,0.00,0.25,965,750
693166496188203048,Αρκτεμισ,unmanaged-legacy,Pleb,,,leave-unmanaged,,duel,Squire,242,3,3,1,2,2.00,1,0,0,0.00,0.00,908,699
380799408486481921,_victor_,unmanaged-legacy,Pleb,,,leave-unmanaged,,duel,Pleb,335,2,2,2,0,2.00,2,0,0,0.00,0.00,770,569
907310002405015573,[SS]Invictvs,unmanaged-legacy,Pleb,,,leave-unmanaged,,squad,Squire,301,1,2,2,0,2.00,5,0,0,0.00,0.00,908,690
1228842868026904627,1228842868026904627,unmanaged-legacy,Pleb,,,leave-unmanaged,,squad,Gladiator,114,2,2,0,2,1.00,6,0,1,0.00,0.17,1046,823
130637505773961216,130637505773961216,unmanaged-legacy,Pleb,,,leave-unmanaged,,duo,Gladiator,151,2,2,0,2,1.00,4,0,0,0.00,0.00,1057,836
216755727501492226,216755727501492226,unmanaged-legacy,Squire,Squire,,leave-unmanaged,,ffa,Squire,19,1,2,1,1,1.50,9,0,0,0.00,0.00,959,740
299525686148857856,299525686148857856,unmanaged-legacy,Pleb,,,leave-unmanaged,,duo,Squire,329,2,2,0,2,1.00,2,0,0,0.00,0.00,926,706
389043636517470209,389043636517470209,unmanaged-legacy,Pleb,,,leave-unmanaged,,duo,Squire,307,2,2,0,2,1.00,4,0,0,0.00,0.00,950,728
426437428048429058,426437428048429058,unmanaged-legacy,Pleb,,,leave-unmanaged,,duo,Squire,381,2,2,1,1,1.50,4,0,0,0.00,0.00,918,699
546689159176388608,546689159176388608,unmanaged-legacy,Pleb,,,leave-unmanaged,,duo,Squire,252,1,2,1,1,1.50,5,0,0,0.00,0.00,941,721
262244450040807424,A Soviet Goat,unmanaged-legacy,Pleb,,,leave-unmanaged,,duo,Gladiator,90,2,2,2,0,2.00,4,0,0,0.00,0.00,1144,931
1285361593865080833,Alwaf,unmanaged-legacy,Pleb,,,leave-unmanaged,,squad,Gladiator,101,2,2,2,0,2.00,8,0,2,0.00,0.50,1056,834
457584851000754176,Anıl,unmanaged-legacy,Pleb,,,leave-unmanaged,,duo,Squire,285,1,2,2,0,2.00,5,0,0,0.00,0.00,922,703
260487700547633152,arachnophobia,unmanaged-legacy,Pleb,,,leave-unmanaged,,duo,Gladiator,105,2,2,2,0,2.00,4,0,0,0.00,0.00,1078,860
500694009753239552,Cactus-Juice-Enjoyer,unmanaged-legacy,Pleb,,,leave-unmanaged,,duel,Pleb,342,2,2,2,0,2.00,2,0,0,0.00,0.00,755,556
247016206685437963,Captain T,unmanaged-legacy,Squire,Squire,,leave-unmanaged,,squad,Gladiator,75,2,2,2,0,2.00,6,1,2,0.25,0.58,1094,874
312373191303757824,Crax_is_Bax,unmanaged-legacy,Pleb,,,leave-unmanaged,,duel,Gladiator,57,1,2,2,0,2.00,3,0,0,0.00,0.00,1200,997
1329853843332141077,Dan11K0,unmanaged-legacy,Pleb,,,leave-unmanaged,,duo,Squire,430,2,2,2,0,2.00,4,0,0,0.00,0.00,854,640
918066881565454369,DasKartoffel,unmanaged-legacy,Pleb,,,leave-unmanaged,,duel,Squire,268,1,2,2,0,2.00,3,0,0,0.00,0.00,837,630
291765910438674433,dlichtig,unmanaged-legacy,Pleb,,,leave-unmanaged,,squad,Squire,309,1,2,2,0,2.00,5,0,0,0.00,0.00,874,659
822141418343628842,Dr. Swag,calibrating,,,,no-op,,duel,Squire,192,2,2,2,0,2.00,2,0,0,0.00,0.00,941,734
561468417014497321,DropBear,calibrating,,,,no-op,,duo,Gladiator,138,1,2,2,0,2.00,5,0,0,0.00,0.00,1020,804
494587501843972117,eazyyyer,unmanaged-legacy,Pleb,,,leave-unmanaged,,duel,Squire,206,1,2,0,2,1.00,3,0,0,0.00,0.00,914,696
490506627078815774,g0shan9,unmanaged-legacy,Pleb,,,leave-unmanaged,,squad,Squire,218,2,2,2,0,2.00,9,0,1,0.00,0.25,1009,789
483231878271336453,Gugus,unmanaged-legacy,Pleb,,,leave-unmanaged,,duo,Squire,339,2,2,1,1,1.50,4,0,0,0.00,0.00,992,773
752887707935703141,Helgo,unmanaged-legacy,Pleb,,,leave-unmanaged,,duel,Squire,292,1,2,2,0,2.00,8,0,0,0.00,0.00,800,592
405979945387556864,Henri,unmanaged-legacy,Pleb,,,leave-unmanaged,,duo,Gladiator,156,1,2,2,0,2.00,7,1,1,0.50,0.50,1063,844
366821468325019650,IamUFO,unmanaged-legacy,Pleb,,,leave-unmanaged,,duo,Squire,369,2,2,2,0,2.00,4,0,0,0.00,0.00,938,719
369105580914114561,idontwannasleep,unmanaged-legacy,Pleb,,,leave-unmanaged,,duel,Squire,217,1,2,0,2,1.00,4,0,0,0.00,0.00,908,689
908164524396400700,incone2318297,unmanaged-legacy,Pleb,,,leave-unmanaged,,duo,Gladiator,116,2,2,0,2,1.00,4,2,2,0.50,0.50,1078,858
370950787725000705,janos,unmanaged-legacy,Pleb,,,leave-unmanaged,,duel,Pleb,338,2,2,2,0,2.00,2,0,0,0.00,0.00,776,569
209400437969911808,Johkis,unmanaged-legacy,Pleb,,,leave-unmanaged,,squad,Gladiator,136,1,2,2,0,2.00,5,0,0,0.00,0.00,887,678
458215985649025026,justice,unmanaged-legacy,Gladiator,Gladiator,,leave-unmanaged,,duo,Gladiator,182,2,2,2,0,2.00,4,0,0,0.00,0.00,962,747
229026860800016385,Kaique Fernandes,unmanaged-legacy,Pleb,,,leave-unmanaged,,duo,Gladiator,92,2,2,2,0,2.00,4,0,0,0.00,0.00,1081,863
585538323662241793,Kazu,unmanaged-legacy,Squire,Squire,,leave-unmanaged,,squad,Gladiator,76,2,2,2,0,2.00,6,1,2,0.25,0.58,1094,874
255668167387381760,lastsn0w,unmanaged-legacy,Pleb,,,leave-unmanaged,,duo,Gladiator,122,1,2,1,1,1.50,3,0,1,0.00,0.50,1026,811
1140833820220850307,Lime Splaticus,unmanaged-legacy,Pleb,,,leave-unmanaged,,squad,Squire,343,1,2,2,0,2.00,4,0,0,0.00,0.00,799,582
298709026328543233,MeDee,unmanaged-legacy,Pleb,,,leave-unmanaged,,duo,Squire,404,2,2,2,0,2.00,4,0,0,0.00,0.00,873,656
250744413448437760,Megas,unmanaged-legacy,Pleb,,,leave-unmanaged,,duel,Gladiator,107,1,2,2,0,2.00,4,0,0,0.00,0.00,1004,792
1044988212386476052,mk8103,unmanaged-legacy,Pleb,,,leave-unmanaged,,squad,Squire,239,2,2,2,0,2.00,6,0,0,0.00,0.00,954,734
335128062238654465,Moraes,unmanaged-legacy,Pleb,,,leave-unmanaged,,duo,Squire,265,2,2,2,0,2.00,4,0,0,0.00,0.00,971,756
638903779588309013,MrAgin73,unmanaged-legacy,Pleb,,,leave-unmanaged,,squad,Squire,331,1,2,2,0,2.00,5,0,0,0.00,0.00,865,650
235623539237978112,OrangeEmperor,unmanaged-legacy,Pleb,,,leave-unmanaged,,duo,Pleb,458,2,2,2,0,2.00,2,0,0,0.00,0.00,840,624
836025628158853212,Orval,calibrating,,,,no-op,,duo,Gladiator,143,1,2,2,0,2.00,5,0,0,0.00,0.00,1017,802
183920385891237889,Pebbleton,unmanaged-legacy,Pleb,,,leave-unmanaged,,squad,Gladiator,156,1,2,1,1,1.50,5,0,0,0.00,0.00,1014,794
282564088696143872,Phil Mahar,unmanaged-legacy,Pleb,,,leave-unmanaged,,duel,Squire,256,1,2,2,0,2.00,3,0,0,0.00,0.00,810,603
223164564571815937,Pinksockmaster,unmanaged-legacy,Pleb,,,leave-unmanaged,,squad,Squire,223,2,2,2,0,2.00,6,0,1,0.00,0.33,1005,788
692405545147039817,Polda,unmanaged-legacy,Pleb,,,leave-unmanaged,,duo,Pleb,459,2,2,2,0,2.00,4,0,0,0.00,0.00,822,609
99176615291932672,pontusbontus,unmanaged-legacy,Pleb,,,leave-unmanaged,,duel,Squire,171,2,2,0,2,1.00,2,0,0,0.00,0.00,986,769
1082535737876025474,QFENG,unmanaged-legacy,Pleb,,,leave-unmanaged,,squad,Gladiator,173,1,2,2,0,2.00,6,0,0,0.00,0.00,968,746
177761942176399360,Rage,unmanaged-legacy,Pleb,,,leave-unmanaged,,squad,Squire,344,2,2,2,0,2.00,7,0,0,0.00,0.00,941,720
746954161333207191,rln2449,calibrating,,,,no-op,,squad,Gladiator,72,2,2,2,0,2.00,6,0,0,0.00,0.00,1109,892
374071039124307968,Rodolwolf,unmanaged-legacy,Pleb,,,leave-unmanaged,,squad,Squire,312,1,2,2,0,2.00,5,0,0,0.00,0.00,872,655
235837349819318272,Rööx,unmanaged-legacy,Pleb,,,leave-unmanaged,,duel,Squire,316,2,2,2,0,2.00,2,0,0,0.00,0.00,817,614
1330592508367077489,sasou,unmanaged-legacy,Pleb,,,leave-unmanaged,,duel,Squire,180,1,2,1,1,1.50,3,0,0,0.00,0.00,940,721
267646272578519051,Seth,unmanaged-legacy,Pleb,,,leave-unmanaged,,duo,Gladiator,139,1,2,2,0,2.00,5,0,0,0.00,0.00,993,776
858521897720217600,siiic55,unmanaged-legacy,Pleb,,,leave-unmanaged,,duo,Squire,260,1,2,0,2,1.00,5,0,0,0.00,0.00,937,716
689890628586569767,Smog,calibrating,,,,no-op,,duel,Pleb,334,2,2,2,0,2.00,1,0,0,0.00,0.00,775,581
366498633870213129,SokCho,unmanaged-legacy,Pleb,,,leave-unmanaged,,duo,Gladiator,154,2,2,1,1,1.50,4,0,0,0.00,0.00,1046,829
296899118951956484,Solex,unmanaged-legacy,Pleb,,,leave-unmanaged,,squad,Legion,66,2,2,2,0,2.00,7,1,2,0.25,0.50,1167,952
1450595335356547216,suited_tilt,unmanaged-legacy,Pleb,,,leave-unmanaged,,duel,Squire,166,2,2,2,0,2.00,2,0,0,0.00,0.00,1011,805
225335340771180555,Sùn bRo,unmanaged-legacy,Pleb,,,leave-unmanaged,,squad,Squire,215,1,2,2,0,2.00,5,0,0,0.00,0.00,911,695
636628193855668248,vinomann.,unmanaged-legacy,Squire,Squire,,leave-unmanaged,,duel,Gladiator,141,2,2,1,1,1.50,2,0,0,0.00,0.00,1019,808
244814303692062720,yugaks,unmanaged-legacy,Pleb,,,leave-unmanaged,,duel,Squire,238,2,2,0,2,1.00,1,0,0,0.00,0.00,912,696
164694776686313472,ZelotePrime,unmanaged-legacy,Pleb,,,leave-unmanaged,,duo,Gladiator,168,2,2,1,1,1.50,4,0,0,0.00,0.00,1036,818
708241035351818241,гений,unmanaged-legacy,Pleb,,,leave-unmanaged,,duel,Gladiator,164,1,2,2,0,2.00,3,0,0,0.00,0.00,982,760
360713203874791424,즞토마요,unmanaged-legacy,Pleb,,,leave-unmanaged,,squad,Squire,258,2,2,1,1,1.50,6,0,0,0.00,0.00,973,753
1172625994142711873,吴双,unmanaged-legacy,Pleb,,,leave-unmanaged,,squad,Squire,230,2,2,2,0,2.00,8,0,0,0.00,0.00,1006,789
183517371057700864,183517371057700864,unmanaged-legacy,Pleb,,,leave-unmanaged,,duo,Squire,258,1,1,0,1,0.50,2,0,0,0.00,0.00,971,748
241866900991115264,241866900991115264,unmanaged-legacy,Pleb,,,leave-unmanaged,,duo,Gladiator,164,1,1,0,1,0.50,2,1,2,0.25,0.50,1034,811
245282338504835073,245282338504835073,unmanaged-legacy,Pleb,,,leave-unmanaged,,squad,Squire,261,1,1,0,1,0.50,3,0,0,0.00,0.00,970,746
293593676947390467,293593676947390467,unmanaged-legacy,Pleb,,,leave-unmanaged,,duo,Gladiator,163,1,1,0,1,0.50,2,0,1,0.00,0.25,1034,811
668505869696106504,2ch,unmanaged-legacy,Pleb,,,leave-unmanaged,,duel,Gladiator,101,1,1,1,0,1.00,1,0,0,0.00,0.00,1112,899
303328772004773888,303328772004773888,unmanaged-legacy,Pleb,,,leave-unmanaged,,squad,Squire,252,1,1,0,1,0.50,3,0,0,0.00,0.00,974,750
312614485930147841,312614485930147841,unmanaged-legacy,Pleb,,,leave-unmanaged,,squad,Squire,270,1,1,0,1,0.50,3,0,0,0.00,0.00,962,739
328103761128194049,328103761128194049,unmanaged-legacy,Gladiator,Gladiator,,leave-unmanaged,,squad,Squire,255,1,1,0,1,0.50,3,0,0,0.00,0.00,974,751
343320670228316160,343320670228316160,unmanaged-legacy,Pleb,,,leave-unmanaged,,duo,Squire,274,1,1,0,1,0.50,2,0,0,0.00,0.00,965,743
398226260179943424,398226260179943424,unmanaged-legacy,Gladiator,Gladiator,,leave-unmanaged,,duo,Squire,270,1,1,0,1,0.50,2,0,0,0.00,0.00,965,742
409007349932752907,409007349932752907,unmanaged-legacy,Pleb,,,leave-unmanaged,,squad,Gladiator,167,1,1,0,1,0.50,3,0,0,0.00,0.00,1031,808
439480624911482880,439480624911482880,unmanaged-legacy,Pleb,,,leave-unmanaged,,duo,Squire,254,1,1,0,1,0.50,2,0,0,0.00,0.00,988,764
455691222196158474,455691222196158474,unmanaged-legacy,Pleb,,,leave-unmanaged,,squad,Squire,264,1,1,0,1,0.50,3,0,0,0.00,0.00,961,738
474127995498397696,474127995498397696,unmanaged-legacy,Pleb,,,leave-unmanaged,,duo,Squire,233,1,1,0,1,0.50,2,0,0,0.00,0.00,978,755
494237119083053067,494237119083053067,unmanaged-legacy,Pleb,,,leave-unmanaged,,duo,Squire,290,1,1,0,1,0.50,2,0,0,0.00,0.00,954,731
513861082339737611,513861082339737611,unmanaged-legacy,Pleb,,,leave-unmanaged,,squad,Gladiator,166,1,1,0,1,0.50,3,0,0,0.00,0.00,1029,805
542143919362801696,542143919362801696,unmanaged-legacy,Pleb,,,leave-unmanaged,,squad,Squire,253,1,1,0,1,0.50,3,0,0,0.00,0.00,972,749
548451698641993738,548451698641993738,unmanaged-legacy,Pleb,,,leave-unmanaged,,squad,Squire,256,1,1,0,1,0.50,3,0,0,0.00,0.00,974,751
615598027490721812,615598027490721812,unmanaged-legacy,Pleb,,,leave-unmanaged,,duo,Gladiator,161,1,1,0,1,0.50,2,0,0,0.00,0.00,1034,812
707591965340074055,707591965340074055,unmanaged-legacy,Pleb,,,leave-unmanaged,,duo,Gladiator,186,1,1,0,1,0.50,2,0,0,0.00,0.00,1004,780
828690073506938950,828690073506938950,unmanaged-legacy,Pleb,,,leave-unmanaged,,duo,Squire,283,1,1,0,1,0.50,2,0,0,0.00,0.00,961,738
892433099550511104,892433099550511104,unmanaged-legacy,Pleb,,,leave-unmanaged,,squad,Gladiator,151,1,1,0,1,0.50,3,0,0,0.00,0.00,1032,809
968479327844982815,968479327844982815,unmanaged-legacy,Pleb,,,leave-unmanaged,,duo,Squire,253,1,1,0,1,0.50,2,0,0,0.00,0.00,967,745
430691300266737665,Akuma,unmanaged-legacy,Pleb,,,leave-unmanaged,,squad,Gladiator,105,1,1,1,0,1.00,3,0,0,0.00,0.00,1056,835
415501383093977088,Arjou,unmanaged-legacy,Pleb,,,leave-unmanaged,,duel,Gladiator,94,1,1,1,0,1.00,1,0,0,0.00,0.00,1114,905
1378710796871274662,Atarax,unmanaged-legacy,Pleb,,,leave-unmanaged,,squad,Gladiator,127,1,1,1,0,1.00,5,0,0,0.00,0.00,1040,817
635386032988225538,August4life,unmanaged-legacy,Pleb,,,leave-unmanaged,,ffa,Squire,32,1,1,1,0,1.00,7,0,0,0.00,0.00,947,727
622171391474663430,austinyxm,unmanaged-legacy,Pleb,,,leave-unmanaged,,duel,Gladiator,70,1,1,1,0,1.00,1,0,0,0.00,0.00,1111,898
339262010531381248,Baritchola,unmanaged-legacy,Pleb,,,leave-unmanaged,,squad,Squire,341,1,1,1,0,1.00,3,0,0,0.00,0.00,935,713
481067847813169162,Benelli,unmanaged-legacy,Pleb,,,leave-unmanaged,,squad,Squire,307,1,1,1,0,1.00,4,0,0,0.00,0.00,945,723
184620517423054848,BenjaminFunk,unmanaged-legacy,Squire,Squire,,leave-unmanaged,,duel,Gladiator,149,1,1,1,0,1.00,1,0,0,0.00,0.00,1027,806
658800306770935829,bigbo,unmanaged-legacy,Pleb,,,leave-unmanaged,,duo,Squire,348,1,1,1,0,1.00,2,0,0,0.00,0.00,925,706
575056407078895627,blvck_acid.fx,unmanaged-legacy,Pleb,,,leave-unmanaged,,duo,Squire,337,1,1,1,0,1.00,2,0,0,0.00,0.00,919,703
122843403242307585,BobDole,unmanaged-legacy,Pleb,,,leave-unmanaged,,squad,Squire,336,1,1,1,0,1.00,5,0,0,0.00,0.00,929,707
663373574295519232,Bugit,unmanaged-legacy,Pleb,,,leave-unmanaged,,duel,Squire,178,1,1,1,0,1.00,1,0,0,0.00,0.00,975,754
239896079557066753,complexits,unmanaged-legacy,Pleb,,,leave-unmanaged,,duel,Gladiator,152,1,1,1,0,1.00,1,0,0,0.00,0.00,1016,794
1115304937501503508,Cosmic Potato,unmanaged-legacy,Pleb,,,leave-unmanaged,,squad,Squire,353,1,1,1,0,1.00,3,0,0,0.00,0.00,949,728
479968831373312020,Cringe_Fisch,unmanaged-legacy,Pleb,,,leave-unmanaged,,squad,Squire,332,1,1,1,0,1.00,4,0,0,0.00,0.00,953,731
376470565499699212,CurlyRed(Serzhio),unmanaged-legacy,Pleb,,,leave-unmanaged,,duo,Squire,336,1,1,1,0,1.00,2,0,0,0.00,0.00,919,703
248159963208351744,Danny290,unmanaged-legacy,Pleb,,,leave-unmanaged,,duel,Squire,249,1,1,1,0,1.00,1,0,0,0.00,0.00,900,683
348913130291855360,Danubian,unmanaged-legacy,Pleb,,,leave-unmanaged,,duo,Squire,321,1,1,1,0,1.00,2,0,0,0.00,0.00,930,711
587584607566823424,dardaan,unmanaged-legacy,Pleb,,,leave-unmanaged,,duel,Squire,266,1,1,1,0,1.00,1,0,0,0.00,0.00,892,682
1071123030698373130,dark_earth22,unmanaged-legacy,Pleb,,,leave-unmanaged,,duel,Squire,300,1,1,1,0,1.00,1,0,0,0.00,0.00,849,637
846775225710411816,deadsky2859,calibrating,,,,no-op,,duel,Gladiator,110,1,1,1,0,1.00,1,0,0,0.00,0.00,1077,861
398067094916431872,DeniReyton,unmanaged-legacy,Pleb,,,leave-unmanaged,,duel,Squire,241,1,1,1,0,1.00,1,0,0,0.00,0.00,907,693
303128067092774922,derraeudigeraffi,unmanaged-legacy,Pleb,,,leave-unmanaged,,duo,Squire,273,1,1,0,1,0.50,2,0,0,0.00,0.00,965,743
216045712469655553,Discwizard1,unmanaged-legacy,Pleb,,,leave-unmanaged,,squad,Squire,357,1,1,1,0,1.00,3,0,0,0.00,0.00,940,719
744930984142569524,dmon1869,unmanaged-legacy,Squire,Squire,,leave-unmanaged,,duo,Squire,376,1,1,1,0,1.00,2,0,0,0.00,0.00,920,701
417179741649371137,domm,unmanaged-legacy,Pleb,,,leave-unmanaged,,squad,Gladiator,120,1,1,1,0,1.00,4,0,0,0.00,0.00,1047,825
96625601770704896,Doraire,unmanaged-legacy,Pleb,,,leave-unmanaged,,duo,Gladiator,132,1,1,1,0,1.00,2,0,1,0.00,0.50,1096,878
236292717171310593,down2clown3281,unmanaged-legacy,Pleb,,,leave-unmanaged,,squad,Squire,288,1,1,1,0,1.00,4,0,0,0.00,0.00,947,726
602975285348007946,elrohir971,unmanaged-legacy,Pleb,,,leave-unmanaged,,duel,Squire,208,1,1,0,1,0.50,1,0,0,0.00,0.00,948,728
250955868944859136,Fedgameonly,unmanaged-legacy,Pleb,,,leave-unmanaged,,duo,Squire,401,1,1,1,0,1.00,2,0,0,0.00,0.00,901,683
716339203859939418,Frost_Bite_,unmanaged-legacy,Pleb,,,leave-unmanaged,,squad,Squire,310,1,1,1,0,1.00,5,0,0,0.00,0.00,930,708
968812308811890738,fuma,calibrating,,,,no-op,,squad,Gladiator,122,1,1,1,0,1.00,3,0,0,0.00,0.00,1010,785
700659301345132545,gelexsor,calibrating,,,,no-op,,squad,Squire,351,1,1,1,0,1.00,3,0,0,0.00,0.00,914,695
542003942641369088,gerslegend,unmanaged-legacy,Pleb,,,leave-unmanaged,,squad,Squire,350,1,1,1,0,1.00,3,0,0,0.00,0.00,914,695
1291635009048023051,ghostofokazaki,unmanaged-legacy,Pleb,,,leave-unmanaged,,duel,Gladiator,126,1,1,0,1,0.50,1,0,0,0.00,0.00,1052,832
203213543334477824,ghostvobla,unmanaged-legacy,Pleb,,,leave-unmanaged,,duel,Gladiator,136,1,1,0,1,0.50,1,0,0,0.00,0.00,1048,827
1134653967629025300,gmin,unmanaged-legacy,Pleb,,,leave-unmanaged,,squad,Squire,317,1,1,1,0,1.00,5,0,0,0.00,0.00,959,736
692394916323786772,Goblin 灿灿,unmanaged-legacy,Pleb,,,leave-unmanaged,,duel,Gladiator,132,1,1,0,1,0.50,1,0,0,0.00,0.00,1050,829
1040620956294578316,GrumpyKittenXIII,unmanaged-legacy,Pleb,,,leave-unmanaged,,duo,Gladiator,144,1,1,1,0,1.00,2,0,0,0.00,0.00,1065,845
363407929443090432,Guerriercanard,unmanaged-legacy,Pleb,,,leave-unmanaged,,duo,Squire,326,1,1,1,0,1.00,2,0,0,0.00,0.00,927,708
1237849621225672788,hansasToPeople,unmanaged-legacy,Pleb,,,leave-unmanaged,,squad,Squire,338,1,1,1,0,1.00,4,0,0,0.00,0.00,934,713
259729705643671552,hinasou92,unmanaged-legacy,Pleb,,,leave-unmanaged,,squad,Squire,363,1,1,1,0,1.00,3,0,0,0.00,0.00,944,723
218437647842934794,hubris_219,unmanaged-legacy,Pleb,,,leave-unmanaged,,duel,Squire,198,1,1,0,1,0.50,1,0,0,0.00,0.00,951,731
1207695421581955102,Hugo,unmanaged-legacy,Pleb,,,leave-unmanaged,,duo,Gladiator,113,1,1,1,0,1.00,2,1,1,0.50,0.50,1090,872
280763090705055744,iLLmatic,unmanaged-legacy,Pleb,,,leave-unmanaged,,squad,Squire,314,1,1,1,0,1.00,3,0,0,0.00,0.00,932,711
776244818405359636,ineed morelore,calibrating,,,,no-op,,squad,Gladiator,71,1,1,1,0,1.00,3,0,1,0.00,0.33,1111,889
293827574554034179,IssamDude,unmanaged-legacy,Squire,Squire,,leave-unmanaged,,squad,Squire,222,1,1,1,0,1.00,3,0,0,0.00,0.00,996,771
1499393829219074250,Jerryk,unmanaged-legacy,Pleb,,,leave-unmanaged,,squad,Squire,292,1,1,1,0,1.00,3,0,0,0.00,0.00,990,766
1356563170239578113,JoJo,unmanaged-legacy,Pleb,,,leave-unmanaged,,squad,Squire,339,1,1,1,0,1.00,4,0,0,0.00,0.00,925,703
180876791580327936,jstibbsy,unmanaged-legacy,Pleb,,,leave-unmanaged,,duo,Squire,351,1,1,1,0,1.00,2,0,0,0.00,0.00,936,717
699604783031386183,justjonas,calibrating,,,,no-op,,duel,Squire,276,1,1,1,0,1.00,1,0,0,0.00,0.00,878,671
365530086046171166,"karadoc ""campos""",unmanaged-legacy,Pleb,,,leave-unmanaged,,duel,Squire,258,1,1,1,0,1.00,1,0,0,0.00,0.00,906,694
443750672215834634,KenShi,unmanaged-legacy,Pleb,,,leave-unmanaged,,duo,Squire,320,1,1,1,0,1.00,2,0,0,0.00,0.00,943,722
662021265217028099,King Julien,unmanaged-legacy,Pleb,,,leave-unmanaged,,duo,Squire,323,1,1,1,0,1.00,2,0,0,0.00,0.00,953,733
344600822761521165,KreeXon,unmanaged-legacy,Pleb,,,leave-unmanaged,,duo,Squire,319,1,1,1,0,1.00,2,0,0,0.00,0.00,943,722
249410454298820608,Laftur,unmanaged-legacy,Pleb,,,leave-unmanaged,,squad,Squire,369,1,1,1,0,1.00,3,0,0,0.00,0.00,914,693
1090949956170416208,LaMachine,unmanaged-legacy,Squire,Squire,,leave-unmanaged,,duo,Squire,358,1,1,1,0,1.00,2,0,0,0.00,0.00,926,707
438954296579588096,Lanstein,unmanaged-legacy,Pleb,,,leave-unmanaged,,duel,Squire,273,1,1,1,0,1.00,1,0,0,0.00,0.00,885,671
179997120420380673,lazarus8712,unmanaged-legacy,Pleb,,,leave-unmanaged,,duel,Squire,194,1,1,0,1,0.50,1,0,0,0.00,0.00,957,737
470285575811760140,Lennart/Thanasis,unmanaged-legacy,Pleb,,,leave-unmanaged,,duel,Squire,302,1,1,1,0,1.00,1,0,0,0.00,0.00,822,606
744624095379062814,lepa4939,unmanaged-legacy,Pleb,,,leave-unmanaged,,duo,Squire,300,1,1,0,1,0.50,2,0,0,0.00,0.00,954,732
598968042256596999,Leytonp28,unmanaged-legacy,Pleb,,,leave-unmanaged,,duo,Squire,415,1,1,1,0,1.00,2,0,0,0.00,0.00,889,670
1185902992931696710,light,unmanaged-legacy,Pleb,,,leave-unmanaged,,squad,Gladiator,174,1,1,1,0,1.00,4,0,0,0.00,0.00,1005,780
435670123718901762,Lionardo,unmanaged-legacy,Pleb,,,leave-unmanaged,,squad,Gladiator,118,1,1,1,0,1.00,4,0,0,0.00,0.00,1016,792
398287095476649986,loblom,unmanaged-legacy,Pleb,,,leave-unmanaged,,duel,Squire,240,1,1,1,0,1.00,1,0,0,0.00,0.00,910,694
689164189964697630,LooneyGo,unmanaged-legacy,Pleb,,,leave-unmanaged,,duo,Squire,333,1,1,1,0,1.00,2,0,0,0.00,0.00,934,714
440615594891542528,Mali,unmanaged-legacy,Pleb,,,leave-unmanaged,,duo,Gladiator,114,1,1,1,0,1.00,2,1,1,0.50,0.50,1090,872
244898395452473344,maneatingduck,unmanaged-legacy,Pleb,,,leave-unmanaged,,squad,Squire,289,1,1,1,0,1.00,4,0,0,0.00,0.00,947,726
356541884119646218,Maniwuk,unmanaged-legacy,Pleb,,,leave-unmanaged,,squad,Gladiator,102,1,1,1,0,1.00,4,0,0,0.00,0.00,1075,852
228420623053881355,marek,unmanaged-legacy,Pleb,,,leave-unmanaged,,duo,Gladiator,125,1,1,1,0,1.00,2,0,0,0.00,0.00,1077,856
390132249707806734,mariusbw,unmanaged-legacy,Pleb,,,leave-unmanaged,,squad,Squire,232,1,1,1,0,1.00,4,0,0,0.00,0.00,990,766
163982859613372416,Matthew043,unmanaged-legacy,Squire,Squire,,leave-unmanaged,,squad,Squire,236,1,1,1,0,1.00,4,0,0,0.00,0.00,993,769
239379760512237568,mausekralle,calibrating,,,,no-op,,duo,Gladiator,130,1,1,1,0,1.00,2,0,0,0.00,0.00,1095,875
269120569335742464,Meleagor,unmanaged-legacy,Pleb,,,leave-unmanaged,,squad,Gladiator,88,1,1,1,0,1.00,3,0,1,0.00,0.33,1109,890
517160459019747329,Meloni,unmanaged-legacy,Pleb,,,leave-unmanaged,,squad,Squire,360,1,1,1,0,1.00,3,0,0,0.00,0.00,945,725
1384971167546216500,Mido,unmanaged-legacy,Pleb,,,leave-unmanaged,,squad,Squire,370,1,1,1,0,1.00,3,0,0,0.00,0.00,979,756
424980696264867880,Milian,unmanaged-legacy,Squire,Squire,,leave-unmanaged,,duo,Squire,375,1,1,1,0,1.00,2,0,0,0.00,0.00,920,701
329233061109825536,Milkytea,unmanaged-legacy,Pleb,,,leave-unmanaged,,duel,Squire,275,1,1,1,0,1.00,1,0,0,0.00,0.00,879,663
183219950012465152,Motimasiina,unmanaged-legacy,Squire,Squire,,leave-unmanaged,,duo,Gladiator,110,1,1,1,0,1.00,2,0,0,0.00,0.00,1063,843
232319059910197249,MrMaan,unmanaged-legacy,Pleb,,,leave-unmanaged,,duel,Squire,219,1,1,1,0,1.00,1,0,0,0.00,0.00,931,715
790292434331893790,N0RTHW4RD,unmanaged-legacy,Pleb,,,leave-unmanaged,,duel,Squire,245,1,1,1,0,1.00,1,0,0,0.00,0.00,903,688
371007395792683011,nanotechcv,unmanaged-legacy,Pleb,,,leave-unmanaged,,duo,Squire,280,1,1,0,1,0.50,2,0,0,0.00,0.00,964,742
397346689469644801,NirVana69,unmanaged-legacy,Pleb,,,leave-unmanaged,,duo,Squire,363,1,1,1,0,1.00,2,0,0,0.00,0.00,923,703
1084528966263644242,notarla,unmanaged-legacy,Pleb,,,leave-unmanaged,,duo,Squire,322,1,1,1,0,1.00,2,0,0,0.00,0.00,935,714
1106015128886988883,nrg72819,unmanaged-legacy,Pleb,,,leave-unmanaged,,duel,Gladiator,130,1,1,0,1,0.50,1,0,0,0.00,0.00,1049,829
716322565060296789,OmeniusKamis1,unmanaged-legacy,Pleb,,,leave-unmanaged,,duel,Squire,190,1,1,1,0,1.00,1,0,0,0.00,0.00,958,740
694434246412075088,Opi,unmanaged-legacy,Pleb,,,leave-unmanaged,,squad,Squire,361,1,1,1,0,1.00,3,0,0,0.00,0.00,945,725
715526134833479791,Padfoot,calibrating,,,,no-op,,duo,Squire,327,1,1,1,0,1.00,2,0,0,0.00,0.00,927,708
1072550211110576179,panagiotislemmon,unmanaged-legacy,Pleb,,,leave-unmanaged,,duel,Squire,281,1,1,1,0,1.00,1,0,0,0.00,0.00,869,662
382491852034801665,picaljean,unmanaged-legacy,Pleb,,,leave-unmanaged,,duo,Squire,418,1,1,1,0,1.00,2,0,0,0.00,0.00,866,650
555765431139565568,polopop,calibrating,,,,no-op,,duel,Squire,289,1,1,1,0,1.00,1,0,0,0.00,0.00,857,641
662003155780763668,Powltato,unmanaged-legacy,Pleb,,,leave-unmanaged,,duo,Squire,416,1,1,1,0,1.00,2,0,0,0.00,0.00,889,670
318836707866968065,Psychat,unmanaged-legacy,Pleb,,,leave-unmanaged,,duel,Squire,272,1,1,1,0,1.00,1,0,0,0.00,0.00,874,659
189143305580183552,Roziu,unmanaged-legacy,Pleb,,,leave-unmanaged,,duel,Squire,236,1,1,1,0,1.00,1,0,0,0.00,0.00,904,695
1495934130993496155,Sam_the_Man_989,unmanaged-legacy,Pleb,,,leave-unmanaged,,duel,Squire,263,1,1,1,0,1.00,1,0,0,0.00,0.00,881,665
367891039207424000,Sleepyzzz,unmanaged-legacy,Pleb,,,leave-unmanaged,,squad,Squire,315,1,1,1,0,1.00,4,0,0,0.00,0.00,939,717
695660138014441473,snowyprototyper,unmanaged-legacy,Pleb,,,leave-unmanaged,,duel,Squire,226,1,1,0,1,0.50,1,0,0,0.00,0.00,925,705
471104627752828958,snupped,unmanaged-legacy,Pleb,,,leave-unmanaged,,duel,Squire,274,1,1,1,0,1.00,1,0,0,0.00,0.00,890,678
1337893031604518972,Sommer,unmanaged-legacy,Pleb,,,leave-unmanaged,,duo,Gladiator,111,1,1,1,0,1.00,2,0,0,0.00,0.00,1092,872
546674464268615680,Space,unmanaged-legacy,Gladiator,Gladiator,,leave-unmanaged,,squad,Squire,285,1,1,1,0,1.00,3,0,0,0.00,0.00,990,766
567380149054734357,sv99,unmanaged-legacy,Pleb,,,leave-unmanaged,,duel,Squire,185,1,1,0,1,0.50,1,0,0,0.00,0.00,977,755
219442938067812354,Taigz,unmanaged-legacy,Pleb,,,leave-unmanaged,,duel,Squire,237,1,1,1,0,1.00,1,0,0,0.00,0.00,976,755
706205057078657056,Tardigraade,unmanaged-legacy,Pleb,,,leave-unmanaged,,squad,Squire,295,1,1,1,0,1.00,3,0,0,0.00,0.00,973,750
414411082971742208,Terty,unmanaged-legacy,Pleb,,,leave-unmanaged,,duo,Gladiator,97,1,1,1,0,1.00,2,0,0,0.00,0.00,1109,892
1192320063047487518,the tarnished,unmanaged-legacy,Squire,Squire,,leave-unmanaged,,ffa,Squire,26,1,1,1,0,1.00,7,0,0,0.00,0.00,974,753
239779580833955842,theflowgate,unmanaged-legacy,Pleb,,,leave-unmanaged,,duo,Gladiator,160,1,1,1,0,1.00,2,0,0,0.00,0.00,1040,819
358216078658371595,TheShork,unmanaged-legacy,Pleb,,,leave-unmanaged,,duo,Gladiator,120,1,1,1,0,1.00,2,0,0,0.00,0.00,1106,888
472588685804699649,TheWingedOne,unmanaged-legacy,Pleb,,,leave-unmanaged,,squad,Squire,349,1,1,1,0,1.00,3,0,0,0.00,0.00,914,695
946478637501268008,Till,unmanaged-legacy,Pleb,,,leave-unmanaged,,squad,Squire,287,1,1,1,0,1.00,3,0,0,0.00,0.00,949,728
322787566795358220,tini,unmanaged-legacy,Pleb,,,leave-unmanaged,,duel,Gladiator,115,1,1,1,0,1.00,1,0,0,0.00,0.00,1041,823
689650725826985984,Tinkerbell,unmanaged-legacy,Legion,Legion,,leave-unmanaged,,duel,Gladiator,160,1,1,1,0,1.00,1,0,0,0.00,0.00,1010,787
370479602994380801,toto,unmanaged-legacy,Pleb,,,leave-unmanaged,,duo,Squire,350,1,1,1,0,1.00,2,0,0,0.00,0.00,916,697
1248747834199506966,Troqv,unmanaged-legacy,Pleb,,,leave-unmanaged,,duel,Squire,199,1,1,0,1,0.50,1,0,0,0.00,0.00,950,729
1397073762909683934,tygaan.,unmanaged-legacy,Pleb,,,leave-unmanaged,,squad,Gladiator,159,1,1,0,1,0.50,3,0,1,0.00,0.17,1030,807
729939478596026370,tysdad,unmanaged-legacy,Pleb,,,leave-unmanaged,,squad,Squire,359,1,1,1,0,1.00,4,0,0,0.00,0.00,923,701
166560791133290496,Unknown,unmanaged-legacy,Pleb,,,leave-unmanaged,,duel,Squire,196,1,1,0,1,0.50,1,0,0,0.00,0.00,953,733
868922073890848789,v1r5162,unmanaged-legacy,Pleb,,,leave-unmanaged,,duo,Gladiator,165,1,1,0,1,0.50,2,0,0,0.00,0.00,1023,800
582013668590354463,Veksla,unmanaged-legacy,Squire,Squire,,leave-unmanaged,,ffa,Squire,22,1,1,1,0,1.00,7,0,0,0.00,0.00,989,768
397151281367744512,vvita26,unmanaged-legacy,Pleb,,,leave-unmanaged,,duo,Squire,352,1,1,1,0,1.00,2,0,0,0.00,0.00,936,717
197874078168776704,Wargo Khan,unmanaged-legacy,Pleb,,,leave-unmanaged,,squad,Squire,316,1,1,1,0,1.00,4,0,0,0.00,0.00,943,721
168563756102713344,Wise Traveller,unmanaged-legacy,Pleb,,,leave-unmanaged,,squad,Gladiator,126,1,1,1,0,1.00,5,0,0,0.00,0.00,1055,833
261571384390451200,wololo6348,unmanaged-legacy,Pleb,,,leave-unmanaged,,duel,Squire,201,1,1,0,1,0.50,1,0,0,0.00,0.00,950,729
1496494893256806401,xEmily千凝,unmanaged-legacy,Pleb,,,leave-unmanaged,,duo,Squire,324,1,1,1,0,1.00,2,0,0,0.00,0.00,990,766
1483384073631174727,Yeshan,unmanaged-legacy,Pleb,,,leave-unmanaged,,duo,Squire,398,1,1,1,0,1.00,2,0,0,0.00,0.00,919,701
1348038288421687508,yeyu,unmanaged-legacy,Pleb,,,leave-unmanaged,,squad,Gladiator,134,1,1,1,0,1.00,4,0,2,0.00,0.50,1051,829
440848234529947649,Yoan,unmanaged-legacy,Pleb,,,leave-unmanaged,,ffa,Gladiator,9,1,1,1,0,1.00,7,0,0,0.00,0.00,1037,817
280392149286256651,ＹＵＵＫＩ,unmanaged-legacy,Pleb,,,leave-unmanaged,,squad,Gladiator,111,1,1,1,0,1.00,3,0,0,0.00,0.00,1054,832
630156786196021259,zikileaks.,unmanaged-legacy,Pleb,,,leave-unmanaged,,duo,Squire,378,1,1,1,0,1.00,2,0,0,0.00,0.00,933,713
927214548778364949,じん,unmanaged-legacy,Pleb,,,leave-unmanaged,,duo,Squire,316,1,1,1,0,1.00,2,0,0,0.00,0.00,948,728
831459147601674251,バニラ,unmanaged-legacy,Pleb,,,leave-unmanaged,,duo,Squire,341,1,1,1,0,1.00,2,0,0,0.00,0.00,918,701
1002552813114642542,1002552813114642542,unmanaged-legacy,Pleb,,,leave-unmanaged,,,,,,0,0,0,0.00,0,0,0,0.00,0.00,,
100381769408204800,100381769408204800,unmanaged-legacy,Pleb,,,leave-unmanaged,,,,,,0,0,0,0.00,0,0,0,0.00,0.00,,
1006356637977686066,1006356637977686066,unmanaged-legacy,Pleb,,,leave-unmanaged,,,,,,0,0,0,0.00,0,0,0,0.00,0.00,,
1015553030776692796,1015553030776692796,unmanaged-legacy,Pleb,,,leave-unmanaged,,,,,,0,0,0,0.00,0,0,0,0.00,0.00,,
101728037669720064,101728037669720064,unmanaged-legacy,Pleb,,,leave-unmanaged,,,,,,0,0,0,0.00,0,0,0,0.00,0.00,,
1021557651756290058,1021557651756290058,unmanaged-legacy,Pleb,,,leave-unmanaged,,,,,,0,0,0,0.00,0,0,0,0.00,0.00,,
1022836333196083223,1022836333196083223,unmanaged-legacy,Pleb,,,leave-unmanaged,,,,,,0,0,0,0.00,0,0,0,0.00,0.00,,
1025392832741113857,1025392832741113857,unmanaged-legacy,Pleb,,,leave-unmanaged,,,,,,0,0,0,0.00,0,0,0,0.00,0.00,,
1025907185336733778,1025907185336733778,unmanaged-legacy,Pleb,,,leave-unmanaged,,,,,,0,0,0,0.00,0,0,0,0.00,0.00,,
102937181164679168,102937181164679168,unmanaged-legacy,Pleb,,,leave-unmanaged,,,,,,0,0,0,0.00,0,0,0,0.00,0.00,,
1030696297465913374,1030696297465913374,unmanaged-legacy,Pleb,,,leave-unmanaged,,,,,,0,0,0,0.00,0,0,0,0.00,0.00,,
103242514076549120,103242514076549120,unmanaged-legacy,Pleb,,,leave-unmanaged,,,,,,0,0,0,0.00,0,0,0,0.00,0.00,,
1033664080600371210,1033664080600371210,unmanaged-legacy,Pleb,,,leave-unmanaged,,,,,,0,0,0,0.00,0,0,0,0.00,0.00,,
1039630094580326472,1039630094580326472,unmanaged-legacy,Pleb,,,leave-unmanaged,,,,,,0,0,0,0.00,0,0,0,0.00,0.00,,
1041561427221164082,1041561427221164082,unmanaged-legacy,Pleb,,,leave-unmanaged,,,,,,0,0,0,0.00,0,0,0,0.00,0.00,,
1046434992030490664,1046434992030490664,unmanaged-legacy,Pleb,,,leave-unmanaged,,,,,,0,0,0,0.00,0,0,0,0.00,0.00,,
104800435994443776,104800435994443776,unmanaged-legacy,Pleb,,,leave-unmanaged,,,,,,0,0,0,0.00,0,0,0,0.00,0.00,,
1050383750648823868,1050383750648823868,unmanaged-legacy,Pleb,,,leave-unmanaged,,,,,,0,0,0,0.00,0,0,0,0.00,0.00,,
105643728701501440,105643728701501440,unmanaged-legacy,Pleb,,,leave-unmanaged,,,,,,0,0,0,0.00,0,0,0,0.00,0.00,,
1066622617605386290,1066622617605386290,unmanaged-legacy,Pleb,,,leave-unmanaged,,,,,,0,0,0,0.00,0,0,0,0.00,0.00,,
1068627837571043408,1068627837571043408,unmanaged-legacy,Pleb,,,leave-unmanaged,,,,,,0,0,0,0.00,0,0,0,0.00,0.00,,
1071375068745175080,1071375068745175080,unmanaged-legacy,Pleb,,,leave-unmanaged,,,,,,0,0,0,0.00,0,0,0,0.00,0.00,,
107156803816542208,107156803816542208,unmanaged-legacy,Pleb,,,leave-unmanaged,,,,,,0,0,0,0.00,0,0,0,0.00,0.00,,
1071689646599307285,1071689646599307285,unmanaged-legacy,Pleb,,,leave-unmanaged,,,,,,0,0,0,0.00,0,0,0,0.00,0.00,,
107193968667709440,107193968667709440,unmanaged-legacy,Pleb,,,leave-unmanaged,,,,,,0,0,0,0.00,0,0,0,0.00,0.00,,
1072343859457163368,1072343859457163368,unmanaged-legacy,Pleb,,,leave-unmanaged,,,,,,0,0,0,0.00,0,0,0,0.00,0.00,,
1073567899580633139,1073567899580633139,unmanaged-legacy,Pleb,,,leave-unmanaged,,,,,,0,0,0,0.00,0,0,0,0.00,0.00,,
107532310680707072,107532310680707072,unmanaged-legacy,Pleb,,,leave-unmanaged,,,,,,0,0,0,0.00,0,0,0,0.00,0.00,,
1078331792840462350,1078331792840462350,unmanaged-legacy,Pleb,,,leave-unmanaged,,,,,,0,0,0,0.00,0,0,0,0.00,0.00,,
108385758640939008,108385758640939008,unmanaged-legacy,Pleb,,,leave-unmanaged,,,,,,0,0,0,0.00,0,0,0,0.00,0.00,,
108836772154183680,108836772154183680,unmanaged-legacy,Pleb,,,leave-unmanaged,,,,,,0,0,0,0.00,0,0,0,0.00,0.00,,
1089113342842515526,1089113342842515526,unmanaged-legacy,Pleb,,,leave-unmanaged,,,,,,0,0,0,0.00,0,0,0,0.00,0.00,,
1089135920671891577,1089135920671891577,unmanaged-legacy,Pleb,,,leave-unmanaged,,,,,,0,0,0,0.00,0,0,0,0.00,0.00,,
1092565228031574116,1092565228031574116,unmanaged-legacy,Pleb,,,leave-unmanaged,,,,,,0,0,0,0.00,0,0,0,0.00,0.00,,
1094346889538842645,1094346889538842645,unmanaged-legacy,Pleb,,,leave-unmanaged,,,,,,0,0,0,0.00,0,0,0,0.00,0.00,,
110406959320047616,110406959320047616,unmanaged-legacy,Pleb,,,leave-unmanaged,,,,,,0,0,0,0.00,0,0,0,0.00,0.00,,
1109997323683110944,1109997323683110944,unmanaged-legacy,Pleb,,,leave-unmanaged,,,,,,0,0,0,0.00,0,0,0,0.00,0.00,,
111136439504252928,111136439504252928,unmanaged-legacy,Pleb,,,leave-unmanaged,,,,,,0,0,0,0.00,0,0,0,0.00,0.00,,
1111972723544047626,1111972723544047626,unmanaged-legacy,Pleb,,,leave-unmanaged,,,,,,0,0,0,0.00,0,0,0,0.00,0.00,,
1112981023333040158,1112981023333040158,unmanaged-legacy,Pleb,,,leave-unmanaged,,,,,,0,0,0,0.00,0,0,0,0.00,0.00,,
1122245330793148626,1122245330793148626,unmanaged-legacy,Pleb,,,leave-unmanaged,,,,,,0,0,0,0.00,0,0,0,0.00,0.00,,
1123944057786343454,1123944057786343454,unmanaged-legacy,Pleb,,,leave-unmanaged,,,,,,0,0,0,0.00,0,0,0,0.00,0.00,,
1131954617878593606,1131954617878593606,unmanaged-legacy,Pleb,,,leave-unmanaged,,,,,,0,0,0,0.00,0,0,0,0.00,0.00,,
1132749616643854356,1132749616643854356,unmanaged-legacy,Pleb,,,leave-unmanaged,,,,,,0,0,0,0.00,0,0,0,0.00,0.00,,
113384424225144832,113384424225144832,unmanaged-legacy,Pleb,,,leave-unmanaged,,,,,,0,0,0,0.00,0,0,0,0.00,0.00,,
1138069458561282109,1138069458561282109,unmanaged-legacy,Pleb,,,leave-unmanaged,,,,,,0,0,0,0.00,0,0,0,0.00,0.00,,
1140006991692038224,1140006991692038224,unmanaged-legacy,Pleb,,,leave-unmanaged,,,,,,0,0,0,0.00,0,0,0,0.00,0.00,,
1140092004009791539,1140092004009791539,unmanaged-legacy,Pleb,,,leave-unmanaged,,,,,,0,0,0,0.00,0,0,0,0.00,0.00,,
1141881704043249756,1141881704043249756,unmanaged-legacy,Pleb,,,leave-unmanaged,,,,,,0,0,0,0.00,0,0,0,0.00,0.00,,
1143986912059723776,1143986912059723776,unmanaged-legacy,Pleb,,,leave-unmanaged,,,,,,0,0,0,0.00,0,0,0,0.00,0.00,,
1145260580773560451,1145260580773560451,unmanaged-legacy,Pleb,,,leave-unmanaged,,,,,,0,0,0,0.00,0,0,0,0.00,0.00,,
1157000436247707658,1157000436247707658,unmanaged-legacy,Pleb,,,leave-unmanaged,,,,,,0,0,0,0.00,0,0,0,0.00,0.00,,
1159560609084473354,1159560609084473354,unmanaged-legacy,Pleb,,,leave-unmanaged,,,,,,0,0,0,0.00,0,0,0,0.00,0.00,,
1162277869465128960,1162277869465128960,unmanaged-legacy,Pleb,,,leave-unmanaged,,,,,,0,0,0,0.00,0,0,0,0.00,0.00,,
116558825980428293,116558825980428293,unmanaged-legacy,Pleb,,,leave-unmanaged,,,,,,0,0,0,0.00,0,0,0,0.00,0.00,,
116964693695791108,116964693695791108,unmanaged-legacy,Pleb,,,leave-unmanaged,,,,,,0,0,0,0.00,0,0,0,0.00,0.00,,
1173438304688017419,1173438304688017419,unmanaged-legacy,Pleb,,,leave-unmanaged,,,,,,0,0,0,0.00,0,0,0,0.00,0.00,,
1175517922081382531,1175517922081382531,unmanaged-legacy,Pleb,,,leave-unmanaged,,,,,,0,0,0,0.00,0,0,0,0.00,0.00,,
1176603319184150591,1176603319184150591,unmanaged-legacy,Pleb,,,leave-unmanaged,,,,,,0,0,0,0.00,0,0,0,0.00,0.00,,
118046291077890054,118046291077890054,unmanaged-legacy,Pleb,,,leave-unmanaged,,,,,,0,0,0,0.00,0,0,0,0.00,0.00,,
1181345241211617386,1181345241211617386,unmanaged-legacy,Pleb,,,leave-unmanaged,,,,,,0,0,0,0.00,0,0,0,0.00,0.00,,
118188977298604037,118188977298604037,unmanaged-legacy,Pleb,,,leave-unmanaged,,,,,,0,0,0,0.00,0,0,0,0.00,0.00,,
1182866078729261116,1182866078729261116,unmanaged-legacy,Pleb,,,leave-unmanaged,,,,,,0,0,0,0.00,0,0,0,0.00,0.00,,
1187853610416087081,1187853610416087081,unmanaged-legacy,Pleb,,,leave-unmanaged,,,,,,0,0,0,0.00,0,0,0,0.00,0.00,,
1199429880585142412,1199429880585142412,unmanaged-legacy,Pleb,,,leave-unmanaged,,,,,,0,0,0,0.00,0,0,0,0.00,0.00,,
1206233359949242443,1206233359949242443,unmanaged-legacy,Pleb,,,leave-unmanaged,,,,,,0,0,0,0.00,0,0,0,0.00,0.00,,
1206647130316611676,1206647130316611676,unmanaged-legacy,Pleb,,,leave-unmanaged,,,,,,0,0,0,0.00,0,0,0,0.00,0.00,,
1211042069179535382,1211042069179535382,unmanaged-legacy,Pleb,,,leave-unmanaged,,,,,,0,0,0,0.00,0,0,0,0.00,0.00,,
1213199348436049931,1213199348436049931,unmanaged-legacy,Pleb,,,leave-unmanaged,,,,,,0,0,0,0.00,0,0,0,0.00,0.00,,
1215374629351325697,1215374629351325697,unmanaged-legacy,Pleb,,,leave-unmanaged,,,,,,0,0,0,0.00,0,0,0,0.00,0.00,,
1216053497380733030,1216053497380733030,unmanaged-legacy,Pleb,,,leave-unmanaged,,,,,,0,0,0,0.00,0,0,0,0.00,0.00,,
1229469773084102844,1229469773084102844,unmanaged-legacy,Pleb,,,leave-unmanaged,,,,,,0,0,0,0.00,0,0,0,0.00,0.00,,
1230187896720592948,1230187896720592948,unmanaged-legacy,Pleb,,,leave-unmanaged,,,,,,0,0,0,0.00,0,0,0,0.00,0.00,,
1234110847341563935,1234110847341563935,unmanaged-legacy,Pleb,,,leave-unmanaged,,,,,,0,0,0,0.00,0,0,0,0.00,0.00,,
1241212244159758390,1241212244159758390,unmanaged-legacy,Pleb,,,leave-unmanaged,,,,,,0,0,0,0.00,0,0,0,0.00,0.00,,
124223301659787264,124223301659787264,unmanaged-legacy,Pleb,,,leave-unmanaged,,,,,,0,0,0,0.00,0,0,0,0.00,0.00,,
1244023071057252466,1244023071057252466,unmanaged-legacy,Pleb,,,leave-unmanaged,,,,,,0,0,0,0.00,0,0,0,0.00,0.00,,
124686589459693572,124686589459693572,unmanaged-legacy,Pleb,,,leave-unmanaged,,,,,,0,0,0,0.00,0,0,0,0.00,0.00,,
1248842413716541524,1248842413716541524,unmanaged-legacy,Pleb,,,leave-unmanaged,,,,,,0,0,0,0.00,0,0,0,0.00,0.00,,
1249553069960597536,1249553069960597536,unmanaged-legacy,Pleb,,,leave-unmanaged,,,,,,0,0,0,0.00,0,0,0,0.00,0.00,,
1252606457833328691,1252606457833328691,unmanaged-legacy,Gladiator,Gladiator,,leave-unmanaged,,,,,,0,0,0,0.00,0,0,0,0.00,0.00,,
1256676988521812078,1256676988521812078,unmanaged-legacy,Pleb,,,leave-unmanaged,,,,,,0,0,0,0.00,0,0,0,0.00,0.00,,
1258974288690806867,1258974288690806867,unmanaged-legacy,Pleb,,,leave-unmanaged,,,,,,0,0,0,0.00,0,0,0,0.00,0.00,,
1260078455547101320,1260078455547101320,unmanaged-legacy,Pleb,,,leave-unmanaged,,,,,,0,0,0,0.00,0,0,0,0.00,0.00,,
1261493577578709002,1261493577578709002,unmanaged-legacy,Pleb,,,leave-unmanaged,,,,,,0,0,0,0.00,0,0,0,0.00,0.00,,
1262333541719474208,1262333541719474208,unmanaged-legacy,Pleb,,,leave-unmanaged,,,,,,0,0,0,0.00,0,0,0,0.00,0.00,,
1262844833228259441,1262844833228259441,unmanaged-legacy,Pleb,,,leave-unmanaged,,,,,,0,0,0,0.00,0,0,0,0.00,0.00,,
126373608623702017,126373608623702017,unmanaged-legacy,Pleb,,,leave-unmanaged,,,,,,0,0,0,0.00,0,0,0,0.00,0.00,,
1266295575171698732,1266295575171698732,unmanaged-legacy,Pleb,,,leave-unmanaged,,,,,,0,0,0,0.00,0,0,0,0.00,0.00,,
126777360816144384,126777360816144384,unmanaged-legacy,Pleb,,,leave-unmanaged,,,,,,0,0,0,0.00,0,0,0,0.00,0.00,,
1269708359955779604,1269708359955779604,unmanaged-legacy,Pleb,,,leave-unmanaged,,,,,,0,0,0,0.00,0,0,0,0.00,0.00,,
1270542844687286277,1270542844687286277,unmanaged-legacy,Pleb,,,leave-unmanaged,,,,,,0,0,0,0.00,0,0,0,0.00,0.00,,
127526873684115456,127526873684115456,unmanaged-legacy,Pleb,,,leave-unmanaged,,,,,,0,0,0,0.00,0,0,0,0.00,0.00,,
1276293957780901936,1276293957780901936,unmanaged-legacy,Pleb,,,leave-unmanaged,,,,,,0,0,0,0.00,0,0,0,0.00,0.00,,
1280226056074297412,1280226056074297412,unmanaged-legacy,Pleb,,,leave-unmanaged,,,,,,0,0,0,0.00,0,0,0,0.00,0.00,,
128043586028568577,128043586028568577,unmanaged-legacy,Pleb,,,leave-unmanaged,,,,,,0,0,0,0.00,0,0,0,0.00,0.00,,
1282016206282559560,1282016206282559560,unmanaged-legacy,Pleb,,,leave-unmanaged,,,,,,0,0,0,0.00,0,0,0,0.00,0.00,,
1289393295654649978,1289393295654649978,unmanaged-legacy,Pleb,,,leave-unmanaged,,,,,,0,0,0,0.00,0,0,0,0.00,0.00,,
1293561631896240185,1293561631896240185,unmanaged-legacy,Pleb,,,leave-unmanaged,,,,,,0,0,0,0.00,0,0,0,0.00,0.00,,
1296847095935930391,1296847095935930391,unmanaged-legacy,Pleb,,,leave-unmanaged,,,,,,0,0,0,0.00,0,0,0,0.00,0.00,,
130032783476129792,130032783476129792,unmanaged-legacy,Pleb,,,leave-unmanaged,,,,,,0,0,0,0.00,0,0,0,0.00,0.00,,
1300989969837326431,1300989969837326431,unmanaged-legacy,Pleb,,,leave-unmanaged,,,,,,0,0,0,0.00,0,0,0,0.00,0.00,,
1302829250147254279,1302829250147254279,unmanaged-legacy,Pleb,,,leave-unmanaged,,,,,,0,0,0,0.00,0,0,0,0.00,0.00,,
130470250851467264,130470250851467264,unmanaged-legacy,Pleb,,,leave-unmanaged,,,,,,0,0,0,0.00,0,0,0,0.00,0.00,,
1306325229752156181,1306325229752156181,unmanaged-legacy,Pleb,,,leave-unmanaged,,,,,,0,0,0,0.00,0,0,0,0.00,0.00,,
1306981076257738822,1306981076257738822,unmanaged-legacy,Pleb,,,leave-unmanaged,,,,,,0,0,0,0.00,0,0,0,0.00,0.00,,
131214607153889280,131214607153889280,unmanaged-legacy,Pleb,,,leave-unmanaged,,,,,,0,0,0,0.00,0,0,0,0.00,0.00,,
1317546050046922772,1317546050046922772,unmanaged-legacy,Pleb,,,leave-unmanaged,,,,,,0,0,0,0.00,0,0,0,0.00,0.00,,
1317863526752321628,1317863526752321628,unmanaged-legacy,Pleb,,,leave-unmanaged,,,,,,0,0,0,0.00,0,0,0,0.00,0.00,,
1318750732299534356,1318750732299534356,unmanaged-legacy,Pleb,,,leave-unmanaged,,,,,,0,0,0,0.00,0,0,0,0.00,0.00,,
131924359970422785,131924359970422785,unmanaged-legacy,Pleb,,,leave-unmanaged,,,,,,0,0,0,0.00,0,0,0,0.00,0.00,,
1319584886604169236,1319584886604169236,unmanaged-legacy,Pleb,,,leave-unmanaged,,,,,,0,0,0,0.00,0,0,0,0.00,0.00,,
1325471393650839654,1325471393650839654,unmanaged-legacy,Pleb,,,leave-unmanaged,,,,,,0,0,0,0.00,0,0,0,0.00,0.00,,
1325937303083810950,1325937303083810950,unmanaged-legacy,Pleb,,,leave-unmanaged,,,,,,0,0,0,0.00,0,0,0,0.00,0.00,,
133183908836671488,133183908836671488,unmanaged-legacy,Pleb,,,leave-unmanaged,,,,,,0,0,0,0.00,0,0,0,0.00,0.00,,
1336814366095577192,1336814366095577192,unmanaged-legacy,Pleb,,,leave-unmanaged,,,,,,0,0,0,0.00,0,0,0,0.00,0.00,,
1347279519433625621,1347279519433625621,unmanaged-legacy,Pleb,,,leave-unmanaged,,,,,,0,0,0,0.00,0,0,0,0.00,0.00,,
1351193951637606451,1351193951637606451,unmanaged-legacy,Pleb,,,leave-unmanaged,,,,,,0,0,0,0.00,0,0,0,0.00,0.00,,
1351454602259730533,1351454602259730533,unmanaged-legacy,Pleb,,,leave-unmanaged,,,,,,0,0,0,0.00,0,0,0,0.00,0.00,,
1354444362183872553,1354444362183872553,unmanaged-legacy,Pleb,,,leave-unmanaged,,,,,,0,0,0,0.00,0,0,0,0.00,0.00,,
1357953294273613894,1357953294273613894,unmanaged-legacy,Pleb,,,leave-unmanaged,,,,,,0,0,0,0.00,0,0,0,0.00,0.00,,
1361071905968230590,1361071905968230590,unmanaged-legacy,Pleb,,,leave-unmanaged,,,,,,0,0,0,0.00,0,0,0,0.00,0.00,,
1371162011035111666,1371162011035111666,unmanaged-legacy,Pleb,,,leave-unmanaged,,,,,,0,0,0,0.00,0,0,0,0.00,0.00,,
1371179090425413812,1371179090425413812,unmanaged-legacy,Pleb,,,leave-unmanaged,,,,,,0,0,0,0.00,0,0,0,0.00,0.00,,
1379491416446734346,1379491416446734346,unmanaged-legacy,Pleb,,,leave-unmanaged,,,,,,0,0,0,0.00,0,0,0,0.00,0.00,,
138030967997726720,138030967997726720,unmanaged-legacy,Pleb,,,leave-unmanaged,,,,,,0,0,0,0.00,0,0,0,0.00,0.00,,
1380579347244777592,1380579347244777592,unmanaged-legacy,Pleb,,,leave-unmanaged,,,,,,0,0,0,0.00,0,0,0,0.00,0.00,,
138470041019482112,138470041019482112,unmanaged-legacy,Pleb,,,leave-unmanaged,,,,,,0,0,0,0.00,0,0,0,0.00,0.00,,
138597788727508992,138597788727508992,unmanaged-legacy,Pleb,,,leave-unmanaged,,,,,,0,0,0,0.00,0,0,0,0.00,0.00,,
138714843334180864,138714843334180864,unmanaged-legacy,Pleb,,,leave-unmanaged,,,,,,0,0,0,0.00,0,0,0,0.00,0.00,,
138757636622385152,138757636622385152,unmanaged-legacy,Pleb,,,leave-unmanaged,,,,,,0,0,0,0.00,0,0,0,0.00,0.00,,
139060530953322496,139060530953322496,unmanaged-legacy,Pleb,,,leave-unmanaged,,,,,,0,0,0,0.00,0,0,0,0.00,0.00,,
1397517586173788170,1397517586173788170,unmanaged-legacy,Pleb,,,leave-unmanaged,,,,,,0,0,0,0.00,0,0,0,0.00,0.00,,
1397901028237643807,1397901028237643807,unmanaged-legacy,Pleb,,,leave-unmanaged,,,,,,0,0,0,0.00,0,0,0,0.00,0.00,,
1399407269715640392,1399407269715640392,unmanaged-legacy,Pleb,,,leave-unmanaged,,,,,,0,0,0,0.00,0,0,0,0.00,0.00,,
1404304739843178627,1404304739843178627,unmanaged-legacy,Pleb,,,leave-unmanaged,,,,,,0,0,0,0.00,0,0,0,0.00,0.00,,
1409543151252668510,1409543151252668510,unmanaged-legacy,Pleb,,,leave-unmanaged,,,,,,0,0,0,0.00,0,0,0,0.00,0.00,,
141254756180951040,141254756180951040,unmanaged-legacy,Pleb,,,leave-unmanaged,,,,,,0,0,0,0.00,0,0,0,0.00,0.00,,
1416814823500677220,1416814823500677220,unmanaged-legacy,Pleb,,,leave-unmanaged,,,,,,0,0,0,0.00,0,0,0,0.00,0.00,,
142022717908975617,142022717908975617,unmanaged-legacy,Pleb,,,leave-unmanaged,,,,,,0,0,0,0.00,0,0,0,0.00,0.00,,
1420275347081007165,1420275347081007165,unmanaged-legacy,Pleb,,,leave-unmanaged,,,,,,0,0,0,0.00,0,0,0,0.00,0.00,,
1422343441144352788,1422343441144352788,unmanaged-legacy,Pleb,,,leave-unmanaged,,,,,,0,0,0,0.00,0,0,0,0.00,0.00,,
1426129145846435911,1426129145846435911,unmanaged-legacy,Pleb,,,leave-unmanaged,,,,,,0,0,0,0.00,0,0,0,0.00,0.00,,
1427200686197837913,1427200686197837913,unmanaged-legacy,Pleb,,,leave-unmanaged,,,,,,0,0,0,0.00,0,0,0,0.00,0.00,,
1428143894432059413,1428143894432059413,unmanaged-legacy,Pleb,,,leave-unmanaged,,,,,,0,0,0,0.00,0,0,0,0.00,0.00,,
1430532337522839622,1430532337522839622,unmanaged-legacy,Pleb,,,leave-unmanaged,,,,,,0,0,0,0.00,0,0,0,0.00,0.00,,
143373368522047488,143373368522047488,unmanaged-legacy,Pleb,,,leave-unmanaged,,,,,,0,0,0,0.00,0,0,0,0.00,0.00,,
143502619774681089,143502619774681089,unmanaged-legacy,Pleb,,,leave-unmanaged,,,,,,0,0,0,0.00,0,0,0,0.00,0.00,,
1435052889642107052,1435052889642107052,unmanaged-legacy,Pleb,,,leave-unmanaged,,,,,,0,0,0,0.00,0,0,0,0.00,0.00,,
143530563104407553,143530563104407553,unmanaged-legacy,Pleb,,,leave-unmanaged,,,,,,0,0,0,0.00,0,0,0,0.00,0.00,,
1438994055064191141,1438994055064191141,unmanaged-legacy,Pleb,,,leave-unmanaged,,,,,,0,0,0,0.00,0,0,0,0.00,0.00,,
144220967906967552,144220967906967552,unmanaged-legacy,Pleb,,,leave-unmanaged,,,,,,0,0,0,0.00,0,0,0,0.00,0.00,,
1447263129892294737,1447263129892294737,unmanaged-legacy,Pleb,,,leave-unmanaged,,,,,,0,0,0,0.00,0,0,0,0.00,0.00,,
144887626594254848,144887626594254848,unmanaged-legacy,Pleb,,,leave-unmanaged,,,,,,0,0,0,0.00,0,0,0,0.00,0.00,,
144981368294604811,144981368294604811,unmanaged-legacy,Pleb,,,leave-unmanaged,,,,,,0,0,0,0.00,0,0,0,0.00,0.00,,
1453034465461796897,1453034465461796897,unmanaged-legacy,Pleb,,,leave-unmanaged,,,,,,0,0,0,0.00,0,0,0,0.00,0.00,,
1457727611244511276,1457727611244511276,unmanaged-legacy,Pleb,,,leave-unmanaged,,,,,,0,0,0,0.00,0,0,0,0.00,0.00,,
146116042182098944,146116042182098944,unmanaged-legacy,Pleb,,,leave-unmanaged,,,,,,0,0,0,0.00,0,0,0,0.00,0.00,,
146162711846191104,146162711846191104,unmanaged-legacy,Pleb,,,leave-unmanaged,,,,,,0,0,0,0.00,0,0,0,0.00,0.00,,
146222256325001216,146222256325001216,unmanaged-legacy,Pleb,,,leave-unmanaged,,,,,,0,0,0,0.00,0,0,0,0.00,0.00,,
146246438823657472,146246438823657472,unmanaged-legacy,Pleb,,,leave-unmanaged,,,,,,0,0,0,0.00,0,0,0,0.00,0.00,,
1466062947414708367,1466062947414708367,unmanaged-legacy,Pleb,,,leave-unmanaged,,,,,,0,0,0,0.00,0,0,0,0.00,0.00,,
1466612969160052817,1466612969160052817,unmanaged-legacy,Pleb,,,leave-unmanaged,,,,,,0,0,0,0.00,0,0,0,0.00,0.00,,
1468010354918297701,1468010354918297701,unmanaged-legacy,Pleb,,,leave-unmanaged,,,,,,0,0,0,0.00,0,0,0,0.00,0.00,,
1470639887194783756,1470639887194783756,unmanaged-legacy,Pleb,,,leave-unmanaged,,,,,,0,0,0,0.00,0,0,0,0.00,0.00,,
1471149801587609651,1471149801587609651,unmanaged-legacy,Pleb,,,leave-unmanaged,,,,,,0,0,0,0.00,0,0,0,0.00,0.00,,
1474784004514513006,1474784004514513006,unmanaged-legacy,Pleb,,,leave-unmanaged,,,,,,0,0,0,0.00,0,0,0,0.00,0.00,,
1475361560305336350,1475361560305336350,unmanaged-legacy,Pleb,,,leave-unmanaged,,,,,,0,0,0,0.00,0,0,0,0.00,0.00,,
1476227431240040479,1476227431240040479,unmanaged-legacy,Pleb,,,leave-unmanaged,,,,,,0,0,0,0.00,0,0,0,0.00,0.00,,
147663901788471297,147663901788471297,unmanaged-legacy,Pleb,,,leave-unmanaged,,,,,,0,0,0,0.00,0,0,0,0.00,0.00,,
1477416706010775663,1477416706010775663,unmanaged-legacy,Pleb,,,leave-unmanaged,,,,,,0,0,0,0.00,0,0,0,0.00,0.00,,
1477849064019202110,1477849064019202110,unmanaged-legacy,Pleb,,,leave-unmanaged,,,,,,0,0,0,0.00,0,0,0,0.00,0.00,,
1478391555453882623,1478391555453882623,unmanaged-legacy,Pleb,,,leave-unmanaged,,,,,,0,0,0,0.00,0,0,0,0.00,0.00,,
1479066502677135517,1479066502677135517,unmanaged-legacy,Pleb,,,leave-unmanaged,,,,,,0,0,0,0.00,0,0,0,0.00,0.00,,
1479205999804944394,1479205999804944394,unmanaged-legacy,Pleb,,,leave-unmanaged,,,,,,0,0,0,0.00,0,0,0,0.00,0.00,,
1479875504063516834,1479875504063516834,unmanaged-legacy,Pleb,,,leave-unmanaged,,,,,,0,0,0,0.00,0,0,0,0.00,0.00,,
148411754337140736,148411754337140736,unmanaged-legacy,Pleb,,,leave-unmanaged,,,,,,0,0,0,0.00,0,0,0,0.00,0.00,,
1485099933492187308,1485099933492187308,unmanaged-legacy,Pleb,,,leave-unmanaged,,,,,,0,0,0,0.00,0,0,0,0.00,0.00,,
148534662682247177,148534662682247177,unmanaged-legacy,Pleb,,,leave-unmanaged,,,,,,0,0,0,0.00,0,0,0,0.00,0.00,,
1485630913630044171,1485630913630044171,unmanaged-legacy,Pleb,,,leave-unmanaged,,,,,,0,0,0,0.00,0,0,0,0.00,0.00,,
1485966155528011867,1485966155528011867,unmanaged-legacy,Pleb,,,leave-unmanaged,,,,,,0,0,0,0.00,0,0,0,0.00,0.00,,
148638089135259649,148638089135259649,unmanaged-legacy,Pleb,,,leave-unmanaged,,,,,,0,0,0,0.00,0,0,0,0.00,0.00,,
1487807182136410262,1487807182136410262,unmanaged-legacy,Pleb,,,leave-unmanaged,,,,,,0,0,0,0.00,0,0,0,0.00,0.00,,
1488444501054980331,1488444501054980331,unmanaged-legacy,Pleb,,,leave-unmanaged,,,,,,0,0,0,0.00,0,0,0,0.00,0.00,,
1488906016564187178,1488906016564187178,unmanaged-legacy,Pleb,,,leave-unmanaged,,,,,,0,0,0,0.00,0,0,0,0.00,0.00,,
1488925542303404052,1488925542303404052,unmanaged-legacy,Pleb,,,leave-unmanaged,,,,,,0,0,0,0.00,0,0,0,0.00,0.00,,
1489074411750293535,1489074411750293535,unmanaged-legacy,Pleb,,,leave-unmanaged,,,,,,0,0,0,0.00,0,0,0,0.00,0.00,,
1490159187446075473,1490159187446075473,unmanaged-legacy,Pleb,,,leave-unmanaged,,,,,,0,0,0,0.00,0,0,0,0.00,0.00,,
149623093134884864,149623093134884864,unmanaged-legacy,Pleb,,,leave-unmanaged,,,,,,0,0,0,0.00,0,0,0,0.00,0.00,,
149643857699667968,149643857699667968,unmanaged-legacy,Pleb,,,leave-unmanaged,,,,,,0,0,0,0.00,0,0,0,0.00,0.00,,
152213682183602176,152213682183602176,unmanaged-legacy,Pleb,,,leave-unmanaged,,,,,,0,0,0,0.00,0,0,0,0.00,0.00,,
152775519916654592,152775519916654592,unmanaged-legacy,Pleb,,,leave-unmanaged,,,,,,0,0,0,0.00,0,0,0,0.00,0.00,,
152889912251645952,152889912251645952,unmanaged-legacy,Pleb,,,leave-unmanaged,,,,,,0,0,0,0.00,0,0,0,0.00,0.00,,
152901080894668800,152901080894668800,unmanaged-legacy,Pleb,,,leave-unmanaged,,,,,,0,0,0,0.00,0,0,0,0.00,0.00,,
154740874385948672,154740874385948672,unmanaged-legacy,Pleb,,,leave-unmanaged,,,,,,0,0,0,0.00,0,0,0,0.00,0.00,,
154780741887066114,154780741887066114,unmanaged-legacy,Pleb,,,leave-unmanaged,,,,,,0,0,0,0.00,0,0,0,0.00,0.00,,
155853173892841472,155853173892841472,unmanaged-legacy,Pleb,,,leave-unmanaged,,,,,,0,0,0,0.00,0,0,0,0.00,0.00,,
157259128937381897,157259128937381897,unmanaged-legacy,Pleb,,,leave-unmanaged,,,,,,0,0,0,0.00,0,0,0,0.00,0.00,,
158524974368292864,158524974368292864,unmanaged-legacy,Pleb,,,leave-unmanaged,,,,,,0,0,0,0.00,0,0,0,0.00,0.00,,
159034739796213760,159034739796213760,unmanaged-legacy,Pleb,,,leave-unmanaged,,,,,,0,0,0,0.00,0,0,0,0.00,0.00,,
160072090001735680,160072090001735680,unmanaged-legacy,Pleb,,,leave-unmanaged,,,,,,0,0,0,0.00,0,0,0,0.00,0.00,,
160995503692054528,160995503692054528,unmanaged-legacy,Pleb,,,leave-unmanaged,,,,,,0,0,0,0.00,0,0,0,0.00,0.00,,
161126347408670721,161126347408670721,unmanaged-legacy,Pleb,,,leave-unmanaged,,,,,,0,0,0,0.00,0,0,0,0.00,0.00,,
161566832652713984,161566832652713984,unmanaged-legacy,Pleb,,,leave-unmanaged,,,,,,0,0,0,0.00,0,0,0,0.00,0.00,,
161951163367948288,161951163367948288,unmanaged-legacy,Pleb,,,leave-unmanaged,,,,,,0,0,0,0.00,0,0,0,0.00,0.00,,
162020715288068097,162020715288068097,unmanaged-legacy,Pleb,,,leave-unmanaged,,,,,,0,0,0,0.00,0,0,0,0.00,0.00,,
162360240539566091,162360240539566091,unmanaged-legacy,Pleb,,,leave-unmanaged,,,,,,0,0,0,0.00,0,0,0,0.00,0.00,,
162731947230101504,162731947230101504,unmanaged-legacy,Pleb,,,leave-unmanaged,,,,,,0,0,0,0.00,0,0,0,0.00,0.00,,
163601370811727883,163601370811727883,unmanaged-legacy,Pleb,,,leave-unmanaged,,,,,,0,0,0,0.00,0,0,0,0.00,0.00,,
164743391735840768,164743391735840768,unmanaged-legacy,Pleb,,,leave-unmanaged,,,,,,0,0,0,0.00,0,0,0,0.00,0.00,,
165165727576358913,165165727576358913,unmanaged-legacy,Pleb,,,leave-unmanaged,,,,,,0,0,0,0.00,0,0,0,0.00,0.00,,
165476870819807232,165476870819807232,unmanaged-legacy,Legion,Legion,,leave-unmanaged,,,,,,0,0,0,0.00,0,0,0,0.00,0.00,,
165541626972733441,165541626972733441,unmanaged-legacy,Pleb,,,leave-unmanaged,,,,,,0,0,0,0.00,0,0,0,0.00,0.00,,
166455200180207617,166455200180207617,unmanaged-legacy,Pleb,,,leave-unmanaged,,,,,,0,0,0,0.00,0,0,0,0.00,0.00,,
168193448334065665,168193448334065665,unmanaged-legacy,Pleb,,,leave-unmanaged,,,,,,0,0,0,0.00,0,0,0,0.00,0.00,,
168244080176922624,168244080176922624,unmanaged-legacy,Pleb,,,leave-unmanaged,,,,,,0,0,0,0.00,0,0,0,0.00,0.00,,
170139911536640000,170139911536640000,unmanaged-legacy,Pleb,,,leave-unmanaged,,,,,,0,0,0,0.00,0,0,0,0.00,0.00,,
171145048153391104,171145048153391104,unmanaged-legacy,Pleb,,,leave-unmanaged,,,,,,0,0,0,0.00,0,0,0,0.00,0.00,,
171587104718061568,171587104718061568,unmanaged-legacy,Pleb,,,leave-unmanaged,,,,,,0,0,0,0.00,0,0,0,0.00,0.00,,
171762287110127616,171762287110127616,unmanaged-legacy,Pleb,,,leave-unmanaged,,,,,,0,0,0,0.00,0,0,0,0.00,0.00,,
172658774572662784,172658774572662784,unmanaged-legacy,Pleb,,,leave-unmanaged,,,,,,0,0,0,0.00,0,0,0,0.00,0.00,,
172867852154437632,172867852154437632,unmanaged-legacy,Pleb,,,leave-unmanaged,,,,,,0,0,0,0.00,0,0,0,0.00,0.00,,
173758222035976192,173758222035976192,unmanaged-legacy,Pleb,,,leave-unmanaged,,,,,,0,0,0,0.00,0,0,0,0.00,0.00,,
173786270940659712,173786270940659712,unmanaged-legacy,Pleb,,,leave-unmanaged,,,,,,0,0,0,0.00,0,0,0,0.00,0.00,,
174510658946203648,174510658946203648,unmanaged-legacy,Pleb,,,leave-unmanaged,,,,,,0,0,0,0.00,0,0,0,0.00,0.00,,
174861126012502016,174861126012502016,unmanaged-legacy,Pleb,,,leave-unmanaged,,,,,,0,0,0,0.00,0,0,0,0.00,0.00,,
175661743471722496,175661743471722496,unmanaged-legacy,Pleb,,,leave-unmanaged,,,,,,0,0,0,0.00,0,0,0,0.00,0.00,,
176352229861621760,176352229861621760,unmanaged-legacy,Pleb,,,leave-unmanaged,,,,,,0,0,0,0.00,0,0,0,0.00,0.00,,
178210762953588743,178210762953588743,unmanaged-legacy,Pleb,,,leave-unmanaged,,,,,,0,0,0,0.00,0,0,0,0.00,0.00,,
178466459033403392,178466459033403392,unmanaged-legacy,Pleb,,,leave-unmanaged,,,,,,0,0,0,0.00,0,0,0,0.00,0.00,,
179907116700532737,179907116700532737,unmanaged-legacy,Pleb,,,leave-unmanaged,,,,,,0,0,0,0.00,0,0,0,0.00,0.00,,
180035144411774976,180035144411774976,unmanaged-legacy,Pleb,,,leave-unmanaged,,,,,,0,0,0,0.00,0,0,0,0.00,0.00,,
180491333050433536,180491333050433536,unmanaged-legacy,Legion,Legion,,leave-unmanaged,,,,,,0,0,0,0.00,0,0,0,0.00,0.00,,
180798288780328961,180798288780328961,unmanaged-legacy,Pleb,,,leave-unmanaged,,,,,,0,0,0,0.00,0,0,0,0.00,0.00,,
181385569027227649,181385569027227649,unmanaged-legacy,Pleb,,,leave-unmanaged,,,,,,0,0,0,0.00,0,0,0,0.00,0.00,,
181538897036181504,181538897036181504,unmanaged-legacy,Pleb,,,leave-unmanaged,,,,,,0,0,0,0.00,0,0,0,0.00,0.00,,
182128834693431296,182128834693431296,unmanaged-legacy,Pleb,,,leave-unmanaged,,,,,,0,0,0,0.00,0,0,0,0.00,0.00,,
182928790094086145,182928790094086145,unmanaged-legacy,Pleb,,,leave-unmanaged,,,,,,0,0,0,0.00,0,0,0,0.00,0.00,,
183282110902173698,183282110902173698,unmanaged-legacy,Pleb,,,leave-unmanaged,,,,,,0,0,0,0.00,0,0,0,0.00,0.00,,
183303996335718410,183303996335718410,unmanaged-legacy,Pleb,,,leave-unmanaged,,,,,,0,0,0,0.00,0,0,0,0.00,0.00,,
183314413695008769,183314413695008769,unmanaged-legacy,Pleb,,,leave-unmanaged,,,,,,0,0,0,0.00,0,0,0,0.00,0.00,,
184292702316134400,184292702316134400,unmanaged-legacy,Pleb,,,leave-unmanaged,,,,,,0,0,0,0.00,0,0,0,0.00,0.00,,
184397616354820096,184397616354820096,unmanaged-legacy,Pleb,,,leave-unmanaged,,,,,,0,0,0,0.00,0,0,0,0.00,0.00,,
184741459734429696,184741459734429696,unmanaged-legacy,Pleb,,,leave-unmanaged,,,,,,0,0,0,0.00,0,0,0,0.00,0.00,,
186324419604512768,186324419604512768,unmanaged-legacy,Pleb,,,leave-unmanaged,,,,,,0,0,0,0.00,0,0,0,0.00,0.00,,
186877199389949952,186877199389949952,unmanaged-legacy,Pleb,,,leave-unmanaged,,,,,,0,0,0,0.00,0,0,0,0.00,0.00,,
187821105791107073,187821105791107073,unmanaged-legacy,Pleb,,,leave-unmanaged,,,,,,0,0,0,0.00,0,0,0,0.00,0.00,,
189492687265726464,189492687265726464,unmanaged-legacy,Pleb,,,leave-unmanaged,,,,,,0,0,0,0.00,0,0,0,0.00,0.00,,
189714536595587072,189714536595587072,unmanaged-legacy,Pleb,,,leave-unmanaged,,,,,,0,0,0,0.00,0,0,0,0.00,0.00,,
190567608926339072,190567608926339072,unmanaged-legacy,Pleb,,,leave-unmanaged,,,,,,0,0,0,0.00,0,0,0,0.00,0.00,,
191293655871389696,191293655871389696,unmanaged-legacy,Pleb,,,leave-unmanaged,,,,,,0,0,0,0.00,0,0,0,0.00,0.00,,
192460210432901120,192460210432901120,unmanaged-legacy,Pleb,,,leave-unmanaged,,,,,,0,0,0,0.00,0,0,0,0.00,0.00,,
193005732445159424,193005732445159424,unmanaged-legacy,Pleb,,,leave-unmanaged,,,,,,0,0,0,0.00,0,0,0,0.00,0.00,,
193547795179896832,193547795179896832,unmanaged-legacy,Pleb,,,leave-unmanaged,,,,,,0,0,0,0.00,0,0,0,0.00,0.00,,
193676337976705024,193676337976705024,unmanaged-legacy,Pleb,,,leave-unmanaged,,,,,,0,0,0,0.00,0,0,0,0.00,0.00,,
194182047240028160,194182047240028160,unmanaged-legacy,Pleb,,,leave-unmanaged,,,,,,0,0,0,0.00,0,0,0,0.00,0.00,,
194364006000099328,194364006000099328,unmanaged-legacy,Pleb,,,leave-unmanaged,,,,,,0,0,0,0.00,0,0,0,0.00,0.00,,
194492492115214336,194492492115214336,unmanaged-legacy,Pleb,,,leave-unmanaged,,,,,,0,0,0,0.00,0,0,0,0.00,0.00,,
195646209866727425,195646209866727425,unmanaged-legacy,Pleb,,,leave-unmanaged,,,,,,0,0,0,0.00,0,0,0,0.00,0.00,,
196268461578649600,196268461578649600,unmanaged-legacy,Pleb,,,leave-unmanaged,,,,,,0,0,0,0.00,0,0,0,0.00,0.00,,
197292032316669953,197292032316669953,unmanaged-legacy,Pleb,,,leave-unmanaged,,,,,,0,0,0,0.00,0,0,0,0.00,0.00,,
197491764247003136,197491764247003136,unmanaged-legacy,Pleb,,,leave-unmanaged,,,,,,0,0,0,0.00,0,0,0,0.00,0.00,,
198687689963208704,198687689963208704,unmanaged-legacy,Pleb,,,leave-unmanaged,,,,,,0,0,0,0.00,0,0,0,0.00,0.00,,
200028651696160768,200028651696160768,unmanaged-legacy,Pleb,,,leave-unmanaged,,,,,,0,0,0,0.00,0,0,0,0.00,0.00,,
200867818697129984,200867818697129984,unmanaged-legacy,Pleb,,,leave-unmanaged,,,,,,0,0,0,0.00,0,0,0,0.00,0.00,,
201185898254041088,201185898254041088,unmanaged-legacy,Pleb,,,leave-unmanaged,,,,,,0,0,0,0.00,0,0,0,0.00,0.00,,
202445698443116545,202445698443116545,unmanaged-legacy,Pleb,,,leave-unmanaged,,,,,,0,0,0,0.00,0,0,0,0.00,0.00,,
202742094563901441,202742094563901441,unmanaged-legacy,Pleb,,,leave-unmanaged,,,,,,0,0,0,0.00,0,0,0,0.00,0.00,,
202761157201756160,202761157201756160,unmanaged-legacy,Pleb,,,leave-unmanaged,,,,,,0,0,0,0.00,0,0,0,0.00,0.00,,
203528339623772160,203528339623772160,unmanaged-legacy,Pleb,,,leave-unmanaged,,,,,,0,0,0,0.00,0,0,0,0.00,0.00,,
203529102454423552,203529102454423552,unmanaged-legacy,Pleb,,,leave-unmanaged,,,,,,0,0,0,0.00,0,0,0,0.00,0.00,,
203581491161071627,203581491161071627,unmanaged-legacy,Pleb,,,leave-unmanaged,,,,,,0,0,0,0.00,0,0,0,0.00,0.00,,
204075764809859073,204075764809859073,unmanaged-legacy,Pleb,,,leave-unmanaged,,,,,,0,0,0,0.00,0,0,0,0.00,0.00,,
204522339801497600,204522339801497600,unmanaged-legacy,Pleb,,,leave-unmanaged,,,,,,0,0,0,0.00,0,0,0,0.00,0.00,,
205358830715011072,205358830715011072,unmanaged-legacy,Pleb,,,leave-unmanaged,,,,,,0,0,0,0.00,0,0,0,0.00,0.00,,
205696172692733953,205696172692733953,unmanaged-legacy,Pleb,,,leave-unmanaged,,,,,,0,0,0,0.00,0,0,0,0.00,0.00,,
206123929813778432,206123929813778432,unmanaged-legacy,Pleb,,,leave-unmanaged,,,,,,0,0,0,0.00,0,0,0,0.00,0.00,,
206317598940463105,206317598940463105,unmanaged-legacy,Pleb,,,leave-unmanaged,,,,,,0,0,0,0.00,0,0,0,0.00,0.00,,
206705030957367297,206705030957367297,unmanaged-legacy,Pleb,,,leave-unmanaged,,,,,,0,0,0,0.00,0,0,0,0.00,0.00,,
207794007156326402,207794007156326402,unmanaged-legacy,Pleb,,,leave-unmanaged,,,,,,0,0,0,0.00,0,0,0,0.00,0.00,,
208663395828891649,208663395828891649,unmanaged-legacy,Pleb,,,leave-unmanaged,,,,,,0,0,0,0.00,0,0,0,0.00,0.00,,
208965437608689664,208965437608689664,unmanaged-legacy,Pleb,,,leave-unmanaged,,,,,,0,0,0,0.00,0,0,0,0.00,0.00,,
209825988484268033,209825988484268033,unmanaged-legacy,Pleb,,,leave-unmanaged,,,,,,0,0,0,0.00,0,0,0,0.00,0.00,,
210347569761484800,210347569761484800,unmanaged-legacy,Pleb,,,leave-unmanaged,,,,,,0,0,0,0.00,0,0,0,0.00,0.00,,
210503690635837441,210503690635837441,unmanaged-legacy,Pleb,,,leave-unmanaged,,,,,,0,0,0,0.00,0,0,0,0.00,0.00,,
210516460001427467,210516460001427467,unmanaged-legacy,Pleb,,,leave-unmanaged,,,,,,0,0,0,0.00,0,0,0,0.00,0.00,,
210874318211645442,210874318211645442,unmanaged-legacy,Pleb,,,leave-unmanaged,,,,,,0,0,0,0.00,0,0,0,0.00,0.00,,
211168867806871553,211168867806871553,unmanaged-legacy,Pleb,,,leave-unmanaged,,,,,,0,0,0,0.00,0,0,0,0.00,0.00,,
211981078402039821,211981078402039821,unmanaged-legacy,Pleb,,,leave-unmanaged,,,,,,0,0,0,0.00,0,0,0,0.00,0.00,,
212043543106027520,212043543106027520,unmanaged-legacy,Pleb,,,leave-unmanaged,,,,,,0,0,0,0.00,0,0,0,0.00,0.00,,
212162997345452032,212162997345452032,unmanaged-legacy,Pleb,,,leave-unmanaged,,,,,,0,0,0,0.00,0,0,0,0.00,0.00,,
212628979998261248,212628979998261248,unmanaged-legacy,Pleb,,,leave-unmanaged,,,,,,0,0,0,0.00,0,0,0,0.00,0.00,,
212650466146779137,212650466146779137,unmanaged-legacy,Pleb,,,leave-unmanaged,,,,,,0,0,0,0.00,0,0,0,0.00,0.00,,
212944545929756672,212944545929756672,unmanaged-legacy,Pleb,,,leave-unmanaged,,,,,,0,0,0,0.00,0,0,0,0.00,0.00,,
212970298272645121,212970298272645121,unmanaged-legacy,Pleb,,,leave-unmanaged,,,,,,0,0,0,0.00,0,0,0,0.00,0.00,,
213542509396099072,213542509396099072,unmanaged-legacy,Pleb,,,leave-unmanaged,,,,,,0,0,0,0.00,0,0,0,0.00,0.00,,
213546703943499777,213546703943499777,unmanaged-legacy,Pleb,,,leave-unmanaged,,,,,,0,0,0,0.00,0,0,0,0.00,0.00,,
213598530755887104,213598530755887104,unmanaged-legacy,Pleb,,,leave-unmanaged,,,,,,0,0,0,0.00,0,0,0,0.00,0.00,,
213707454830084096,213707454830084096,unmanaged-legacy,Pleb,,,leave-unmanaged,,,,,,0,0,0,0.00,0,0,0,0.00,0.00,,
213989603412148226,213989603412148226,unmanaged-legacy,Pleb,,,leave-unmanaged,,,,,,0,0,0,0.00,0,0,0,0.00,0.00,,
214206709235843072,214206709235843072,unmanaged-legacy,Pleb,,,leave-unmanaged,,,,,,0,0,0,0.00,0,0,0,0.00,0.00,,
214401368172134400,214401368172134400,unmanaged-legacy,Pleb,,,leave-unmanaged,,,,,,0,0,0,0.00,0,0,0,0.00,0.00,,
215369787835023360,215369787835023360,unmanaged-legacy,Pleb,,,leave-unmanaged,,,,,,0,0,0,0.00,0,0,0,0.00,0.00,,
215661172882538498,215661172882538498,unmanaged-legacy,Pleb,,,leave-unmanaged,,,,,,0,0,0,0.00,0,0,0,0.00,0.00,,
216693756479406080,216693756479406080,unmanaged-legacy,Pleb,,,leave-unmanaged,,,,,,0,0,0,0.00,0,0,0,0.00,0.00,,
216947920191094784,216947920191094784,unmanaged-legacy,Pleb,,,leave-unmanaged,,,,,,0,0,0,0.00,0,0,0,0.00,0.00,,
217062783357943810,217062783357943810,unmanaged-legacy,Pleb,,,leave-unmanaged,,,,,,0,0,0,0.00,0,0,0,0.00,0.00,,
217720109664436224,217720109664436224,unmanaged-legacy,Pleb,,,leave-unmanaged,,,,,,0,0,0,0.00,0,0,0,0.00,0.00,,
217740751453290496,217740751453290496,unmanaged-legacy,Pleb,,,leave-unmanaged,,,,,,0,0,0,0.00,0,0,0,0.00,0.00,,
217758912462454785,217758912462454785,unmanaged-legacy,Pleb,,,leave-unmanaged,,,,,,0,0,0,0.00,0,0,0,0.00,0.00,,
218099290025754625,218099290025754625,unmanaged-legacy,Pleb,,,leave-unmanaged,,,,,,0,0,0,0.00,0,0,0,0.00,0.00,,
218683639679025152,218683639679025152,unmanaged-legacy,Pleb,,,leave-unmanaged,,,,,,0,0,0,0.00,0,0,0,0.00,0.00,,
218794904069865472,218794904069865472,unmanaged-legacy,Pleb,,,leave-unmanaged,,,,,,0,0,0,0.00,0,0,0,0.00,0.00,,
219167419829190656,219167419829190656,unmanaged-legacy,Pleb,,,leave-unmanaged,,,,,,0,0,0,0.00,0,0,0,0.00,0.00,,
219973017353191424,219973017353191424,unmanaged-legacy,Pleb,,,leave-unmanaged,,,,,,0,0,0,0.00,0,0,0,0.00,0.00,,
219983656893153280,219983656893153280,unmanaged-legacy,Pleb,,,leave-unmanaged,,,,,,0,0,0,0.00,0,0,0,0.00,0.00,,
220347469802766336,220347469802766336,unmanaged-legacy,Pleb,,,leave-unmanaged,,,,,,0,0,0,0.00,0,0,0,0.00,0.00,,
220622830876884993,220622830876884993,unmanaged-legacy,Pleb,,,leave-unmanaged,,,,,,0,0,0,0.00,0,0,0,0.00,0.00,,
220891221470609408,220891221470609408,unmanaged-legacy,Pleb,,,leave-unmanaged,,,,,,0,0,0,0.00,0,0,0,0.00,0.00,,
220931296141115392,220931296141115392,unmanaged-legacy,Pleb,,,leave-unmanaged,,,,,,0,0,0,0.00,0,0,0,0.00,0.00,,
221204852498235393,221204852498235393,unmanaged-legacy,Pleb,,,leave-unmanaged,,,,,,0,0,0,0.00,0,0,0,0.00,0.00,,
222022696169504768,222022696169504768,unmanaged-legacy,Pleb,,,leave-unmanaged,,,,,,0,0,0,0.00,0,0,0,0.00,0.00,,
222060465977688064,222060465977688064,unmanaged-legacy,Pleb,,,leave-unmanaged,,,,,,0,0,0,0.00,0,0,0,0.00,0.00,,
223057873343610880,223057873343610880,unmanaged-legacy,Pleb,,,leave-unmanaged,,,,,,0,0,0,0.00,0,0,0,0.00,0.00,,
223161731180920832,223161731180920832,unmanaged-legacy,Pleb,,,leave-unmanaged,,,,,,0,0,0,0.00,0,0,0,0.00,0.00,,
223967188770488320,223967188770488320,unmanaged-legacy,Pleb,,,leave-unmanaged,,,,,,0,0,0,0.00,0,0,0,0.00,0.00,,
224213602674933760,224213602674933760,unmanaged-legacy,Pleb,,,leave-unmanaged,,,,,,0,0,0,0.00,0,0,0,0.00,0.00,,
224310830420721664,224310830420721664,unmanaged-legacy,Gladiator,Gladiator,,leave-unmanaged,,,,,,0,0,0,0.00,0,0,0,0.00,0.00,,
224362637444513793,224362637444513793,unmanaged-legacy,Pleb,,,leave-unmanaged,,,,,,0,0,0,0.00,0,0,0,0.00,0.00,,
225372440966987786,225372440966987786,unmanaged-legacy,Pleb,,,leave-unmanaged,,,,,,0,0,0,0.00,0,0,0,0.00,0.00,,
227426245430738944,227426245430738944,unmanaged-legacy,Pleb,,,leave-unmanaged,,,,,,0,0,0,0.00,0,0,0,0.00,0.00,,
228190740788936704,228190740788936704,unmanaged-legacy,Pleb,,,leave-unmanaged,,,,,,0,0,0,0.00,0,0,0,0.00,0.00,,
229246865114267649,229246865114267649,unmanaged-legacy,Pleb,,,leave-unmanaged,,,,,,0,0,0,0.00,0,0,0,0.00,0.00,,
230311639801397248,230311639801397248,unmanaged-legacy,Pleb,,,leave-unmanaged,,,,,,0,0,0,0.00,0,0,0,0.00,0.00,,
231799624900280320,231799624900280320,unmanaged-legacy,Pleb,,,leave-unmanaged,,,,,,0,0,0,0.00,0,0,0,0.00,0.00,,
231825188038246400,231825188038246400,unmanaged-legacy,Pleb,,,leave-unmanaged,,,,,,0,0,0,0.00,0,0,0,0.00,0.00,,
233154498875490304,233154498875490304,unmanaged-legacy,Pleb,,,leave-unmanaged,,,,,,0,0,0,0.00,0,0,0,0.00,0.00,,
233639392143605762,233639392143605762,unmanaged-legacy,Pleb,,,leave-unmanaged,,,,,,0,0,0,0.00,0,0,0,0.00,0.00,,
233690599042187264,233690599042187264,unmanaged-legacy,Pleb,,,leave-unmanaged,,,,,,0,0,0,0.00,0,0,0,0.00,0.00,,
233972077776863232,233972077776863232,unmanaged-legacy,Pleb,,,leave-unmanaged,,,,,,0,0,0,0.00,0,0,0,0.00,0.00,,
234105053382705153,234105053382705153,unmanaged-legacy,Pleb,,,leave-unmanaged,,,,,,0,0,0,0.00,0,0,0,0.00,0.00,,
234240429170622464,234240429170622464,unmanaged-legacy,Pleb,,,leave-unmanaged,,,,,,0,0,0,0.00,0,0,0,0.00,0.00,,
234311646078697472,234311646078697472,unmanaged-legacy,Pleb,,,leave-unmanaged,,,,,,0,0,0,0.00,0,0,0,0.00,0.00,,
235137525088387072,235137525088387072,unmanaged-legacy,Pleb,,,leave-unmanaged,,,,,,0,0,0,0.00,0,0,0,0.00,0.00,,
235335822344323072,235335822344323072,unmanaged-legacy,Pleb,,,leave-unmanaged,,,,,,0,0,0,0.00,0,0,0,0.00,0.00,,
235959966177951745,235959966177951745,unmanaged-legacy,Pleb,,,leave-unmanaged,,,,,,0,0,0,0.00,0,0,0,0.00,0.00,,
236518317886668800,236518317886668800,unmanaged-legacy,Pleb,,,leave-unmanaged,,,,,,0,0,0,0.00,0,0,0,0.00,0.00,,
236653330749849600,236653330749849600,unmanaged-legacy,Pleb,,,leave-unmanaged,,,,,,0,0,0,0.00,0,0,0,0.00,0.00,,
236662292865875970,236662292865875970,unmanaged-legacy,Pleb,,,leave-unmanaged,,,,,,0,0,0,0.00,0,0,0,0.00,0.00,,
236902091224907776,236902091224907776,unmanaged-legacy,Pleb,,,leave-unmanaged,,,,,,0,0,0,0.00,0,0,0,0.00,0.00,,
237062018018967555,237062018018967555,unmanaged-legacy,Pleb,,,leave-unmanaged,,,,,,0,0,0,0.00,0,0,0,0.00,0.00,,
238258822576209920,238258822576209920,unmanaged-legacy,Pleb,,,leave-unmanaged,,,,,,0,0,0,0.00,0,0,0,0.00,0.00,,
238735598498742274,238735598498742274,unmanaged-legacy,Pleb,,,leave-unmanaged,,,,,,0,0,0,0.00,0,0,0,0.00,0.00,,
238984830195335168,238984830195335168,unmanaged-legacy,Pleb,,,leave-unmanaged,,,,,,0,0,0,0.00,0,0,0,0.00,0.00,,
239024301934641154,239024301934641154,unmanaged-legacy,Pleb,,,leave-unmanaged,,,,,,0,0,0,0.00,0,0,0,0.00,0.00,,
239170946898984962,239170946898984962,unmanaged-legacy,Pleb,,,leave-unmanaged,,,,,,0,0,0,0.00,0,0,0,0.00,0.00,,
239403563304878080,239403563304878080,unmanaged-legacy,Pleb,,,leave-unmanaged,,,,,,0,0,0,0.00,0,0,0,0.00,0.00,,
240506945008697344,240506945008697344,unmanaged-legacy,Pleb,,,leave-unmanaged,,,,,,0,0,0,0.00,0,0,0,0.00,0.00,,
240719162635321344,240719162635321344,unmanaged-legacy,Pleb,,,leave-unmanaged,,,,,,0,0,0,0.00,0,0,0,0.00,0.00,,
241145276713271300,241145276713271300,unmanaged-legacy,Pleb,,,leave-unmanaged,,,,,,0,0,0,0.00,0,0,0,0.00,0.00,,
241472237490798593,241472237490798593,unmanaged-legacy,Pleb,,,leave-unmanaged,,,,,,0,0,0,0.00,0,0,0,0.00,0.00,,
241550344402894848,241550344402894848,unmanaged-legacy,Pleb,,,leave-unmanaged,,,,,,0,0,0,0.00,0,0,0,0.00,0.00,,
245285732527243264,245285732527243264,unmanaged-legacy,Pleb,,,leave-unmanaged,,,,,,0,0,0,0.00,0,0,0,0.00,0.00,,
245554357313994752,245554357313994752,unmanaged-legacy,Pleb,,,leave-unmanaged,,,,,,0,0,0,0.00,0,0,0,0.00,0.00,,
245578754686976011,245578754686976011,unmanaged-legacy,Pleb,,,leave-unmanaged,,,,,,0,0,0,0.00,0,0,0,0.00,0.00,,
245657150104403969,245657150104403969,unmanaged-legacy,Pleb,,,leave-unmanaged,,,,,,0,0,0,0.00,0,0,0,0.00,0.00,,
246196318366728192,246196318366728192,unmanaged-legacy,Gladiator,Gladiator,,leave-unmanaged,,,,,,0,0,0,0.00,0,0,0,0.00,0.00,,
247162014781276160,247162014781276160,unmanaged-legacy,Pleb,,,leave-unmanaged,,,,,,0,0,0,0.00,0,0,0,0.00,0.00,,
248548257674952704,248548257674952704,unmanaged-legacy,Pleb,,,leave-unmanaged,,,,,,0,0,0,0.00,0,0,0,0.00,0.00,,
248869015823450112,248869015823450112,unmanaged-legacy,Pleb,,,leave-unmanaged,,,,,,0,0,0,0.00,0,0,0,0.00,0.00,,
248950616389451776,248950616389451776,unmanaged-legacy,Pleb,,,leave-unmanaged,,,,,,0,0,0,0.00,0,0,0,0.00,0.00,,
249568114566496256,249568114566496256,unmanaged-legacy,Pleb,,,leave-unmanaged,,,,,,0,0,0,0.00,0,0,0,0.00,0.00,,
251268651615780875,251268651615780875,unmanaged-legacy,Pleb,,,leave-unmanaged,,,,,,0,0,0,0.00,0,0,0,0.00,0.00,,
252028364007669761,252028364007669761,unmanaged-legacy,Pleb,,,leave-unmanaged,,,,,,0,0,0,0.00,0,0,0,0.00,0.00,,
252367961480757248,252367961480757248,unmanaged-legacy,Pleb,,,leave-unmanaged,,,,,,0,0,0,0.00,0,0,0,0.00,0.00,,
252848833590067200,252848833590067200,unmanaged-legacy,Pleb,,,leave-unmanaged,,,,,,0,0,0,0.00,0,0,0,0.00,0.00,,
253635210027991040,253635210027991040,unmanaged-legacy,Pleb,,,leave-unmanaged,,,,,,0,0,0,0.00,0,0,0,0.00,0.00,,
253798957841383425,253798957841383425,unmanaged-legacy,Pleb,,,leave-unmanaged,,,,,,0,0,0,0.00,0,0,0,0.00,0.00,,
253816878579843072,253816878579843072,unmanaged-legacy,Pleb,,,leave-unmanaged,,,,,,0,0,0,0.00,0,0,0,0.00,0.00,,
253893865734537216,253893865734537216,unmanaged-legacy,Pleb,,,leave-unmanaged,,,,,,0,0,0,0.00,0,0,0,0.00,0.00,,
254439302786842624,254439302786842624,unmanaged-legacy,Pleb,,,leave-unmanaged,,,,,,0,0,0,0.00,0,0,0,0.00,0.00,,
254681147466842133,254681147466842133,unmanaged-legacy,Pleb,,,leave-unmanaged,,,,,,0,0,0,0.00,0,0,0,0.00,0.00,,
254756441343131648,254756441343131648,unmanaged-legacy,Pleb,,,leave-unmanaged,,,,,,0,0,0,0.00,0,0,0,0.00,0.00,,
254931260630237185,254931260630237185,unmanaged-legacy,Pleb,,,leave-unmanaged,,,,,,0,0,0,0.00,0,0,0,0.00,0.00,,
254941357829783552,254941357829783552,unmanaged-legacy,Pleb,,,leave-unmanaged,,,,,,0,0,0,0.00,0,0,0,0.00,0.00,,
254995400241577985,254995400241577985,unmanaged-legacy,Pleb,,,leave-unmanaged,,,,,,0,0,0,0.00,0,0,0,0.00,0.00,,
255058317422886922,255058317422886922,unmanaged-legacy,Pleb,,,leave-unmanaged,,,,,,0,0,0,0.00,0,0,0,0.00,0.00,,
255219081580511241,255219081580511241,unmanaged-legacy,Pleb,,,leave-unmanaged,,,,,,0,0,0,0.00,0,0,0,0.00,0.00,,
256576419595812865,256576419595812865,unmanaged-legacy,Pleb,,,leave-unmanaged,,,,,,0,0,0,0.00,0,0,0,0.00,0.00,,
256781150356242432,256781150356242432,unmanaged-legacy,Pleb,,,leave-unmanaged,,,,,,0,0,0,0.00,0,0,0,0.00,0.00,,
256894190045233155,256894190045233155,unmanaged-legacy,Pleb,,,leave-unmanaged,,,,,,0,0,0,0.00,0,0,0,0.00,0.00,,
257116228898783232,257116228898783232,unmanaged-legacy,Pleb,,,leave-unmanaged,,,,,,0,0,0,0.00,0,0,0,0.00,0.00,,
257496209126719489,257496209126719489,unmanaged-legacy,Pleb,,,leave-unmanaged,,,,,,0,0,0,0.00,0,0,0,0.00,0.00,,
257525652784152587,257525652784152587,unmanaged-legacy,Pleb,,,leave-unmanaged,,,,,,0,0,0,0.00,0,0,0,0.00,0.00,,
257550571832082432,257550571832082432,unmanaged-legacy,Pleb,,,leave-unmanaged,,,,,,0,0,0,0.00,0,0,0,0.00,0.00,,
257969292480348161,257969292480348161,unmanaged-legacy,Pleb,,,leave-unmanaged,,,,,,0,0,0,0.00,0,0,0,0.00,0.00,,
257997656788434945,257997656788434945,unmanaged-legacy,Pleb,,,leave-unmanaged,,,,,,0,0,0,0.00,0,0,0,0.00,0.00,,
258255731973685248,258255731973685248,unmanaged-legacy,Pleb,,,leave-unmanaged,,,,,,0,0,0,0.00,0,0,0,0.00,0.00,,
259342150414761984,259342150414761984,unmanaged-legacy,Pleb,,,leave-unmanaged,,,,,,0,0,0,0.00,0,0,0,0.00,0.00,,
259634235525169152,259634235525169152,unmanaged-legacy,Pleb,,,leave-unmanaged,,,,,,0,0,0,0.00,0,0,0,0.00,0.00,,
260561040075390988,260561040075390988,unmanaged-legacy,Pleb,,,leave-unmanaged,,,,,,0,0,0,0.00,0,0,0,0.00,0.00,,
260828347179728896,260828347179728896,unmanaged-legacy,Pleb,,,leave-unmanaged,,,,,,0,0,0,0.00,0,0,0,0.00,0.00,,
261935283312918529,261935283312918529,unmanaged-legacy,Pleb,,,leave-unmanaged,,,,,,0,0,0,0.00,0,0,0,0.00,0.00,,
262598018627272704,262598018627272704,unmanaged-legacy,Pleb,,,leave-unmanaged,,,,,,0,0,0,0.00,0,0,0,0.00,0.00,,
263007686688374785,263007686688374785,unmanaged-legacy,Pleb,,,leave-unmanaged,,,,,,0,0,0,0.00,0,0,0,0.00,0.00,,
263008169721200640,263008169721200640,unmanaged-legacy,Pleb,,,leave-unmanaged,,,,,,0,0,0,0.00,0,0,0,0.00,0.00,,
263378861759135744,263378861759135744,unmanaged-legacy,Pleb,,,leave-unmanaged,,,,,,0,0,0,0.00,0,0,0,0.00,0.00,,
263410983106510860,263410983106510860,unmanaged-legacy,Pleb,,,leave-unmanaged,,,,,,0,0,0,0.00,0,0,0,0.00,0.00,,
263437005008928780,263437005008928780,unmanaged-legacy,Pleb,,,leave-unmanaged,,,,,,0,0,0,0.00,0,0,0,0.00,0.00,,
264014327009378304,264014327009378304,unmanaged-legacy,Pleb,,,leave-unmanaged,,,,,,0,0,0,0.00,0,0,0,0.00,0.00,,
264388068352589824,264388068352589824,unmanaged-legacy,Pleb,,,leave-unmanaged,,,,,,0,0,0,0.00,0,0,0,0.00,0.00,,
264827602152194048,264827602152194048,unmanaged-legacy,Pleb,,,leave-unmanaged,,,,,,0,0,0,0.00,0,0,0,0.00,0.00,,
266263822740750336,266263822740750336,unmanaged-legacy,Pleb,,,leave-unmanaged,,,,,,0,0,0,0.00,0,0,0,0.00,0.00,,
266591668172619776,266591668172619776,unmanaged-legacy,Pleb,,,leave-unmanaged,,,,,,0,0,0,0.00,0,0,0,0.00,0.00,,
266987438734442506,266987438734442506,unmanaged-legacy,Pleb,,,leave-unmanaged,,,,,,0,0,0,0.00,0,0,0,0.00,0.00,,
267011420674064384,267011420674064384,unmanaged-legacy,Pleb,,,leave-unmanaged,,,,,,0,0,0,0.00,0,0,0,0.00,0.00,,
267851006857969674,267851006857969674,unmanaged-legacy,Pleb,,,leave-unmanaged,,,,,,0,0,0,0.00,0,0,0,0.00,0.00,,
267990341418745856,267990341418745856,unmanaged-legacy,Legion,Legion,,leave-unmanaged,,,,,,0,0,0,0.00,0,0,0,0.00,0.00,,
268161510398754817,268161510398754817,unmanaged-legacy,Pleb,,,leave-unmanaged,,,,,,0,0,0,0.00,0,0,0,0.00,0.00,,
268369801326493696,268369801326493696,unmanaged-legacy,Pleb,,,leave-unmanaged,,,,,,0,0,0,0.00,0,0,0,0.00,0.00,,
268769950179655690,268769950179655690,unmanaged-legacy,Pleb,,,leave-unmanaged,,,,,,0,0,0,0.00,0,0,0,0.00,0.00,,
268774270195204097,268774270195204097,unmanaged-legacy,Pleb,,,leave-unmanaged,,,,,,0,0,0,0.00,0,0,0,0.00,0.00,,
268842241039138816,268842241039138816,unmanaged-legacy,Pleb,,,leave-unmanaged,,,,,,0,0,0,0.00,0,0,0,0.00,0.00,,
269155361817231360,269155361817231360,unmanaged-legacy,Pleb,,,leave-unmanaged,,,,,,0,0,0,0.00,0,0,0,0.00,0.00,,
269575992039702539,269575992039702539,unmanaged-legacy,Gladiator,Gladiator,,leave-unmanaged,,,,,,0,0,0,0.00,0,0,0,0.00,0.00,,
270272788953038848,270272788953038848,unmanaged-legacy,Pleb,,,leave-unmanaged,,,,,,0,0,0,0.00,0,0,0,0.00,0.00,,
270357067942854657,270357067942854657,unmanaged-legacy,Pleb,,,leave-unmanaged,,,,,,0,0,0,0.00,0,0,0,0.00,0.00,,
270503360304644096,270503360304644096,unmanaged-legacy,Gladiator,Gladiator,,leave-unmanaged,,,,,,0,0,0,0.00,0,0,0,0.00,0.00,,
270642635713019904,270642635713019904,unmanaged-legacy,Pleb,,,leave-unmanaged,,,,,,0,0,0,0.00,0,0,0,0.00,0.00,,
271255292799352832,271255292799352832,unmanaged-legacy,Pleb,,,leave-unmanaged,,,,,,0,0,0,0.00,0,0,0,0.00,0.00,,
271277033030418433,271277033030418433,unmanaged-legacy,Pleb,,,leave-unmanaged,,,,,,0,0,0,0.00,0,0,0,0.00,0.00,,
272030637630685184,272030637630685184,unmanaged-legacy,Pleb,,,leave-unmanaged,,,,,,0,0,0,0.00,0,0,0,0.00,0.00,,
272467074062876672,272467074062876672,unmanaged-legacy,Pleb,,,leave-unmanaged,,,,,,0,0,0,0.00,0,0,0,0.00,0.00,,
273119755844583425,273119755844583425,unmanaged-legacy,Pleb,,,leave-unmanaged,,,,,,0,0,0,0.00,0,0,0,0.00,0.00,,
273182855595819008,273182855595819008,unmanaged-legacy,Pleb,,,leave-unmanaged,,,,,,0,0,0,0.00,0,0,0,0.00,0.00,,
273364612756537344,273364612756537344,unmanaged-legacy,Pleb,,,leave-unmanaged,,,,,,0,0,0,0.00,0,0,0,0.00,0.00,,
273669546773184512,273669546773184512,unmanaged-legacy,Pleb,,,leave-unmanaged,,,,,,0,0,0,0.00,0,0,0,0.00,0.00,,
274278880305741825,274278880305741825,unmanaged-legacy,Pleb,,,leave-unmanaged,,,,,,0,0,0,0.00,0,0,0,0.00,0.00,,
274985255604060160,274985255604060160,unmanaged-legacy,Pleb,,,leave-unmanaged,,,,,,0,0,0,0.00,0,0,0,0.00,0.00,,
275248141261864972,275248141261864972,unmanaged-legacy,Pleb,,,leave-unmanaged,,,,,,0,0,0,0.00,0,0,0,0.00,0.00,,
275328765192568832,275328765192568832,unmanaged-legacy,Pleb,,,leave-unmanaged,,,,,,0,0,0,0.00,0,0,0,0.00,0.00,,
275583446472982529,275583446472982529,unmanaged-legacy,Pleb,,,leave-unmanaged,,,,,,0,0,0,0.00,0,0,0,0.00,0.00,,
275765309049405441,275765309049405441,unmanaged-legacy,Pleb,,,leave-unmanaged,,,,,,0,0,0,0.00,0,0,0,0.00,0.00,,
276024101070569473,276024101070569473,unmanaged-legacy,Pleb,,,leave-unmanaged,,,,,,0,0,0,0.00,0,0,0,0.00,0.00,,
276055691935088641,276055691935088641,unmanaged-legacy,Pleb,,,leave-unmanaged,,,,,,0,0,0,0.00,0,0,0,0.00,0.00,,
276113067732107265,276113067732107265,unmanaged-legacy,Legion,Legion,,leave-unmanaged,,,,,,0,0,0,0.00,0,0,0,0.00,0.00,,
276165840242475008,276165840242475008,unmanaged-legacy,Pleb,,,leave-unmanaged,,,,,,0,0,0,0.00,0,0,0,0.00,0.00,,
276447145513713664,276447145513713664,unmanaged-legacy,Pleb,,,leave-unmanaged,,,,,,0,0,0,0.00,0,0,0,0.00,0.00,,
276770707378012160,276770707378012160,unmanaged-legacy,Pleb,,,leave-unmanaged,,,,,,0,0,0,0.00,0,0,0,0.00,0.00,,
276789590436610059,276789590436610059,unmanaged-legacy,Pleb,,,leave-unmanaged,,,,,,0,0,0,0.00,0,0,0,0.00,0.00,,
277357363839631370,277357363839631370,unmanaged-legacy,Pleb,,,leave-unmanaged,,,,,,0,0,0,0.00,0,0,0,0.00,0.00,,
277439162179649537,277439162179649537,unmanaged-legacy,Pleb,,,leave-unmanaged,,,,,,0,0,0,0.00,0,0,0,0.00,0.00,,
277877340351234070,277877340351234070,unmanaged-legacy,Pleb,,,leave-unmanaged,,,,,,0,0,0,0.00,0,0,0,0.00,0.00,,
278106189517029379,278106189517029379,unmanaged-legacy,Pleb,,,leave-unmanaged,,,,,,0,0,0,0.00,0,0,0,0.00,0.00,,
278970201611960321,278970201611960321,unmanaged-legacy,Pleb,,,leave-unmanaged,,,,,,0,0,0,0.00,0,0,0,0.00,0.00,,
279287228910403585,279287228910403585,unmanaged-legacy,Pleb,,,leave-unmanaged,,,,,,0,0,0,0.00,0,0,0,0.00,0.00,,
279372212245626880,279372212245626880,unmanaged-legacy,Pleb,,,leave-unmanaged,,,,,,0,0,0,0.00,0,0,0,0.00,0.00,,
279377968823009281,279377968823009281,unmanaged-legacy,Pleb,,,leave-unmanaged,,,,,,0,0,0,0.00,0,0,0,0.00,0.00,,
279635632370745345,279635632370745345,unmanaged-legacy,Pleb,,,leave-unmanaged,,,,,,0,0,0,0.00,0,0,0,0.00,0.00,,
279796272901259265,279796272901259265,unmanaged-legacy,Pleb,,,leave-unmanaged,,,,,,0,0,0,0.00,0,0,0,0.00,0.00,,
281575760609935360,281575760609935360,unmanaged-legacy,Pleb,,,leave-unmanaged,,,,,,0,0,0,0.00,0,0,0,0.00,0.00,,
282508228741431297,282508228741431297,unmanaged-legacy,Pleb,,,leave-unmanaged,,,,,,0,0,0,0.00,0,0,0,0.00,0.00,,
282943363924099082,282943363924099082,unmanaged-legacy,Pleb,,,leave-unmanaged,,,,,,0,0,0,0.00,0,0,0,0.00,0.00,,
283667488539934720,283667488539934720,unmanaged-legacy,Pleb,,,leave-unmanaged,,,,,,0,0,0,0.00,0,0,0,0.00,0.00,,
284065893078663169,284065893078663169,unmanaged-legacy,Pleb,,,leave-unmanaged,,,,,,0,0,0,0.00,0,0,0,0.00,0.00,,
284482121169371146,284482121169371146,unmanaged-legacy,Pleb,,,leave-unmanaged,,,,,,0,0,0,0.00,0,0,0,0.00,0.00,,
284733093699518465,284733093699518465,unmanaged-legacy,Pleb,,,leave-unmanaged,,,,,,0,0,0,0.00,0,0,0,0.00,0.00,,
284772861594566657,284772861594566657,unmanaged-legacy,Pleb,,,leave-unmanaged,,,,,,0,0,0,0.00,0,0,0,0.00,0.00,,
284987571266912257,284987571266912257,unmanaged-legacy,Pleb,,,leave-unmanaged,,,,,,0,0,0,0.00,0,0,0,0.00,0.00,,
285653088499531776,285653088499531776,unmanaged-legacy,Pleb,,,leave-unmanaged,,,,,,0,0,0,0.00,0,0,0,0.00,0.00,,
286210396120023041,286210396120023041,unmanaged-legacy,Pleb,,,leave-unmanaged,,,,,,0,0,0,0.00,0,0,0,0.00,0.00,,
286281093882314762,286281093882314762,unmanaged-legacy,Pleb,,,leave-unmanaged,,,,,,0,0,0,0.00,0,0,0,0.00,0.00,,
287234011527380995,287234011527380995,unmanaged-legacy,Pleb,,,leave-unmanaged,,,,,,0,0,0,0.00,0,0,0,0.00,0.00,,
287271460970430474,287271460970430474,unmanaged-legacy,Pleb,,,leave-unmanaged,,,,,,0,0,0,0.00,0,0,0,0.00,0.00,,
287582237338370048,287582237338370048,unmanaged-legacy,Pleb,,,leave-unmanaged,,,,,,0,0,0,0.00,0,0,0,0.00,0.00,,
287698907998453761,287698907998453761,unmanaged-legacy,Pleb,,,leave-unmanaged,,,,,,0,0,0,0.00,0,0,0,0.00,0.00,,
287708582751895554,287708582751895554,unmanaged-legacy,Pleb,,,leave-unmanaged,,,,,,0,0,0,0.00,0,0,0,0.00,0.00,,
287816116770701324,287816116770701324,unmanaged-legacy,Pleb,,,leave-unmanaged,,,,,,0,0,0,0.00,0,0,0,0.00,0.00,,
288132947863666688,288132947863666688,unmanaged-legacy,Pleb,,,leave-unmanaged,,,,,,0,0,0,0.00,0,0,0,0.00,0.00,,
288379134776705025,288379134776705025,unmanaged-legacy,Pleb,,,leave-unmanaged,,,,,,0,0,0,0.00,0,0,0,0.00,0.00,,
288753404103229440,288753404103229440,unmanaged-legacy,Pleb,,,leave-unmanaged,,,,,,0,0,0,0.00,0,0,0,0.00,0.00,,
290004683328847893,290004683328847893,unmanaged-legacy,Pleb,,,leave-unmanaged,,,,,,0,0,0,0.00,0,0,0,0.00,0.00,,
290034676259749889,290034676259749889,unmanaged-legacy,Pleb,,,leave-unmanaged,,,,,,0,0,0,0.00,0,0,0,0.00,0.00,,
291931673480658944,291931673480658944,unmanaged-legacy,Pleb,,,leave-unmanaged,,,,,,0,0,0,0.00,0,0,0,0.00,0.00,,
292060673423179786,292060673423179786,unmanaged-legacy,Pleb,,,leave-unmanaged,,,,,,0,0,0,0.00,0,0,0,0.00,0.00,,
292614516343177219,292614516343177219,unmanaged-legacy,Pleb,,,leave-unmanaged,,,,,,0,0,0,0.00,0,0,0,0.00,0.00,,
292682734659305483,292682734659305483,unmanaged-legacy,Pleb,,,leave-unmanaged,,,,,,0,0,0,0.00,0,0,0,0.00,0.00,,
292769141603958784,292769141603958784,unmanaged-legacy,Pleb,,,leave-unmanaged,,,,,,0,0,0,0.00,0,0,0,0.00,0.00,,
294217561086754816,294217561086754816,unmanaged-legacy,Pleb,,,leave-unmanaged,,,,,,0,0,0,0.00,0,0,0,0.00,0.00,,
294531342228783115,294531342228783115,unmanaged-legacy,Pleb,,,leave-unmanaged,,,,,,0,0,0,0.00,0,0,0,0.00,0.00,,
294703277746946049,294703277746946049,unmanaged-legacy,Pleb,,,leave-unmanaged,,,,,,0,0,0,0.00,0,0,0,0.00,0.00,,
294918144387055616,294918144387055616,unmanaged-legacy,Pleb,,,leave-unmanaged,,,,,,0,0,0,0.00,0,0,0,0.00,0.00,,
296202137992560650,296202137992560650,unmanaged-legacy,Pleb,,,leave-unmanaged,,,,,,0,0,0,0.00,0,0,0,0.00,0.00,,
297057256820965376,297057256820965376,unmanaged-legacy,Pleb,,,leave-unmanaged,,,,,,0,0,0,0.00,0,0,0,0.00,0.00,,
297251822815674378,297251822815674378,unmanaged-legacy,Pleb,,,leave-unmanaged,,,,,,0,0,0,0.00,0,0,0,0.00,0.00,,
297369148424716288,297369148424716288,unmanaged-legacy,Pleb,,,leave-unmanaged,,,,,,0,0,0,0.00,0,0,0,0.00,0.00,,
297602911930810369,297602911930810369,unmanaged-legacy,Pleb,,,leave-unmanaged,,,,,,0,0,0,0.00,0,0,0,0.00,0.00,,
297788279665721344,297788279665721344,unmanaged-legacy,Pleb,,,leave-unmanaged,,,,,,0,0,0,0.00,0,0,0,0.00,0.00,,
298326988660277260,298326988660277260,unmanaged-legacy,Pleb,,,leave-unmanaged,,,,,,0,0,0,0.00,0,0,0,0.00,0.00,,
298894283245748225,298894283245748225,unmanaged-legacy,Pleb,,,leave-unmanaged,,,,,,0,0,0,0.00,0,0,0,0.00,0.00,,
299262008354799626,299262008354799626,unmanaged-legacy,Pleb,,,leave-unmanaged,,,,,,0,0,0,0.00,0,0,0,0.00,0.00,,
299886028204933130,299886028204933130,unmanaged-legacy,Pleb,,,leave-unmanaged,,,,,,0,0,0,0.00,0,0,0,0.00,0.00,,
299994576637394945,299994576637394945,unmanaged-legacy,Pleb,,,leave-unmanaged,,,,,,0,0,0,0.00,0,0,0,0.00,0.00,,
300613645333954560,300613645333954560,unmanaged-legacy,Pleb,,,leave-unmanaged,,,,,,0,0,0,0.00,0,0,0,0.00,0.00,,
300802244729896960,300802244729896960,unmanaged-legacy,Pleb,,,leave-unmanaged,,,,,,0,0,0,0.00,0,0,0,0.00,0.00,,
302164967400931330,302164967400931330,unmanaged-legacy,Pleb,,,leave-unmanaged,,,,,,0,0,0,0.00,0,0,0,0.00,0.00,,
302445765458919424,302445765458919424,unmanaged-legacy,Pleb,,,leave-unmanaged,,,,,,0,0,0,0.00,0,0,0,0.00,0.00,,
302781794309373953,302781794309373953,unmanaged-legacy,Pleb,,,leave-unmanaged,,,,,,0,0,0,0.00,0,0,0,0.00,0.00,,
303151474496503808,303151474496503808,unmanaged-legacy,Pleb,,,leave-unmanaged,,,,,,0,0,0,0.00,0,0,0,0.00,0.00,,
303206459481653250,303206459481653250,unmanaged-legacy,Pleb,,,leave-unmanaged,,,,,,0,0,0,0.00,0,0,0,0.00,0.00,,
303286414873985024,303286414873985024,unmanaged-legacy,Pleb,,,leave-unmanaged,,,,,,0,0,0,0.00,0,0,0,0.00,0.00,,
303974556761063445,303974556761063445,unmanaged-legacy,Pleb,,,leave-unmanaged,,,,,,0,0,0,0.00,0,0,0,0.00,0.00,,
304206830874394635,304206830874394635,unmanaged-legacy,Pleb,,,leave-unmanaged,,,,,,0,0,0,0.00,0,0,0,0.00,0.00,,
304341545367371798,304341545367371798,unmanaged-legacy,Pleb,,,leave-unmanaged,,,,,,0,0,0,0.00,0,0,0,0.00,0.00,,
306476365472071682,306476365472071682,unmanaged-legacy,Pleb,,,leave-unmanaged,,,,,,0,0,0,0.00,0,0,0,0.00,0.00,,
306482493236969484,306482493236969484,unmanaged-legacy,Pleb,,,leave-unmanaged,,,,,,0,0,0,0.00,0,0,0,0.00,0.00,,
308335619904634882,308335619904634882,unmanaged-legacy,Pleb,,,leave-unmanaged,,,,,,0,0,0,0.00,0,0,0,0.00,0.00,,
308635220746436609,308635220746436609,unmanaged-legacy,Pleb,,,leave-unmanaged,,,,,,0,0,0,0.00,0,0,0,0.00,0.00,,
308671389420748810,308671389420748810,unmanaged-legacy,Pleb,,,leave-unmanaged,,,,,,0,0,0,0.00,0,0,0,0.00,0.00,,
308760566070247424,308760566070247424,unmanaged-legacy,Pleb,,,leave-unmanaged,,,,,,0,0,0,0.00,0,0,0,0.00,0.00,,
308906197443149824,308906197443149824,unmanaged-legacy,Pleb,,,leave-unmanaged,,,,,,0,0,0,0.00,0,0,0,0.00,0.00,,
308997936715530241,308997936715530241,unmanaged-legacy,Pleb,,,leave-unmanaged,,,,,,0,0,0,0.00,0,0,0,0.00,0.00,,
309171074367750154,309171074367750154,unmanaged-legacy,Pleb,,,leave-unmanaged,,,,,,0,0,0,0.00,0,0,0,0.00,0.00,,
309365089868447744,309365089868447744,unmanaged-legacy,Pleb,,,leave-unmanaged,,,,,,0,0,0,0.00,0,0,0,0.00,0.00,,
309975863439523843,309975863439523843,unmanaged-legacy,Pleb,,,leave-unmanaged,,,,,,0,0,0,0.00,0,0,0,0.00,0.00,,
310053720509513728,310053720509513728,unmanaged-legacy,Pleb,,,leave-unmanaged,,,,,,0,0,0,0.00,0,0,0,0.00,0.00,,
310083903870205952,310083903870205952,unmanaged-legacy,Pleb,,,leave-unmanaged,,,,,,0,0,0,0.00,0,0,0,0.00,0.00,,
311143568049831937,311143568049831937,unmanaged-legacy,Pleb,,,leave-unmanaged,,,,,,0,0,0,0.00,0,0,0,0.00,0.00,,
311822989685555203,311822989685555203,unmanaged-legacy,Pleb,,,leave-unmanaged,,,,,,0,0,0,0.00,0,0,0,0.00,0.00,,
313038630530842625,313038630530842625,unmanaged-legacy,Pleb,,,leave-unmanaged,,,,,,0,0,0,0.00,0,0,0,0.00,0.00,,
314048975344893953,314048975344893953,unmanaged-legacy,Pleb,,,leave-unmanaged,,,,,,0,0,0,0.00,0,0,0,0.00,0.00,,
314406861681983488,314406861681983488,unmanaged-legacy,Pleb,,,leave-unmanaged,,,,,,0,0,0,0.00,0,0,0,0.00,0.00,,
314547122341019658,314547122341019658,unmanaged-legacy,Pleb,,,leave-unmanaged,,,,,,0,0,0,0.00,0,0,0,0.00,0.00,,
314846225696555008,314846225696555008,unmanaged-legacy,Pleb,,,leave-unmanaged,,,,,,0,0,0,0.00,0,0,0,0.00,0.00,,
315469172060454912,315469172060454912,unmanaged-legacy,Pleb,,,leave-unmanaged,,,,,,0,0,0,0.00,0,0,0,0.00,0.00,,
315764252134604801,315764252134604801,unmanaged-legacy,Pleb,,,leave-unmanaged,,,,,,0,0,0,0.00,0,0,0,0.00,0.00,,
315928089802702850,315928089802702850,unmanaged-legacy,Pleb,,,leave-unmanaged,,,,,,0,0,0,0.00,0,0,0,0.00,0.00,,
315937696336052224,315937696336052224,unmanaged-legacy,Pleb,,,leave-unmanaged,,,,,,0,0,0,0.00,0,0,0,0.00,0.00,,
316579841015021572,316579841015021572,unmanaged-legacy,Pleb,,,leave-unmanaged,,,,,,0,0,0,0.00,0,0,0,0.00,0.00,,
317785486963769364,317785486963769364,unmanaged-legacy,Pleb,,,leave-unmanaged,,,,,,0,0,0,0.00,0,0,0,0.00,0.00,,
318103912676851712,318103912676851712,unmanaged-legacy,Pleb,,,leave-unmanaged,,,,,,0,0,0,0.00,0,0,0,0.00,0.00,,
320653331708248074,320653331708248074,unmanaged-legacy,Pleb,,,leave-unmanaged,,,,,,0,0,0,0.00,0,0,0,0.00,0.00,,
321157310712119296,321157310712119296,unmanaged-legacy,Pleb,,,leave-unmanaged,,,,,,0,0,0,0.00,0,0,0,0.00,0.00,,
321657224407810051,321657224407810051,unmanaged-legacy,Pleb,,,leave-unmanaged,,,,,,0,0,0,0.00,0,0,0,0.00,0.00,,
322078572657508354,322078572657508354,unmanaged-legacy,Pleb,,,leave-unmanaged,,,,,,0,0,0,0.00,0,0,0,0.00,0.00,,
322091678423056396,322091678423056396,unmanaged-legacy,Pleb,,,leave-unmanaged,,,,,,0,0,0,0.00,0,0,0,0.00,0.00,,
322553809408622592,322553809408622592,unmanaged-legacy,Pleb,,,leave-unmanaged,,,,,,0,0,0,0.00,0,0,0,0.00,0.00,,
322891583944916992,322891583944916992,unmanaged-legacy,Pleb,,,leave-unmanaged,,,,,,0,0,0,0.00,0,0,0,0.00,0.00,,
323923432276361240,323923432276361240,unmanaged-legacy,Pleb,,,leave-unmanaged,,,,,,0,0,0,0.00,0,0,0,0.00,0.00,,
324996289848672258,324996289848672258,unmanaged-legacy,Pleb,,,leave-unmanaged,,,,,,0,0,0,0.00,0,0,0,0.00,0.00,,
325657268433453056,325657268433453056,unmanaged-legacy,Pleb,,,leave-unmanaged,,,,,,0,0,0,0.00,0,0,0,0.00,0.00,,
325666405485772801,325666405485772801,unmanaged-legacy,Pleb,,,leave-unmanaged,,,,,,0,0,0,0.00,0,0,0,0.00,0.00,,
326366887984496641,326366887984496641,unmanaged-legacy,Pleb,,,leave-unmanaged,,,,,,0,0,0,0.00,0,0,0,0.00,0.00,,
326642453182677002,326642453182677002,unmanaged-legacy,Pleb,,,leave-unmanaged,,,,,,0,0,0,0.00,0,0,0,0.00,0.00,,
326752280663818240,326752280663818240,unmanaged-legacy,Pleb,,,leave-unmanaged,,,,,,0,0,0,0.00,0,0,0,0.00,0.00,,
327758895764209664,327758895764209664,unmanaged-legacy,Pleb,,,leave-unmanaged,,,,,,0,0,0,0.00,0,0,0,0.00,0.00,,
327852631244537857,327852631244537857,unmanaged-legacy,Pleb,,,leave-unmanaged,,,,,,0,0,0,0.00,0,0,0,0.00,0.00,,
327965541681856515,327965541681856515,unmanaged-legacy,Pleb,,,leave-unmanaged,,,,,,0,0,0,0.00,0,0,0,0.00,0.00,,
328137842746327044,328137842746327044,unmanaged-legacy,Pleb,,,leave-unmanaged,,,,,,0,0,0,0.00,0,0,0,0.00,0.00,,
328214279977172992,328214279977172992,unmanaged-legacy,Pleb,,,leave-unmanaged,,,,,,0,0,0,0.00,0,0,0,0.00,0.00,,
329314205159260160,329314205159260160,unmanaged-legacy,Gladiator,Gladiator,,leave-unmanaged,,,,,,0,0,0,0.00,0,0,0,0.00,0.00,,
329594095058157578,329594095058157578,unmanaged-legacy,Pleb,,,leave-unmanaged,,,,,,0,0,0,0.00,0,0,0,0.00,0.00,,
330067425058095104,330067425058095104,unmanaged-legacy,Pleb,,,leave-unmanaged,,,,,,0,0,0,0.00,0,0,0,0.00,0.00,,
330436825237684226,330436825237684226,unmanaged-legacy,Pleb,,,leave-unmanaged,,,,,,0,0,0,0.00,0,0,0,0.00,0.00,,
330843012164747278,330843012164747278,unmanaged-legacy,Pleb,,,leave-unmanaged,,,,,,0,0,0,0.00,0,0,0,0.00,0.00,,
331164962577842207,331164962577842207,unmanaged-legacy,Pleb,,,leave-unmanaged,,,,,,0,0,0,0.00,0,0,0,0.00,0.00,,
331387131346026506,331387131346026506,unmanaged-legacy,Pleb,,,leave-unmanaged,,,,,,0,0,0,0.00,0,0,0,0.00,0.00,,
331886847674417162,331886847674417162,unmanaged-legacy,Pleb,,,leave-unmanaged,,,,,,0,0,0,0.00,0,0,0,0.00,0.00,,
332837270283354125,332837270283354125,unmanaged-legacy,Pleb,,,leave-unmanaged,,,,,,0,0,0,0.00,0,0,0,0.00,0.00,,
332872498863407114,332872498863407114,unmanaged-legacy,Pleb,,,leave-unmanaged,,,,,,0,0,0,0.00,0,0,0,0.00,0.00,,
332879390998528003,332879390998528003,unmanaged-legacy,Pleb,,,leave-unmanaged,,,,,,0,0,0,0.00,0,0,0,0.00,0.00,,
332989880949014529,332989880949014529,unmanaged-legacy,Pleb,,,leave-unmanaged,,,,,,0,0,0,0.00,0,0,0,0.00,0.00,,
333027036329410562,333027036329410562,unmanaged-legacy,Pleb,,,leave-unmanaged,,,,,,0,0,0,0.00,0,0,0,0.00,0.00,,
333275832464441346,333275832464441346,unmanaged-legacy,Pleb,,,leave-unmanaged,,,,,,0,0,0,0.00,0,0,0,0.00,0.00,,
335779783772340224,335779783772340224,unmanaged-legacy,Pleb,,,leave-unmanaged,,,,,,0,0,0,0.00,0,0,0,0.00,0.00,,
337984854522200068,337984854522200068,unmanaged-legacy,Pleb,,,leave-unmanaged,,,,,,0,0,0,0.00,0,0,0,0.00,0.00,,
338220904070905856,338220904070905856,unmanaged-legacy,Pleb,,,leave-unmanaged,,,,,,0,0,0,0.00,0,0,0,0.00,0.00,,
338451948413911051,338451948413911051,unmanaged-legacy,Pleb,,,leave-unmanaged,,,,,,0,0,0,0.00,0,0,0,0.00,0.00,,
338595300484710400,338595300484710400,unmanaged-legacy,Pleb,,,leave-unmanaged,,,,,,0,0,0,0.00,0,0,0,0.00,0.00,,
339143292899950593,339143292899950593,unmanaged-legacy,Pleb,,,leave-unmanaged,,,,,,0,0,0,0.00,0,0,0,0.00,0.00,,
339840662880911360,339840662880911360,unmanaged-legacy,Pleb,,,leave-unmanaged,,,,,,0,0,0,0.00,0,0,0,0.00,0.00,,
339851469580795904,339851469580795904,unmanaged-legacy,Pleb,,,leave-unmanaged,,,,,,0,0,0,0.00,0,0,0,0.00,0.00,,
339880079624765440,339880079624765440,unmanaged-legacy,Pleb,,,leave-unmanaged,,,,,,0,0,0,0.00,0,0,0,0.00,0.00,,
340949782464036864,340949782464036864,unmanaged-legacy,Pleb,,,leave-unmanaged,,,,,,0,0,0,0.00,0,0,0,0.00,0.00,,
341278377371631636,341278377371631636,unmanaged-legacy,Pleb,,,leave-unmanaged,,,,,,0,0,0,0.00,0,0,0,0.00,0.00,,
343365842739789834,343365842739789834,unmanaged-legacy,Pleb,,,leave-unmanaged,,,,,,0,0,0,0.00,0,0,0,0.00,0.00,,
344407267451469824,344407267451469824,unmanaged-legacy,Pleb,,,leave-unmanaged,,,,,,0,0,0,0.00,0,0,0,0.00,0.00,,
344926198620487681,344926198620487681,unmanaged-legacy,Pleb,,,leave-unmanaged,,,,,,0,0,0,0.00,0,0,0,0.00,0.00,,
345231339056005143,345231339056005143,unmanaged-legacy,Pleb,,,leave-unmanaged,,,,,,0,0,0,0.00,0,0,0,0.00,0.00,,
346289729316192256,346289729316192256,unmanaged-legacy,Pleb,,,leave-unmanaged,,,,,,0,0,0,0.00,0,0,0,0.00,0.00,,
347247495115440140,347247495115440140,unmanaged-legacy,Pleb,,,leave-unmanaged,,,,,,0,0,0,0.00,0,0,0,0.00,0.00,,
348452283656437760,348452283656437760,unmanaged-legacy,Pleb,,,leave-unmanaged,,,,,,0,0,0,0.00,0,0,0,0.00,0.00,,
348569622875865089,348569622875865089,unmanaged-legacy,Pleb,,,leave-unmanaged,,,,,,0,0,0,0.00,0,0,0,0.00,0.00,,
348780449948237827,348780449948237827,unmanaged-legacy,Pleb,,,leave-unmanaged,,,,,,0,0,0,0.00,0,0,0,0.00,0.00,,
348907824467804160,348907824467804160,unmanaged-legacy,Pleb,,,leave-unmanaged,,,,,,0,0,0,0.00,0,0,0,0.00,0.00,,
349203452838019073,349203452838019073,unmanaged-legacy,Pleb,,,leave-unmanaged,,,,,,0,0,0,0.00,0,0,0,0.00,0.00,,
349780147882164237,349780147882164237,unmanaged-legacy,Pleb,,,leave-unmanaged,,,,,,0,0,0,0.00,0,0,0,0.00,0.00,,
351064309180137474,351064309180137474,unmanaged-legacy,Pleb,,,leave-unmanaged,,,,,,0,0,0,0.00,0,0,0,0.00,0.00,,
351332197967331334,351332197967331334,unmanaged-legacy,Pleb,,,leave-unmanaged,,,,,,0,0,0,0.00,0,0,0,0.00,0.00,,
351700610225143819,351700610225143819,unmanaged-legacy,Pleb,,,leave-unmanaged,,,,,,0,0,0,0.00,0,0,0,0.00,0.00,,
352174384309469184,352174384309469184,unmanaged-legacy,Pleb,,,leave-unmanaged,,,,,,0,0,0,0.00,0,0,0,0.00,0.00,,
353763646612176899,353763646612176899,unmanaged-legacy,Pleb,,,leave-unmanaged,,,,,,0,0,0,0.00,0,0,0,0.00,0.00,,
353828133318819843,353828133318819843,unmanaged-legacy,Pleb,,,leave-unmanaged,,,,,,0,0,0,0.00,0,0,0,0.00,0.00,,
354331651603693569,354331651603693569,unmanaged-legacy,Pleb,,,leave-unmanaged,,,,,,0,0,0,0.00,0,0,0,0.00,0.00,,
354996269015498753,354996269015498753,unmanaged-legacy,Pleb,,,leave-unmanaged,,,,,,0,0,0,0.00,0,0,0,0.00,0.00,,
355035903233622016,355035903233622016,unmanaged-legacy,Pleb,,,leave-unmanaged,,,,,,0,0,0,0.00,0,0,0,0.00,0.00,,
356314846410571776,356314846410571776,unmanaged-legacy,Pleb,,,leave-unmanaged,,,,,,0,0,0,0.00,0,0,0,0.00,0.00,,
357159474923962369,357159474923962369,unmanaged-legacy,Pleb,,,leave-unmanaged,,,,,,0,0,0,0.00,0,0,0,0.00,0.00,,
357326910864228352,357326910864228352,unmanaged-legacy,Pleb,,,leave-unmanaged,,,,,,0,0,0,0.00,0,0,0,0.00,0.00,,
357623615530729475,357623615530729475,unmanaged-legacy,Pleb,,,leave-unmanaged,,,,,,0,0,0,0.00,0,0,0,0.00,0.00,,
357934509527662596,357934509527662596,unmanaged-legacy,Pleb,,,leave-unmanaged,,,,,,0,0,0,0.00,0,0,0,0.00,0.00,,
360914179307077633,360914179307077633,unmanaged-legacy,Pleb,,,leave-unmanaged,,,,,,0,0,0,0.00,0,0,0,0.00,0.00,,
361717305857671170,361717305857671170,unmanaged-legacy,Pleb,,,leave-unmanaged,,,,,,0,0,0,0.00,0,0,0,0.00,0.00,,
362471945419096065,362471945419096065,unmanaged-legacy,Pleb,,,leave-unmanaged,,,,,,0,0,0,0.00,0,0,0,0.00,0.00,,
363083852782108693,363083852782108693,unmanaged-legacy,Pleb,,,leave-unmanaged,,,,,,0,0,0,0.00,0,0,0,0.00,0.00,,
363261957052301322,363261957052301322,unmanaged-legacy,Pleb,,,leave-unmanaged,,,,,,0,0,0,0.00,0,0,0,0.00,0.00,,
363407617466302475,363407617466302475,unmanaged-legacy,Pleb,,,leave-unmanaged,,,,,,0,0,0,0.00,0,0,0,0.00,0.00,,
364074357187674113,364074357187674113,unmanaged-legacy,Pleb,,,leave-unmanaged,,,,,,0,0,0,0.00,0,0,0,0.00,0.00,,
364319066057605121,364319066057605121,unmanaged-legacy,Pleb,,,leave-unmanaged,,,,,,0,0,0,0.00,0,0,0,0.00,0.00,,
365122191857025024,365122191857025024,unmanaged-legacy,Pleb,,,leave-unmanaged,,,,,,0,0,0,0.00,0,0,0,0.00,0.00,,
365142763202805770,365142763202805770,unmanaged-legacy,Pleb,,,leave-unmanaged,,,,,,0,0,0,0.00,0,0,0,0.00,0.00,,
365144223802064896,365144223802064896,unmanaged-legacy,Pleb,,,leave-unmanaged,,,,,,0,0,0,0.00,0,0,0,0.00,0.00,,
365167556715216897,365167556715216897,unmanaged-legacy,Pleb,,,leave-unmanaged,,,,,,0,0,0,0.00,0,0,0,0.00,0.00,,
365944967132086274,365944967132086274,unmanaged-legacy,Pleb,,,leave-unmanaged,,,,,,0,0,0,0.00,0,0,0,0.00,0.00,,
366281092086366220,366281092086366220,unmanaged-legacy,Pleb,,,leave-unmanaged,,,,,,0,0,0,0.00,0,0,0,0.00,0.00,,
366630952346189824,366630952346189824,unmanaged-legacy,Pleb,,,leave-unmanaged,,,,,,0,0,0,0.00,0,0,0,0.00,0.00,,
367420627013074944,367420627013074944,unmanaged-legacy,Pleb,,,leave-unmanaged,,,,,,0,0,0,0.00,0,0,0,0.00,0.00,,
368588270939930624,368588270939930624,unmanaged-legacy,Pleb,,,leave-unmanaged,,,,,,0,0,0,0.00,0,0,0,0.00,0.00,,
368943000501616640,368943000501616640,unmanaged-legacy,Pleb,,,leave-unmanaged,,,,,,0,0,0,0.00,0,0,0,0.00,0.00,,
369125068439289866,369125068439289866,unmanaged-legacy,Pleb,,,leave-unmanaged,,,,,,0,0,0,0.00,0,0,0,0.00,0.00,,
369149781882437644,369149781882437644,unmanaged-legacy,Pleb,,,leave-unmanaged,,,,,,0,0,0,0.00,0,0,0,0.00,0.00,,
369281184372490260,369281184372490260,unmanaged-legacy,Pleb,,,leave-unmanaged,,,,,,0,0,0,0.00,0,0,0,0.00,0.00,,
369519899556708352,369519899556708352,unmanaged-legacy,Pleb,,,leave-unmanaged,,,,,,0,0,0,0.00,0,0,0,0.00,0.00,,
369538105297862658,369538105297862658,unmanaged-legacy,Pleb,,,leave-unmanaged,,,,,,0,0,0,0.00,0,0,0,0.00,0.00,,
369896466640142336,369896466640142336,unmanaged-legacy,Pleb,,,leave-unmanaged,,,,,,0,0,0,0.00,0,0,0,0.00,0.00,,
370904351016878081,370904351016878081,unmanaged-legacy,Pleb,,,leave-unmanaged,,,,,,0,0,0,0.00,0,0,0,0.00,0.00,,
371350078885199882,371350078885199882,unmanaged-legacy,Pleb,,,leave-unmanaged,,,,,,0,0,0,0.00,0,0,0,0.00,0.00,,
372824158507237376,372824158507237376,unmanaged-legacy,Pleb,,,leave-unmanaged,,,,,,0,0,0,0.00,0,0,0,0.00,0.00,,
373144967029194762,373144967029194762,unmanaged-legacy,Pleb,,,leave-unmanaged,,,,,,0,0,0,0.00,0,0,0,0.00,0.00,,
373555756626345984,373555756626345984,unmanaged-legacy,Pleb,,,leave-unmanaged,,,,,,0,0,0,0.00,0,0,0,0.00,0.00,,
373742881531232258,373742881531232258,unmanaged-legacy,Pleb,,,leave-unmanaged,,,,,,0,0,0,0.00,0,0,0,0.00,0.00,,
373961404056731649,373961404056731649,unmanaged-legacy,Pleb,,,leave-unmanaged,,,,,,0,0,0,0.00,0,0,0,0.00,0.00,,
374247480088592384,374247480088592384,unmanaged-legacy,Pleb,,,leave-unmanaged,,,,,,0,0,0,0.00,0,0,0,0.00,0.00,,
374504315022344202,374504315022344202,unmanaged-legacy,Pleb,,,leave-unmanaged,,,,,,0,0,0,0.00,0,0,0,0.00,0.00,,
375366568655323146,375366568655323146,unmanaged-legacy,Pleb,,,leave-unmanaged,,,,,,0,0,0,0.00,0,0,0,0.00,0.00,,
375824110183514114,375824110183514114,unmanaged-legacy,Pleb,,,leave-unmanaged,,,,,,0,0,0,0.00,0,0,0,0.00,0.00,,
376098401470644226,376098401470644226,unmanaged-legacy,Pleb,,,leave-unmanaged,,,,,,0,0,0,0.00,0,0,0,0.00,0.00,,
376387445840805889,376387445840805889,unmanaged-legacy,Pleb,,,leave-unmanaged,,,,,,0,0,0,0.00,0,0,0,0.00,0.00,,
376771349122646017,376771349122646017,unmanaged-legacy,Pleb,,,leave-unmanaged,,,,,,0,0,0,0.00,0,0,0,0.00,0.00,,
377523589488050178,377523589488050178,unmanaged-legacy,Pleb,,,leave-unmanaged,,,,,,0,0,0,0.00,0,0,0,0.00,0.00,,
377552129696727042,377552129696727042,unmanaged-legacy,Pleb,,,leave-unmanaged,,,,,,0,0,0,0.00,0,0,0,0.00,0.00,,
377587032295342081,377587032295342081,unmanaged-legacy,Pleb,,,leave-unmanaged,,,,,,0,0,0,0.00,0,0,0,0.00,0.00,,
377717079446650883,377717079446650883,unmanaged-legacy,Pleb,,,leave-unmanaged,,,,,,0,0,0,0.00,0,0,0,0.00,0.00,,
377827153968103426,377827153968103426,unmanaged-legacy,Pleb,,,leave-unmanaged,,,,,,0,0,0,0.00,0,0,0,0.00,0.00,,
377916819069206528,377916819069206528,unmanaged-legacy,Pleb,,,leave-unmanaged,,,,,,0,0,0,0.00,0,0,0,0.00,0.00,,
378290528363741185,378290528363741185,unmanaged-legacy,Pleb,,,leave-unmanaged,,,,,,0,0,0,0.00,0,0,0,0.00,0.00,,
379682276381949952,379682276381949952,unmanaged-legacy,Pleb,,,leave-unmanaged,,,,,,0,0,0,0.00,0,0,0,0.00,0.00,,
379971109828689922,379971109828689922,unmanaged-legacy,Pleb,,,leave-unmanaged,,,,,,0,0,0,0.00,0,0,0,0.00,0.00,,
380004045676347395,380004045676347395,unmanaged-legacy,Pleb,,,leave-unmanaged,,,,,,0,0,0,0.00,0,0,0,0.00,0.00,,
380644101625872384,380644101625872384,unmanaged-legacy,Pleb,,,leave-unmanaged,,,,,,0,0,0,0.00,0,0,0,0.00,0.00,,
380925537243365376,380925537243365376,unmanaged-legacy,Pleb,,,leave-unmanaged,,,,,,0,0,0,0.00,0,0,0,0.00,0.00,,
383106660853350412,383106660853350412,unmanaged-legacy,Pleb,,,leave-unmanaged,,,,,,0,0,0,0.00,0,0,0,0.00,0.00,,
384473794158395392,384473794158395392,unmanaged-legacy,Pleb,,,leave-unmanaged,,,,,,0,0,0,0.00,0,0,0,0.00,0.00,,
384599430894059520,384599430894059520,unmanaged-legacy,Pleb,,,leave-unmanaged,,,,,,0,0,0,0.00,0,0,0,0.00,0.00,,
384949562541867009,384949562541867009,unmanaged-legacy,Pleb,,,leave-unmanaged,,,,,,0,0,0,0.00,0,0,0,0.00,0.00,,
385559848110129173,385559848110129173,unmanaged-legacy,Pleb,,,leave-unmanaged,,,,,,0,0,0,0.00,0,0,0,0.00,0.00,,
386560382569021442,386560382569021442,unmanaged-legacy,Pleb,,,leave-unmanaged,,,,,,0,0,0,0.00,0,0,0,0.00,0.00,,
386613550971486210,386613550971486210,unmanaged-legacy,Pleb,,,leave-unmanaged,,,,,,0,0,0,0.00,0,0,0,0.00,0.00,,
386792568811159562,386792568811159562,unmanaged-legacy,Pleb,,,leave-unmanaged,,,,,,0,0,0,0.00,0,0,0,0.00,0.00,,
388021526236233728,388021526236233728,unmanaged-legacy,Pleb,,,leave-unmanaged,,,,,,0,0,0,0.00,0,0,0,0.00,0.00,,
388446525866639360,388446525866639360,unmanaged-legacy,Pleb,,,leave-unmanaged,,,,,,0,0,0,0.00,0,0,0,0.00,0.00,,
388988038190989314,388988038190989314,unmanaged-legacy,Pleb,,,leave-unmanaged,,,,,,0,0,0,0.00,0,0,0,0.00,0.00,,
389016207329722370,389016207329722370,unmanaged-legacy,Pleb,,,leave-unmanaged,,,,,,0,0,0,0.00,0,0,0,0.00,0.00,,
389798529263992833,389798529263992833,unmanaged-legacy,Pleb,,,leave-unmanaged,,,,,,0,0,0,0.00,0,0,0,0.00,0.00,,
390170016382976009,390170016382976009,unmanaged-legacy,Pleb,,,leave-unmanaged,,,,,,0,0,0,0.00,0,0,0,0.00,0.00,,
390761015760912384,390761015760912384,unmanaged-legacy,Pleb,,,leave-unmanaged,,,,,,0,0,0,0.00,0,0,0,0.00,0.00,,
392039138179940362,392039138179940362,unmanaged-legacy,Pleb,,,leave-unmanaged,,,,,,0,0,0,0.00,0,0,0,0.00,0.00,,
392374042344292393,392374042344292393,unmanaged-legacy,Pleb,,,leave-unmanaged,,,,,,0,0,0,0.00,0,0,0,0.00,0.00,,
392380461982285824,392380461982285824,unmanaged-legacy,Pleb,,,leave-unmanaged,,,,,,0,0,0,0.00,0,0,0,0.00,0.00,,
392765517309673484,392765517309673484,unmanaged-legacy,Pleb,,,leave-unmanaged,,,,,,0,0,0,0.00,0,0,0,0.00,0.00,,
394984189549871104,394984189549871104,unmanaged-legacy,Pleb,,,leave-unmanaged,,,,,,0,0,0,0.00,0,0,0,0.00,0.00,,
395071355030208534,395071355030208534,unmanaged-legacy,Pleb,,,leave-unmanaged,,,,,,0,0,0,0.00,0,0,0,0.00,0.00,,
396307890014781476,396307890014781476,unmanaged-legacy,Pleb,,,leave-unmanaged,,,,,,0,0,0,0.00,0,0,0,0.00,0.00,,
396735401299148801,396735401299148801,unmanaged-legacy,Pleb,,,leave-unmanaged,,,,,,0,0,0,0.00,0,0,0,0.00,0.00,,
397005868635258882,397005868635258882,unmanaged-legacy,Pleb,,,leave-unmanaged,,,,,,0,0,0,0.00,0,0,0,0.00,0.00,,
397588860781199380,397588860781199380,unmanaged-legacy,Pleb,,,leave-unmanaged,,,,,,0,0,0,0.00,0,0,0,0.00,0.00,,
399131576874696704,399131576874696704,unmanaged-legacy,Pleb,,,leave-unmanaged,,,,,,0,0,0,0.00,0,0,0,0.00,0.00,,
399559078185271306,399559078185271306,unmanaged-legacy,Pleb,,,leave-unmanaged,,,,,,0,0,0,0.00,0,0,0,0.00,0.00,,
400007880905981952,400007880905981952,unmanaged-legacy,Pleb,,,leave-unmanaged,,,,,,0,0,0,0.00,0,0,0,0.00,0.00,,
401729212597272577,401729212597272577,unmanaged-legacy,Pleb,,,leave-unmanaged,,,,,,0,0,0,0.00,0,0,0,0.00,0.00,,
402497333725757450,402497333725757450,unmanaged-legacy,Pleb,,,leave-unmanaged,,,,,,0,0,0,0.00,0,0,0,0.00,0.00,,
403239757489897482,403239757489897482,unmanaged-legacy,Pleb,,,leave-unmanaged,,,,,,0,0,0,0.00,0,0,0,0.00,0.00,,
403644846016823337,403644846016823337,unmanaged-legacy,Pleb,,,leave-unmanaged,,,,,,0,0,0,0.00,0,0,0,0.00,0.00,,
405621561224200194,405621561224200194,unmanaged-legacy,Pleb,,,leave-unmanaged,,,,,,0,0,0,0.00,0,0,0,0.00,0.00,,
406777508587896832,406777508587896832,unmanaged-legacy,Pleb,,,leave-unmanaged,,,,,,0,0,0,0.00,0,0,0,0.00,0.00,,
408291970742485022,408291970742485022,unmanaged-legacy,Pleb,,,leave-unmanaged,,,,,,0,0,0,0.00,0,0,0,0.00,0.00,,
409705618199412736,409705618199412736,unmanaged-legacy,Pleb,,,leave-unmanaged,,,,,,0,0,0,0.00,0,0,0,0.00,0.00,,
409707826559188992,409707826559188992,unmanaged-legacy,Pleb,,,leave-unmanaged,,,,,,0,0,0,0.00,0,0,0,0.00,0.00,,
411553142698934272,411553142698934272,unmanaged-legacy,Squire,Squire,,leave-unmanaged,,,,,,0,0,0,0.00,0,0,0,0.00,0.00,,
411994219696095232,411994219696095232,unmanaged-legacy,Pleb,,,leave-unmanaged,,,,,,0,0,0,0.00,0,0,0,0.00,0.00,,
414236688152526850,414236688152526850,unmanaged-legacy,Pleb,,,leave-unmanaged,,,,,,0,0,0,0.00,0,0,0,0.00,0.00,,
415870237867507733,415870237867507733,unmanaged-legacy,Pleb,,,leave-unmanaged,,,,,,0,0,0,0.00,0,0,0,0.00,0.00,,
416353879123427338,416353879123427338,unmanaged-legacy,Pleb,,,leave-unmanaged,,,,,,0,0,0,0.00,0,0,0,0.00,0.00,,
416947191899488276,416947191899488276,unmanaged-legacy,Squire,Squire,,leave-unmanaged,,,,,,0,0,0,0.00,0,0,0,0.00,0.00,,
417394322497863682,417394322497863682,unmanaged-legacy,Pleb,,,leave-unmanaged,,,,,,0,0,0,0.00,0,0,0,0.00,0.00,,
419141569204191232,419141569204191232,unmanaged-legacy,Pleb,,,leave-unmanaged,,,,,,0,0,0,0.00,0,0,0,0.00,0.00,,
419182869555052557,419182869555052557,unmanaged-legacy,Pleb,,,leave-unmanaged,,,,,,0,0,0,0.00,0,0,0,0.00,0.00,,
419921640386986004,419921640386986004,unmanaged-legacy,Pleb,,,leave-unmanaged,,,,,,0,0,0,0.00,0,0,0,0.00,0.00,,
420357756676079616,420357756676079616,unmanaged-legacy,Pleb,,,leave-unmanaged,,,,,,0,0,0,0.00,0,0,0,0.00,0.00,,
421274872786845696,421274872786845696,unmanaged-legacy,Pleb,,,leave-unmanaged,,,,,,0,0,0,0.00,0,0,0,0.00,0.00,,
422418298915782689,422418298915782689,unmanaged-legacy,Pleb,,,leave-unmanaged,,,,,,0,0,0,0.00,0,0,0,0.00,0.00,,
423493493776973834,423493493776973834,unmanaged-legacy,Pleb,,,leave-unmanaged,,,,,,0,0,0,0.00,0,0,0,0.00,0.00,,
423930585451593729,423930585451593729,unmanaged-legacy,Pleb,,,leave-unmanaged,,,,,,0,0,0,0.00,0,0,0,0.00,0.00,,
424212992025034752,424212992025034752,unmanaged-legacy,Pleb,,,leave-unmanaged,,,,,,0,0,0,0.00,0,0,0,0.00,0.00,,
424280936885125121,424280936885125121,unmanaged-legacy,Pleb,,,leave-unmanaged,,,,,,0,0,0,0.00,0,0,0,0.00,0.00,,
424670415588425729,424670415588425729,unmanaged-legacy,Pleb,,,leave-unmanaged,,,,,,0,0,0,0.00,0,0,0,0.00,0.00,,
425324848013770763,425324848013770763,unmanaged-legacy,Pleb,,,leave-unmanaged,,,,,,0,0,0,0.00,0,0,0,0.00,0.00,,
426406503314882570,426406503314882570,unmanaged-legacy,Pleb,,,leave-unmanaged,,,,,,0,0,0,0.00,0,0,0,0.00,0.00,,
426874371190030336,426874371190030336,unmanaged-legacy,Pleb,,,leave-unmanaged,,,,,,0,0,0,0.00,0,0,0,0.00,0.00,,
426974023604502528,426974023604502528,unmanaged-legacy,Pleb,,,leave-unmanaged,,,,,,0,0,0,0.00,0,0,0,0.00,0.00,,
427009426860277761,427009426860277761,unmanaged-legacy,Pleb,,,leave-unmanaged,,,,,,0,0,0,0.00,0,0,0,0.00,0.00,,
427132831303598085,427132831303598085,unmanaged-legacy,Pleb,,,leave-unmanaged,,,,,,0,0,0,0.00,0,0,0,0.00,0.00,,
427192833934360579,427192833934360579,unmanaged-legacy,Pleb,,,leave-unmanaged,,,,,,0,0,0,0.00,0,0,0,0.00,0.00,,
429041778046533645,429041778046533645,unmanaged-legacy,Pleb,,,leave-unmanaged,,,,,,0,0,0,0.00,0,0,0,0.00,0.00,,
429711397388156948,429711397388156948,unmanaged-legacy,Pleb,,,leave-unmanaged,,,,,,0,0,0,0.00,0,0,0,0.00,0.00,,
430592855409557504,430592855409557504,unmanaged-legacy,Pleb,,,leave-unmanaged,,,,,,0,0,0,0.00,0,0,0,0.00,0.00,,
430717175741939713,430717175741939713,unmanaged-legacy,Pleb,,,leave-unmanaged,,,,,,0,0,0,0.00,0,0,0,0.00,0.00,,
430821068761071616,430821068761071616,unmanaged-legacy,Pleb,,,leave-unmanaged,,,,,,0,0,0,0.00,0,0,0,0.00,0.00,,
430859344989650954,430859344989650954,unmanaged-legacy,Pleb,,,leave-unmanaged,,,,,,0,0,0,0.00,0,0,0,0.00,0.00,,
431142517908570122,431142517908570122,unmanaged-legacy,Pleb,,,leave-unmanaged,,,,,,0,0,0,0.00,0,0,0,0.00,0.00,,
432194658635087904,432194658635087904,unmanaged-legacy,Pleb,,,leave-unmanaged,,,,,,0,0,0,0.00,0,0,0,0.00,0.00,,
433278693880758323,433278693880758323,unmanaged-legacy,Pleb,,,leave-unmanaged,,,,,,0,0,0,0.00,0,0,0,0.00,0.00,,
435586628002512908,435586628002512908,unmanaged-legacy,Pleb,,,leave-unmanaged,,,,,,0,0,0,0.00,0,0,0,0.00,0.00,,
436590856074690572,436590856074690572,unmanaged-legacy,Pleb,,,leave-unmanaged,,,,,,0,0,0,0.00,0,0,0,0.00,0.00,,
436604978757369867,436604978757369867,unmanaged-legacy,Pleb,,,leave-unmanaged,,,,,,0,0,0,0.00,0,0,0,0.00,0.00,,
436917040452993024,436917040452993024,unmanaged-legacy,Pleb,,,leave-unmanaged,,,,,,0,0,0,0.00,0,0,0,0.00,0.00,,
439743533507805195,439743533507805195,unmanaged-legacy,Pleb,,,leave-unmanaged,,,,,,0,0,0,0.00,0,0,0,0.00,0.00,,
442651981706952715,442651981706952715,unmanaged-legacy,Pleb,,,leave-unmanaged,,,,,,0,0,0,0.00,0,0,0,0.00,0.00,,
444366379273945100,444366379273945100,unmanaged-legacy,Pleb,,,leave-unmanaged,,,,,,0,0,0,0.00,0,0,0,0.00,0.00,,
444557163051089950,444557163051089950,unmanaged-legacy,Pleb,,,leave-unmanaged,,,,,,0,0,0,0.00,0,0,0,0.00,0.00,,
444660275153469440,444660275153469440,unmanaged-legacy,Pleb,,,leave-unmanaged,,,,,,0,0,0,0.00,0,0,0,0.00,0.00,,
445308717928284181,445308717928284181,unmanaged-legacy,Pleb,,,leave-unmanaged,,,,,,0,0,0,0.00,0,0,0,0.00,0.00,,
445958910344560641,445958910344560641,unmanaged-legacy,Pleb,,,leave-unmanaged,,,,,,0,0,0,0.00,0,0,0,0.00,0.00,,
446395406755299341,446395406755299341,unmanaged-legacy,Pleb,,,leave-unmanaged,,,,,,0,0,0,0.00,0,0,0,0.00,0.00,,
446472020390182933,446472020390182933,unmanaged-legacy,Pleb,,,leave-unmanaged,,,,,,0,0,0,0.00,0,0,0,0.00,0.00,,
446869108068319243,446869108068319243,unmanaged-legacy,Pleb,,,leave-unmanaged,,,,,,0,0,0,0.00,0,0,0,0.00,0.00,,
446909976536023058,446909976536023058,unmanaged-legacy,Pleb,,,leave-unmanaged,,,,,,0,0,0,0.00,0,0,0,0.00,0.00,,
447342345453830154,447342345453830154,unmanaged-legacy,Pleb,,,leave-unmanaged,,,,,,0,0,0,0.00,0,0,0,0.00,0.00,,
448400406737846289,448400406737846289,unmanaged-legacy,Pleb,,,leave-unmanaged,,,,,,0,0,0,0.00,0,0,0,0.00,0.00,,
448980547239411733,448980547239411733,unmanaged-legacy,Pleb,,,leave-unmanaged,,,,,,0,0,0,0.00,0,0,0,0.00,0.00,,
449081246484660234,449081246484660234,unmanaged-legacy,Pleb,,,leave-unmanaged,,,,,,0,0,0,0.00,0,0,0,0.00,0.00,,
449248865988902932,449248865988902932,unmanaged-legacy,Pleb,,,leave-unmanaged,,,,,,0,0,0,0.00,0,0,0,0.00,0.00,,
449720706666594334,449720706666594334,unmanaged-legacy,Pleb,,,leave-unmanaged,,,,,,0,0,0,0.00,0,0,0,0.00,0.00,,
449771266900230145,449771266900230145,unmanaged-legacy,Pleb,,,leave-unmanaged,,,,,,0,0,0,0.00,0,0,0,0.00,0.00,,
450042298294599686,450042298294599686,unmanaged-legacy,Pleb,,,leave-unmanaged,,,,,,0,0,0,0.00,0,0,0,0.00,0.00,,
450713056121585664,450713056121585664,unmanaged-legacy,Pleb,,,leave-unmanaged,,,,,,0,0,0,0.00,0,0,0,0.00,0.00,,
452235607280713728,452235607280713728,unmanaged-legacy,Pleb,,,leave-unmanaged,,,,,,0,0,0,0.00,0,0,0,0.00,0.00,,
454312983909367808,454312983909367808,unmanaged-legacy,Elite,Elite,,leave-unmanaged,,,,,,0,0,0,0.00,0,0,0,0.00,0.00,,
454676126376394762,454676126376394762,unmanaged-legacy,Pleb,,,leave-unmanaged,,,,,,0,0,0,0.00,0,0,0,0.00,0.00,,
454708365915062272,454708365915062272,unmanaged-legacy,Pleb,,,leave-unmanaged,,,,,,0,0,0,0.00,0,0,0,0.00,0.00,,
456027795097649167,456027795097649167,unmanaged-legacy,Pleb,,,leave-unmanaged,,,,,,0,0,0,0.00,0,0,0,0.00,0.00,,
456108887201021963,456108887201021963,unmanaged-legacy,Pleb,,,leave-unmanaged,,,,,,0,0,0,0.00,0,0,0,0.00,0.00,,
456594420041646090,456594420041646090,unmanaged-legacy,Pleb,,,leave-unmanaged,,,,,,0,0,0,0.00,0,0,0,0.00,0.00,,
457154503188152320,457154503188152320,unmanaged-legacy,Pleb,,,leave-unmanaged,,,,,,0,0,0,0.00,0,0,0,0.00,0.00,,
457545230632091690,457545230632091690,unmanaged-legacy,Pleb,,,leave-unmanaged,,,,,,0,0,0,0.00,0,0,0,0.00,0.00,,
459092712952692780,459092712952692780,unmanaged-legacy,Pleb,,,leave-unmanaged,,,,,,0,0,0,0.00,0,0,0,0.00,0.00,,
459823021239304204,459823021239304204,unmanaged-legacy,Pleb,,,leave-unmanaged,,,,,,0,0,0,0.00,0,0,0,0.00,0.00,,
459862925029408791,459862925029408791,unmanaged-legacy,Pleb,,,leave-unmanaged,,,,,,0,0,0,0.00,0,0,0,0.00,0.00,,
459981089989984256,459981089989984256,unmanaged-legacy,Pleb,,,leave-unmanaged,,,,,,0,0,0,0.00,0,0,0,0.00,0.00,,
461762551018160128,461762551018160128,unmanaged-legacy,Pleb,,,leave-unmanaged,,,,,,0,0,0,0.00,0,0,0,0.00,0.00,,
462177877501280277,462177877501280277,unmanaged-legacy,Pleb,,,leave-unmanaged,,,,,,0,0,0,0.00,0,0,0,0.00,0.00,,
464024376384159744,464024376384159744,unmanaged-legacy,Pleb,,,leave-unmanaged,,,,,,0,0,0,0.00,0,0,0,0.00,0.00,,
464761099405885440,464761099405885440,unmanaged-legacy,Pleb,,,leave-unmanaged,,,,,,0,0,0,0.00,0,0,0,0.00,0.00,,
465407367568424980,465407367568424980,unmanaged-legacy,Pleb,,,leave-unmanaged,,,,,,0,0,0,0.00,0,0,0,0.00,0.00,,
465897707593138182,465897707593138182,unmanaged-legacy,Pleb,,,leave-unmanaged,,,,,,0,0,0,0.00,0,0,0,0.00,0.00,,
467275557747294218,467275557747294218,unmanaged-legacy,Pleb,,,leave-unmanaged,,,,,,0,0,0,0.00,0,0,0,0.00,0.00,,
467524522741071903,467524522741071903,unmanaged-legacy,Pleb,,,leave-unmanaged,,,,,,0,0,0,0.00,0,0,0,0.00,0.00,,
467777895092453396,467777895092453396,unmanaged-legacy,Pleb,,,leave-unmanaged,,,,,,0,0,0,0.00,0,0,0,0.00,0.00,,
468449439988580352,468449439988580352,unmanaged-legacy,Pleb,,,leave-unmanaged,,,,,,0,0,0,0.00,0,0,0,0.00,0.00,,
468487154180292618,468487154180292618,unmanaged-legacy,Pleb,,,leave-unmanaged,,,,,,0,0,0,0.00,0,0,0,0.00,0.00,,
470509004041486337,470509004041486337,unmanaged-legacy,Pleb,,,leave-unmanaged,,,,,,0,0,0,0.00,0,0,0,0.00,0.00,,
470647240415772690,470647240415772690,unmanaged-legacy,Pleb,,,leave-unmanaged,,,,,,0,0,0,0.00,0,0,0,0.00,0.00,,
470774189012549635,470774189012549635,unmanaged-legacy,Pleb,,,leave-unmanaged,,,,,,0,0,0,0.00,0,0,0,0.00,0.00,,
471726363762622485,471726363762622485,unmanaged-legacy,Pleb,,,leave-unmanaged,,,,,,0,0,0,0.00,0,0,0,0.00,0.00,,
472950864747823105,472950864747823105,unmanaged-legacy,Pleb,,,leave-unmanaged,,,,,,0,0,0,0.00,0,0,0,0.00,0.00,,
473489684568473604,473489684568473604,unmanaged-legacy,Pleb,,,leave-unmanaged,,,,,,0,0,0,0.00,0,0,0,0.00,0.00,,
473677371615084545,473677371615084545,unmanaged-legacy,Pleb,,,leave-unmanaged,,,,,,0,0,0,0.00,0,0,0,0.00,0.00,,
474668707927425032,474668707927425032,unmanaged-legacy,Pleb,,,leave-unmanaged,,,,,,0,0,0,0.00,0,0,0,0.00,0.00,,
476321544000372736,476321544000372736,unmanaged-legacy,Pleb,,,leave-unmanaged,,,,,,0,0,0,0.00,0,0,0,0.00,0.00,,
477581564562243594,477581564562243594,unmanaged-legacy,Pleb,,,leave-unmanaged,,,,,,0,0,0,0.00,0,0,0,0.00,0.00,,
481143295829868564,481143295829868564,unmanaged-legacy,Pleb,,,leave-unmanaged,,,,,,0,0,0,0.00,0,0,0,0.00,0.00,,
481809971193970688,481809971193970688,unmanaged-legacy,Pleb,,,leave-unmanaged,,,,,,0,0,0,0.00,0,0,0,0.00,0.00,,
481899228956983318,481899228956983318,unmanaged-legacy,Pleb,,,leave-unmanaged,,,,,,0,0,0,0.00,0,0,0,0.00,0.00,,
482985966181548050,482985966181548050,unmanaged-legacy,Pleb,,,leave-unmanaged,,,,,,0,0,0,0.00,0,0,0,0.00,0.00,,
483712019900661761,483712019900661761,unmanaged-legacy,Pleb,,,leave-unmanaged,,,,,,0,0,0,0.00,0,0,0,0.00,0.00,,
484006608842784779,484006608842784779,unmanaged-legacy,Pleb,,,leave-unmanaged,,,,,,0,0,0,0.00,0,0,0,0.00,0.00,,
484052935781908481,484052935781908481,unmanaged-legacy,Pleb,,,leave-unmanaged,,,,,,0,0,0,0.00,0,0,0,0.00,0.00,,
484241025569652766,484241025569652766,unmanaged-legacy,Legion,Legion,,leave-unmanaged,,,,,,0,0,0,0.00,0,0,0,0.00,0.00,,
484322532355211264,484322532355211264,unmanaged-legacy,Pleb,,,leave-unmanaged,,,,,,0,0,0,0.00,0,0,0,0.00,0.00,,
485030265496797211,485030265496797211,unmanaged-legacy,Pleb,,,leave-unmanaged,,,,,,0,0,0,0.00,0,0,0,0.00,0.00,,
485754587811282947,485754587811282947,unmanaged-legacy,Pleb,,,leave-unmanaged,,,,,,0,0,0,0.00,0,0,0,0.00,0.00,,
486865973224407041,486865973224407041,unmanaged-legacy,Pleb,,,leave-unmanaged,,,,,,0,0,0,0.00,0,0,0,0.00,0.00,,
487660330743496715,487660330743496715,unmanaged-legacy,Pleb,,,leave-unmanaged,,,,,,0,0,0,0.00,0,0,0,0.00,0.00,,
487723278333509632,487723278333509632,unmanaged-legacy,Gladiator,Gladiator,,leave-unmanaged,,,,,,0,0,0,0.00,0,0,0,0.00,0.00,,
489131396292673538,489131396292673538,unmanaged-legacy,Pleb,,,leave-unmanaged,,,,,,0,0,0,0.00,0,0,0,0.00,0.00,,
489974618019594251,489974618019594251,unmanaged-legacy,Pleb,,,leave-unmanaged,,,,,,0,0,0,0.00,0,0,0,0.00,0.00,,
490027431655243787,490027431655243787,unmanaged-legacy,Pleb,,,leave-unmanaged,,,,,,0,0,0,0.00,0,0,0,0.00,0.00,,
490450647737434122,490450647737434122,unmanaged-legacy,Pleb,,,leave-unmanaged,,,,,,0,0,0,0.00,0,0,0,0.00,0.00,,
492246287794700290,492246287794700290,unmanaged-legacy,Pleb,,,leave-unmanaged,,,,,,0,0,0,0.00,0,0,0,0.00,0.00,,
494549269907374083,494549269907374083,unmanaged-legacy,Pleb,,,leave-unmanaged,,,,,,0,0,0,0.00,0,0,0,0.00,0.00,,
494893875891142656,494893875891142656,unmanaged-legacy,Pleb,,,leave-unmanaged,,,,,,0,0,0,0.00,0,0,0,0.00,0.00,,
495860848816947210,495860848816947210,unmanaged-legacy,Pleb,,,leave-unmanaged,,,,,,0,0,0,0.00,0,0,0,0.00,0.00,,
497044556970328064,497044556970328064,unmanaged-legacy,Pleb,,,leave-unmanaged,,,,,,0,0,0,0.00,0,0,0,0.00,0.00,,
497088180030275596,497088180030275596,unmanaged-legacy,Pleb,,,leave-unmanaged,,,,,,0,0,0,0.00,0,0,0,0.00,0.00,,
497224587394678812,497224587394678812,unmanaged-legacy,Pleb,,,leave-unmanaged,,,,,,0,0,0,0.00,0,0,0,0.00,0.00,,
497421234657689600,497421234657689600,unmanaged-legacy,Pleb,,,leave-unmanaged,,,,,,0,0,0,0.00,0,0,0,0.00,0.00,,
497902675552239616,497902675552239616,unmanaged-legacy,Pleb,,,leave-unmanaged,,,,,,0,0,0,0.00,0,0,0,0.00,0.00,,
498406428202237952,498406428202237952,unmanaged-legacy,Pleb,,,leave-unmanaged,,,,,,0,0,0,0.00,0,0,0,0.00,0.00,,
498468555239718922,498468555239718922,unmanaged-legacy,Pleb,,,leave-unmanaged,,,,,,0,0,0,0.00,0,0,0,0.00,0.00,,
498896668175892480,498896668175892480,unmanaged-legacy,Pleb,,,leave-unmanaged,,,,,,0,0,0,0.00,0,0,0,0.00,0.00,,
499008426597416970,499008426597416970,unmanaged-legacy,Pleb,,,leave-unmanaged,,,,,,0,0,0,0.00,0,0,0,0.00,0.00,,
499016118355099648,499016118355099648,unmanaged-legacy,Pleb,,,leave-unmanaged,,,,,,0,0,0,0.00,0,0,0,0.00,0.00,,
499687254629941277,499687254629941277,unmanaged-legacy,Pleb,,,leave-unmanaged,,,,,,0,0,0,0.00,0,0,0,0.00,0.00,,
500065998389510144,500065998389510144,unmanaged-legacy,Pleb,,,leave-unmanaged,,,,,,0,0,0,0.00,0,0,0,0.00,0.00,,
500081694674649088,500081694674649088,unmanaged-legacy,Pleb,,,leave-unmanaged,,,,,,0,0,0,0.00,0,0,0,0.00,0.00,,
500198210816704513,500198210816704513,unmanaged-legacy,Pleb,,,leave-unmanaged,,,,,,0,0,0,0.00,0,0,0,0.00,0.00,,
500864070145277964,500864070145277964,unmanaged-legacy,Gladiator,Gladiator,,leave-unmanaged,,,,,,0,0,0,0.00,0,0,0,0.00,0.00,,
501754205678075940,501754205678075940,unmanaged-legacy,Pleb,,,leave-unmanaged,,,,,,0,0,0,0.00,0,0,0,0.00,0.00,,
503237191627964427,503237191627964427,unmanaged-legacy,Pleb,,,leave-unmanaged,,,,,,0,0,0,0.00,0,0,0,0.00,0.00,,
503978704293199883,503978704293199883,unmanaged-legacy,Pleb,,,leave-unmanaged,,,,,,0,0,0,0.00,0,0,0,0.00,0.00,,
504374150820003851,504374150820003851,unmanaged-legacy,Pleb,,,leave-unmanaged,,,,,,0,0,0,0.00,0,0,0,0.00,0.00,,
504430335316983818,504430335316983818,unmanaged-legacy,Pleb,,,leave-unmanaged,,,,,,0,0,0,0.00,0,0,0,0.00,0.00,,
506406677537357825,506406677537357825,unmanaged-legacy,Pleb,,,leave-unmanaged,,,,,,0,0,0,0.00,0,0,0,0.00,0.00,,
507582535862059030,507582535862059030,unmanaged-legacy,Pleb,,,leave-unmanaged,,,,,,0,0,0,0.00,0,0,0,0.00,0.00,,
508705317530370058,508705317530370058,unmanaged-legacy,Pleb,,,leave-unmanaged,,,,,,0,0,0,0.00,0,0,0,0.00,0.00,,
510422443874189313,510422443874189313,unmanaged-legacy,Pleb,,,leave-unmanaged,,,,,,0,0,0,0.00,0,0,0,0.00,0.00,,
510962917571690506,510962917571690506,unmanaged-legacy,Pleb,,,leave-unmanaged,,,,,,0,0,0,0.00,0,0,0,0.00,0.00,,
512198926737211393,512198926737211393,unmanaged-legacy,Pleb,,,leave-unmanaged,,,,,,0,0,0,0.00,0,0,0,0.00,0.00,,
513315046659588116,513315046659588116,unmanaged-legacy,Pleb,,,leave-unmanaged,,,,,,0,0,0,0.00,0,0,0,0.00,0.00,,
513347277440548864,513347277440548864,unmanaged-legacy,Gladiator,Gladiator,,leave-unmanaged,,,,,,0,0,0,0.00,0,0,0,0.00,0.00,,
513681383000899585,513681383000899585,unmanaged-legacy,Pleb,,,leave-unmanaged,,,,,,0,0,0,0.00,0,0,0,0.00,0.00,,
514817104655155201,514817104655155201,unmanaged-legacy,Pleb,,,leave-unmanaged,,,,,,0,0,0,0.00,0,0,0,0.00,0.00,,
514910384008724490,514910384008724490,unmanaged-legacy,Pleb,,,leave-unmanaged,,,,,,0,0,0,0.00,0,0,0,0.00,0.00,,
515875997841752094,515875997841752094,unmanaged-legacy,Pleb,,,leave-unmanaged,,,,,,0,0,0,0.00,0,0,0,0.00,0.00,,
516154018586689541,516154018586689541,unmanaged-legacy,Pleb,,,leave-unmanaged,,,,,,0,0,0,0.00,0,0,0,0.00,0.00,,
517013217927757846,517013217927757846,unmanaged-legacy,Pleb,,,leave-unmanaged,,,,,,0,0,0,0.00,0,0,0,0.00,0.00,,
517611748757471243,517611748757471243,unmanaged-legacy,Pleb,,,leave-unmanaged,,,,,,0,0,0,0.00,0,0,0,0.00,0.00,,
517669403827896340,517669403827896340,unmanaged-legacy,Pleb,,,leave-unmanaged,,,,,,0,0,0,0.00,0,0,0,0.00,0.00,,
518169824795295746,518169824795295746,unmanaged-legacy,Pleb,,,leave-unmanaged,,,,,,0,0,0,0.00,0,0,0,0.00,0.00,,
518675770273693696,518675770273693696,unmanaged-legacy,Pleb,,,leave-unmanaged,,,,,,0,0,0,0.00,0,0,0,0.00,0.00,,
521663351542251522,521663351542251522,unmanaged-legacy,Pleb,,,leave-unmanaged,,,,,,0,0,0,0.00,0,0,0,0.00,0.00,,
521892850317656067,521892850317656067,unmanaged-legacy,Pleb,,,leave-unmanaged,,,,,,0,0,0,0.00,0,0,0,0.00,0.00,,
522110416835575812,522110416835575812,unmanaged-legacy,Pleb,,,leave-unmanaged,,,,,,0,0,0,0.00,0,0,0,0.00,0.00,,
522560402551210005,522560402551210005,unmanaged-legacy,Pleb,,,leave-unmanaged,,,,,,0,0,0,0.00,0,0,0,0.00,0.00,,
522958721731657758,522958721731657758,unmanaged-legacy,Pleb,,,leave-unmanaged,,,,,,0,0,0,0.00,0,0,0,0.00,0.00,,
522982692908957697,522982692908957697,unmanaged-legacy,Pleb,,,leave-unmanaged,,,,,,0,0,0,0.00,0,0,0,0.00,0.00,,
523134279220199424,523134279220199424,unmanaged-legacy,Pleb,,,leave-unmanaged,,,,,,0,0,0,0.00,0,0,0,0.00,0.00,,
523916902263816194,523916902263816194,unmanaged-legacy,Pleb,,,leave-unmanaged,,,,,,0,0,0,0.00,0,0,0,0.00,0.00,,
524675136171933698,524675136171933698,unmanaged-legacy,Gladiator,Gladiator,,leave-unmanaged,,,,,,0,0,0,0.00,0,0,0,0.00,0.00,,
525336380667199498,525336380667199498,unmanaged-legacy,Pleb,,,leave-unmanaged,,,,,,0,0,0,0.00,0,0,0,0.00,0.00,,
526128847343714349,526128847343714349,unmanaged-legacy,Pleb,,,leave-unmanaged,,,,,,0,0,0,0.00,0,0,0,0.00,0.00,,
528762656673366019,528762656673366019,unmanaged-legacy,Pleb,,,leave-unmanaged,,,,,,0,0,0,0.00,0,0,0,0.00,0.00,,
529025032786149376,529025032786149376,unmanaged-legacy,Pleb,,,leave-unmanaged,,,,,,0,0,0,0.00,0,0,0,0.00,0.00,,
529370725505826819,529370725505826819,unmanaged-legacy,Pleb,,,leave-unmanaged,,,,,,0,0,0,0.00,0,0,0,0.00,0.00,,
529793186038677550,529793186038677550,unmanaged-legacy,Pleb,,,leave-unmanaged,,,,,,0,0,0,0.00,0,0,0,0.00,0.00,,
530365710635892737,530365710635892737,unmanaged-legacy,Pleb,,,leave-unmanaged,,,,,,0,0,0,0.00,0,0,0,0.00,0.00,,
530474919197409291,530474919197409291,unmanaged-legacy,Pleb,,,leave-unmanaged,,,,,,0,0,0,0.00,0,0,0,0.00,0.00,,
530817694459625472,530817694459625472,unmanaged-legacy,Pleb,,,leave-unmanaged,,,,,,0,0,0,0.00,0,0,0,0.00,0.00,,
530977754481426433,530977754481426433,unmanaged-legacy,Pleb,,,leave-unmanaged,,,,,,0,0,0,0.00,0,0,0,0.00,0.00,,
531535530085580842,531535530085580842,unmanaged-legacy,Pleb,,,leave-unmanaged,,,,,,0,0,0,0.00,0,0,0,0.00,0.00,,
531727006870536193,531727006870536193,unmanaged-legacy,Pleb,,,leave-unmanaged,,,,,,0,0,0,0.00,0,0,0,0.00,0.00,,
533095162532855809,533095162532855809,unmanaged-legacy,Pleb,,,leave-unmanaged,,,,,,0,0,0,0.00,0,0,0,0.00,0.00,,
534524707261906945,534524707261906945,unmanaged-legacy,Pleb,,,leave-unmanaged,,,,,,0,0,0,0.00,0,0,0,0.00,0.00,,
535673246419255318,535673246419255318,unmanaged-legacy,Pleb,,,leave-unmanaged,,,,,,0,0,0,0.00,0,0,0,0.00,0.00,,
536267080014495766,536267080014495766,unmanaged-legacy,Pleb,,,leave-unmanaged,,,,,,0,0,0,0.00,0,0,0,0.00,0.00,,
536472659920420864,536472659920420864,unmanaged-legacy,Pleb,,,leave-unmanaged,,,,,,0,0,0,0.00,0,0,0,0.00,0.00,,
538846671409381395,538846671409381395,unmanaged-legacy,Pleb,,,leave-unmanaged,,,,,,0,0,0,0.00,0,0,0,0.00,0.00,,
538930829804699648,538930829804699648,unmanaged-legacy,Pleb,,,leave-unmanaged,,,,,,0,0,0,0.00,0,0,0,0.00,0.00,,
539693364921106443,539693364921106443,unmanaged-legacy,Pleb,,,leave-unmanaged,,,,,,0,0,0,0.00,0,0,0,0.00,0.00,,
539821272436178971,539821272436178971,unmanaged-legacy,Pleb,,,leave-unmanaged,,,,,,0,0,0,0.00,0,0,0,0.00,0.00,,
541624819796672522,541624819796672522,unmanaged-legacy,Pleb,,,leave-unmanaged,,,,,,0,0,0,0.00,0,0,0,0.00,0.00,,
541693213174661151,541693213174661151,unmanaged-legacy,Pleb,,,leave-unmanaged,,,,,,0,0,0,0.00,0,0,0,0.00,0.00,,
542244404652408850,542244404652408850,unmanaged-legacy,Pleb,,,leave-unmanaged,,,,,,0,0,0,0.00,0,0,0,0.00,0.00,,
543398227156926464,543398227156926464,unmanaged-legacy,Pleb,,,leave-unmanaged,,,,,,0,0,0,0.00,0,0,0,0.00,0.00,,
544546262415048708,544546262415048708,unmanaged-legacy,Pleb,,,leave-unmanaged,,,,,,0,0,0,0.00,0,0,0,0.00,0.00,,
544962990592753664,544962990592753664,unmanaged-legacy,Pleb,,,leave-unmanaged,,,,,,0,0,0,0.00,0,0,0,0.00,0.00,,
547882351389048842,547882351389048842,unmanaged-legacy,Pleb,,,leave-unmanaged,,,,,,0,0,0,0.00,0,0,0,0.00,0.00,,
548179616481935423,548179616481935423,unmanaged-legacy,Pleb,,,leave-unmanaged,,,,,,0,0,0,0.00,0,0,0,0.00,0.00,,
548225311808946179,548225311808946179,unmanaged-legacy,Pleb,,,leave-unmanaged,,,,,,0,0,0,0.00,0,0,0,0.00,0.00,,
548903534062469163,548903534062469163,unmanaged-legacy,Pleb,,,leave-unmanaged,,,,,,0,0,0,0.00,0,0,0,0.00,0.00,,
551140412493004800,551140412493004800,unmanaged-legacy,Pleb,,,leave-unmanaged,,,,,,0,0,0,0.00,0,0,0,0.00,0.00,,
551763170172338188,551763170172338188,unmanaged-legacy,Pleb,,,leave-unmanaged,,,,,,0,0,0,0.00,0,0,0,0.00,0.00,,
552486838774923274,552486838774923274,unmanaged-legacy,Pleb,,,leave-unmanaged,,,,,,0,0,0,0.00,0,0,0,0.00,0.00,,
553672315028897803,553672315028897803,unmanaged-legacy,Pleb,,,leave-unmanaged,,,,,,0,0,0,0.00,0,0,0,0.00,0.00,,
554033929321971732,554033929321971732,unmanaged-legacy,Pleb,,,leave-unmanaged,,,,,,0,0,0,0.00,0,0,0,0.00,0.00,,
555059882068279299,555059882068279299,unmanaged-legacy,Pleb,,,leave-unmanaged,,,,,,0,0,0,0.00,0,0,0,0.00,0.00,,
557552388236378133,557552388236378133,unmanaged-legacy,Pleb,,,leave-unmanaged,,,,,,0,0,0,0.00,0,0,0,0.00,0.00,,
557855621513347073,557855621513347073,unmanaged-legacy,Pleb,,,leave-unmanaged,,,,,,0,0,0,0.00,0,0,0,0.00,0.00,,
559123511411474454,559123511411474454,unmanaged-legacy,Pleb,,,leave-unmanaged,,,,,,0,0,0,0.00,0,0,0,0.00,0.00,,
560809777052123148,560809777052123148,unmanaged-legacy,Pleb,,,leave-unmanaged,,,,,,0,0,0,0.00,0,0,0,0.00,0.00,,
562234726354780180,562234726354780180,unmanaged-legacy,Pleb,,,leave-unmanaged,,,,,,0,0,0,0.00,0,0,0,0.00,0.00,,
565233179569553436,565233179569553436,unmanaged-legacy,Pleb,,,leave-unmanaged,,,,,,0,0,0,0.00,0,0,0,0.00,0.00,,
565494465327005709,565494465327005709,unmanaged-legacy,Pleb,,,leave-unmanaged,,,,,,0,0,0,0.00,0,0,0,0.00,0.00,,
569225094724059208,569225094724059208,unmanaged-legacy,Pleb,,,leave-unmanaged,,,,,,0,0,0,0.00,0,0,0,0.00,0.00,,
571331019857199104,571331019857199104,unmanaged-legacy,Pleb,,,leave-unmanaged,,,,,,0,0,0,0.00,0,0,0,0.00,0.00,,
571476711422689284,571476711422689284,unmanaged-legacy,Pleb,,,leave-unmanaged,,,,,,0,0,0,0.00,0,0,0,0.00,0.00,,
572468391135412235,572468391135412235,unmanaged-legacy,Pleb,,,leave-unmanaged,,,,,,0,0,0,0.00,0,0,0,0.00,0.00,,
574150633607659541,574150633607659541,unmanaged-legacy,Pleb,,,leave-unmanaged,,,,,,0,0,0,0.00,0,0,0,0.00,0.00,,
575462635093622790,575462635093622790,unmanaged-legacy,Pleb,,,leave-unmanaged,,,,,,0,0,0,0.00,0,0,0,0.00,0.00,,
578224734739759116,578224734739759116,unmanaged-legacy,Pleb,,,leave-unmanaged,,,,,,0,0,0,0.00,0,0,0,0.00,0.00,,
578273753776128005,578273753776128005,unmanaged-legacy,Pleb,,,leave-unmanaged,,,,,,0,0,0,0.00,0,0,0,0.00,0.00,,
581135186478104578,581135186478104578,unmanaged-legacy,Pleb,,,leave-unmanaged,,,,,,0,0,0,0.00,0,0,0,0.00,0.00,,
581509028706910211,581509028706910211,unmanaged-legacy,Pleb,,,leave-unmanaged,,,,,,0,0,0,0.00,0,0,0,0.00,0.00,,
582595600634347540,582595600634347540,unmanaged-legacy,Pleb,,,leave-unmanaged,,,,,,0,0,0,0.00,0,0,0,0.00,0.00,,
584030352201482251,584030352201482251,unmanaged-legacy,Pleb,,,leave-unmanaged,,,,,,0,0,0,0.00,0,0,0,0.00,0.00,,
585072729716424715,585072729716424715,unmanaged-legacy,Pleb,,,leave-unmanaged,,,,,,0,0,0,0.00,0,0,0,0.00,0.00,,
587111628890308609,587111628890308609,unmanaged-legacy,Pleb,,,leave-unmanaged,,,,,,0,0,0,0.00,0,0,0,0.00,0.00,,
588097762424258605,588097762424258605,unmanaged-legacy,Pleb,,,leave-unmanaged,,,,,,0,0,0,0.00,0,0,0,0.00,0.00,,
589110475170643986,589110475170643986,unmanaged-legacy,Pleb,,,leave-unmanaged,,,,,,0,0,0,0.00,0,0,0,0.00,0.00,,
589451676935782401,589451676935782401,unmanaged-legacy,Pleb,,,leave-unmanaged,,,,,,0,0,0,0.00,0,0,0,0.00,0.00,,
590132580351868938,590132580351868938,unmanaged-legacy,Pleb,,,leave-unmanaged,,,,,,0,0,0,0.00,0,0,0,0.00,0.00,,
591692786919800832,591692786919800832,unmanaged-legacy,Pleb,,,leave-unmanaged,,,,,,0,0,0,0.00,0,0,0,0.00,0.00,,
593124359867203625,593124359867203625,unmanaged-legacy,Pleb,,,leave-unmanaged,,,,,,0,0,0,0.00,0,0,0,0.00,0.00,,
596650568727134209,596650568727134209,unmanaged-legacy,Pleb,,,leave-unmanaged,,,,,,0,0,0,0.00,0,0,0,0.00,0.00,,
596954945702330369,596954945702330369,unmanaged-legacy,Pleb,,,leave-unmanaged,,,,,,0,0,0,0.00,0,0,0,0.00,0.00,,
598202198123479051,598202198123479051,unmanaged-legacy,Pleb,,,leave-unmanaged,,,,,,0,0,0,0.00,0,0,0,0.00,0.00,,
599569697427423232,599569697427423232,unmanaged-legacy,Pleb,,,leave-unmanaged,,,,,,0,0,0,0.00,0,0,0,0.00,0.00,,
599598948692394025,599598948692394025,unmanaged-legacy,Pleb,,,leave-unmanaged,,,,,,0,0,0,0.00,0,0,0,0.00,0.00,,
601417621824339997,601417621824339997,unmanaged-legacy,Pleb,,,leave-unmanaged,,,,,,0,0,0,0.00,0,0,0,0.00,0.00,,
601520688246947860,601520688246947860,unmanaged-legacy,Pleb,,,leave-unmanaged,,,,,,0,0,0,0.00,0,0,0,0.00,0.00,,
602592838890291200,602592838890291200,unmanaged-legacy,Pleb,,,leave-unmanaged,,,,,,0,0,0,0.00,0,0,0,0.00,0.00,,
603175344794501151,603175344794501151,unmanaged-legacy,Pleb,,,leave-unmanaged,,,,,,0,0,0,0.00,0,0,0,0.00,0.00,,
604015754945495046,604015754945495046,unmanaged-legacy,Pleb,,,leave-unmanaged,,,,,,0,0,0,0.00,0,0,0,0.00,0.00,,
604397209030623243,604397209030623243,unmanaged-legacy,Pleb,,,leave-unmanaged,,,,,,0,0,0,0.00,0,0,0,0.00,0.00,,
607835372063555624,607835372063555624,unmanaged-legacy,Pleb,,,leave-unmanaged,,,,,,0,0,0,0.00,0,0,0,0.00,0.00,,
608159020980764712,608159020980764712,unmanaged-legacy,Pleb,,,leave-unmanaged,,,,,,0,0,0,0.00,0,0,0,0.00,0.00,,
611635031110320147,611635031110320147,unmanaged-legacy,Pleb,,,leave-unmanaged,,,,,,0,0,0,0.00,0,0,0,0.00,0.00,,
614833581478641674,614833581478641674,unmanaged-legacy,Pleb,,,leave-unmanaged,,,,,,0,0,0,0.00,0,0,0,0.00,0.00,,
615988161335525383,615988161335525383,unmanaged-legacy,Pleb,,,leave-unmanaged,,,,,,0,0,0,0.00,0,0,0,0.00,0.00,,
616257534549819394,616257534549819394,unmanaged-legacy,Pleb,,,leave-unmanaged,,,,,,0,0,0,0.00,0,0,0,0.00,0.00,,
616616915112034305,616616915112034305,unmanaged-legacy,Pleb,,,leave-unmanaged,,,,,,0,0,0,0.00,0,0,0,0.00,0.00,,
616684086630678539,616684086630678539,unmanaged-legacy,Pleb,,,leave-unmanaged,,,,,,0,0,0,0.00,0,0,0,0.00,0.00,,
619766266944815115,619766266944815115,unmanaged-legacy,Pleb,,,leave-unmanaged,,,,,,0,0,0,0.00,0,0,0,0.00,0.00,,
621481109473067028,621481109473067028,unmanaged-legacy,Pleb,,,leave-unmanaged,,,,,,0,0,0,0.00,0,0,0,0.00,0.00,,
622164442741735434,622164442741735434,unmanaged-legacy,Gladiator,Gladiator,,leave-unmanaged,,,,,,0,0,0,0.00,0,0,0,0.00,0.00,,
623527448948113439,623527448948113439,unmanaged-legacy,Pleb,,,leave-unmanaged,,,,,,0,0,0,0.00,0,0,0,0.00,0.00,,
624288477881565214,624288477881565214,unmanaged-legacy,Pleb,,,leave-unmanaged,,,,,,0,0,0,0.00,0,0,0,0.00,0.00,,
624651400592359444,624651400592359444,unmanaged-legacy,Pleb,,,leave-unmanaged,,,,,,0,0,0,0.00,0,0,0,0.00,0.00,,
624964877877772288,624964877877772288,unmanaged-legacy,Pleb,,,leave-unmanaged,,,,,,0,0,0,0.00,0,0,0,0.00,0.00,,
625068280805326859,625068280805326859,unmanaged-legacy,Pleb,,,leave-unmanaged,,,,,,0,0,0,0.00,0,0,0,0.00,0.00,,
627135410115575814,627135410115575814,unmanaged-legacy,Pleb,,,leave-unmanaged,,,,,,0,0,0,0.00,0,0,0,0.00,0.00,,
627533566393319434,627533566393319434,unmanaged-legacy,Pleb,,,leave-unmanaged,,,,,,0,0,0,0.00,0,0,0,0.00,0.00,,
630127248111960064,630127248111960064,unmanaged-legacy,Pleb,,,leave-unmanaged,,,,,,0,0,0,0.00,0,0,0,0.00,0.00,,
631723387357626379,631723387357626379,unmanaged-legacy,Pleb,,,leave-unmanaged,,,,,,0,0,0,0.00,0,0,0,0.00,0.00,,
633796365159366686,633796365159366686,unmanaged-legacy,Pleb,,,leave-unmanaged,,,,,,0,0,0,0.00,0,0,0,0.00,0.00,,
635783623676657665,635783623676657665,unmanaged-legacy,Pleb,,,leave-unmanaged,,,,,,0,0,0,0.00,0,0,0,0.00,0.00,,
636612955718549516,636612955718549516,unmanaged-legacy,Pleb,,,leave-unmanaged,,,,,,0,0,0,0.00,0,0,0,0.00,0.00,,
637642373626855446,637642373626855446,unmanaged-legacy,Pleb,,,leave-unmanaged,,,,,,0,0,0,0.00,0,0,0,0.00,0.00,,
639040749761069076,639040749761069076,unmanaged-legacy,Pleb,,,leave-unmanaged,,,,,,0,0,0,0.00,0,0,0,0.00,0.00,,
639155832428167178,639155832428167178,unmanaged-legacy,Pleb,,,leave-unmanaged,,,,,,0,0,0,0.00,0,0,0,0.00,0.00,,
639868583496646694,639868583496646694,unmanaged-legacy,Pleb,,,leave-unmanaged,,,,,,0,0,0,0.00,0,0,0,0.00,0.00,,
640349951641124885,640349951641124885,unmanaged-legacy,Pleb,,,leave-unmanaged,,,,,,0,0,0,0.00,0,0,0,0.00,0.00,,
642028334850768907,642028334850768907,unmanaged-legacy,Pleb,,,leave-unmanaged,,,,,,0,0,0,0.00,0,0,0,0.00,0.00,,
642217567930286080,642217567930286080,unmanaged-legacy,Pleb,,,leave-unmanaged,,,,,,0,0,0,0.00,0,0,0,0.00,0.00,,
642523816265777172,642523816265777172,unmanaged-legacy,Pleb,,,leave-unmanaged,,,,,,0,0,0,0.00,0,0,0,0.00,0.00,,
644180244403716136,644180244403716136,unmanaged-legacy,Pleb,,,leave-unmanaged,,,,,,0,0,0,0.00,0,0,0,0.00,0.00,,
644954296055627786,644954296055627786,unmanaged-legacy,Pleb,,,leave-unmanaged,,,,,,0,0,0,0.00,0,0,0,0.00,0.00,,
647873790906335242,647873790906335242,unmanaged-legacy,Pleb,,,leave-unmanaged,,,,,,0,0,0,0.00,0,0,0,0.00,0.00,,
648223648930332704,648223648930332704,unmanaged-legacy,Pleb,,,leave-unmanaged,,,,,,0,0,0,0.00,0,0,0,0.00,0.00,,
651629094923927573,651629094923927573,unmanaged-legacy,Pleb,,,leave-unmanaged,,,,,,0,0,0,0.00,0,0,0,0.00,0.00,,
654128102019956795,654128102019956795,unmanaged-legacy,Pleb,,,leave-unmanaged,,,,,,0,0,0,0.00,0,0,0,0.00,0.00,,
656907065972883477,656907065972883477,unmanaged-legacy,Pleb,,,leave-unmanaged,,,,,,0,0,0,0.00,0,0,0,0.00,0.00,,
657887842118402079,657887842118402079,unmanaged-legacy,Pleb,,,leave-unmanaged,,,,,,0,0,0,0.00,0,0,0,0.00,0.00,,
657931432467103755,657931432467103755,unmanaged-legacy,Pleb,,,leave-unmanaged,,,,,,0,0,0,0.00,0,0,0,0.00,0.00,,
660874352224501790,660874352224501790,unmanaged-legacy,Pleb,,,leave-unmanaged,,,,,,0,0,0,0.00,0,0,0,0.00,0.00,,
662344478824202256,662344478824202256,unmanaged-legacy,Pleb,,,leave-unmanaged,,,,,,0,0,0,0.00,0,0,0,0.00,0.00,,
664340620441288737,664340620441288737,unmanaged-legacy,Pleb,,,leave-unmanaged,,,,,,0,0,0,0.00,0,0,0,0.00,0.00,,
664806101040234504,664806101040234504,unmanaged-legacy,Pleb,,,leave-unmanaged,,,,,,0,0,0,0.00,0,0,0,0.00,0.00,,
665269648521953290,665269648521953290,unmanaged-legacy,Pleb,,,leave-unmanaged,,,,,,0,0,0,0.00,0,0,0,0.00,0.00,,
666639657965977603,666639657965977603,unmanaged-legacy,Pleb,,,leave-unmanaged,,,,,,0,0,0,0.00,0,0,0,0.00,0.00,,
667402947227025468,667402947227025468,unmanaged-legacy,Pleb,,,leave-unmanaged,,,,,,0,0,0,0.00,0,0,0,0.00,0.00,,
667429381307891713,667429381307891713,unmanaged-legacy,Pleb,,,leave-unmanaged,,,,,,0,0,0,0.00,0,0,0,0.00,0.00,,
669208822258335787,669208822258335787,unmanaged-legacy,Pleb,,,leave-unmanaged,,,,,,0,0,0,0.00,0,0,0,0.00,0.00,,
670150627816505374,670150627816505374,unmanaged-legacy,Pleb,,,leave-unmanaged,,,,,,0,0,0,0.00,0,0,0,0.00,0.00,,
670348748492374024,670348748492374024,unmanaged-legacy,Pleb,,,leave-unmanaged,,,,,,0,0,0,0.00,0,0,0,0.00,0.00,,
670811875847438377,670811875847438377,unmanaged-legacy,Pleb,,,leave-unmanaged,,,,,,0,0,0,0.00,0,0,0,0.00,0.00,,
671090558613192734,671090558613192734,unmanaged-legacy,Pleb,,,leave-unmanaged,,,,,,0,0,0,0.00,0,0,0,0.00,0.00,,
672411484633956373,672411484633956373,unmanaged-legacy,Pleb,,,leave-unmanaged,,,,,,0,0,0,0.00,0,0,0,0.00,0.00,,
674654128579936256,674654128579936256,unmanaged-legacy,Pleb,,,leave-unmanaged,,,,,,0,0,0,0.00,0,0,0,0.00,0.00,,
677256829209804820,677256829209804820,unmanaged-legacy,Pleb,,,leave-unmanaged,,,,,,0,0,0,0.00,0,0,0,0.00,0.00,,
678215483060912140,678215483060912140,unmanaged-legacy,Pleb,,,leave-unmanaged,,,,,,0,0,0,0.00,0,0,0,0.00,0.00,,
679045589320859702,679045589320859702,unmanaged-legacy,Pleb,,,leave-unmanaged,,,,,,0,0,0,0.00,0,0,0,0.00,0.00,,
680621882600456214,680621882600456214,unmanaged-legacy,Pleb,,,leave-unmanaged,,,,,,0,0,0,0.00,0,0,0,0.00,0.00,,
681470963149438981,681470963149438981,unmanaged-legacy,Pleb,,,leave-unmanaged,,,,,,0,0,0,0.00,0,0,0,0.00,0.00,,
682478993580359689,682478993580359689,unmanaged-legacy,Pleb,,,leave-unmanaged,,,,,,0,0,0,0.00,0,0,0,0.00,0.00,,
684228166247514129,684228166247514129,unmanaged-legacy,Pleb,,,leave-unmanaged,,,,,,0,0,0,0.00,0,0,0,0.00,0.00,,
685585597053665294,685585597053665294,unmanaged-legacy,Pleb,,,leave-unmanaged,,,,,,0,0,0,0.00,0,0,0,0.00,0.00,,
686898038576250882,686898038576250882,unmanaged-legacy,Pleb,,,leave-unmanaged,,,,,,0,0,0,0.00,0,0,0,0.00,0.00,,
687415757675429964,687415757675429964,unmanaged-legacy,Pleb,,,leave-unmanaged,,,,,,0,0,0,0.00,0,0,0,0.00,0.00,,
687514317335429198,687514317335429198,unmanaged-legacy,Pleb,,,leave-unmanaged,,,,,,0,0,0,0.00,0,0,0,0.00,0.00,,
688116457174859910,688116457174859910,unmanaged-legacy,Pleb,,,leave-unmanaged,,,,,,0,0,0,0.00,0,0,0,0.00,0.00,,
688377585025286194,688377585025286194,unmanaged-legacy,Pleb,,,leave-unmanaged,,,,,,0,0,0,0.00,0,0,0,0.00,0.00,,
688407497068904519,688407497068904519,unmanaged-legacy,Pleb,,,leave-unmanaged,,,,,,0,0,0,0.00,0,0,0,0.00,0.00,,
688856381524148414,688856381524148414,unmanaged-legacy,Pleb,,,leave-unmanaged,,,,,,0,0,0,0.00,0,0,0,0.00,0.00,,
689091938468626478,689091938468626478,unmanaged-legacy,Pleb,,,leave-unmanaged,,,,,,0,0,0,0.00,0,0,0,0.00,0.00,,
689141747296895087,689141747296895087,unmanaged-legacy,Pleb,,,leave-unmanaged,,,,,,0,0,0,0.00,0,0,0,0.00,0.00,,
689200468056211663,689200468056211663,unmanaged-legacy,Pleb,,,leave-unmanaged,,,,,,0,0,0,0.00,0,0,0,0.00,0.00,,
689412410746208286,689412410746208286,unmanaged-legacy,Pleb,,,leave-unmanaged,,,,,,0,0,0,0.00,0,0,0,0.00,0.00,,
689971258284310568,689971258284310568,unmanaged-legacy,Pleb,,,leave-unmanaged,,,,,,0,0,0,0.00,0,0,0,0.00,0.00,,
690546045750607882,690546045750607882,unmanaged-legacy,Pleb,,,leave-unmanaged,,,,,,0,0,0,0.00,0,0,0,0.00,0.00,,
690653812007895080,690653812007895080,unmanaged-legacy,Pleb,,,leave-unmanaged,,,,,,0,0,0,0.00,0,0,0,0.00,0.00,,
690762862679031869,690762862679031869,unmanaged-legacy,Pleb,,,leave-unmanaged,,,,,,0,0,0,0.00,0,0,0,0.00,0.00,,
691007093167227010,691007093167227010,unmanaged-legacy,Pleb,,,leave-unmanaged,,,,,,0,0,0,0.00,0,0,0,0.00,0.00,,
692102606503411734,692102606503411734,unmanaged-legacy,Pleb,,,leave-unmanaged,,,,,,0,0,0,0.00,0,0,0,0.00,0.00,,
692478379001118790,692478379001118790,unmanaged-legacy,Pleb,,,leave-unmanaged,,,,,,0,0,0,0.00,0,0,0,0.00,0.00,,
693124583951171644,693124583951171644,unmanaged-legacy,Pleb,,,leave-unmanaged,,,,,,0,0,0,0.00,0,0,0,0.00,0.00,,
693129784703844363,693129784703844363,unmanaged-legacy,Pleb,,,leave-unmanaged,,,,,,0,0,0,0.00,0,0,0,0.00,0.00,,
693493843449872434,693493843449872434,unmanaged-legacy,Pleb,,,leave-unmanaged,,,,,,0,0,0,0.00,0,0,0,0.00,0.00,,
693805506296545371,693805506296545371,unmanaged-legacy,Pleb,,,leave-unmanaged,,,,,,0,0,0,0.00,0,0,0,0.00,0.00,,
693899041376829563,693899041376829563,unmanaged-legacy,Gladiator,Gladiator,,leave-unmanaged,,,,,,0,0,0,0.00,0,0,0,0.00,0.00,,
694555339349033000,694555339349033000,unmanaged-legacy,Pleb,,,leave-unmanaged,,,,,,0,0,0,0.00,0,0,0,0.00,0.00,,
694944067003482112,694944067003482112,unmanaged-legacy,Pleb,,,leave-unmanaged,,,,,,0,0,0,0.00,0,0,0,0.00,0.00,,
696013328413229066,696013328413229066,unmanaged-legacy,Pleb,,,leave-unmanaged,,,,,,0,0,0,0.00,0,0,0,0.00,0.00,,
696047303282262112,696047303282262112,unmanaged-legacy,Pleb,,,leave-unmanaged,,,,,,0,0,0,0.00,0,0,0,0.00,0.00,,
696086642703728741,696086642703728741,unmanaged-legacy,Pleb,,,leave-unmanaged,,,,,,0,0,0,0.00,0,0,0,0.00,0.00,,
701315138837544970,701315138837544970,unmanaged-legacy,Pleb,,,leave-unmanaged,,,,,,0,0,0,0.00,0,0,0,0.00,0.00,,
701774363057193042,701774363057193042,unmanaged-legacy,Pleb,,,leave-unmanaged,,,,,,0,0,0,0.00,0,0,0,0.00,0.00,,
703140727818944512,703140727818944512,unmanaged-legacy,Pleb,,,leave-unmanaged,,,,,,0,0,0,0.00,0,0,0,0.00,0.00,,
703548397755433000,703548397755433000,unmanaged-legacy,Pleb,,,leave-unmanaged,,,,,,0,0,0,0.00,0,0,0,0.00,0.00,,
703674891773411348,703674891773411348,unmanaged-legacy,Pleb,,,leave-unmanaged,,,,,,0,0,0,0.00,0,0,0,0.00,0.00,,
705431666881069136,705431666881069136,unmanaged-legacy,Pleb,,,leave-unmanaged,,,,,,0,0,0,0.00,0,0,0,0.00,0.00,,
705465602512388177,705465602512388177,unmanaged-legacy,Pleb,,,leave-unmanaged,,,,,,0,0,0,0.00,0,0,0,0.00,0.00,,
705854841586712617,705854841586712617,unmanaged-legacy,Pleb,,,leave-unmanaged,,,,,,0,0,0,0.00,0,0,0,0.00,0.00,,
708708816748937290,708708816748937290,unmanaged-legacy,Pleb,,,leave-unmanaged,,,,,,0,0,0,0.00,0,0,0,0.00,0.00,,
709209182309711942,709209182309711942,unmanaged-legacy,Pleb,,,leave-unmanaged,,,,,,0,0,0,0.00,0,0,0,0.00,0.00,,
711198786059239485,711198786059239485,unmanaged-legacy,Pleb,,,leave-unmanaged,,,,,,0,0,0,0.00,0,0,0,0.00,0.00,,
711575334130286676,711575334130286676,unmanaged-legacy,Pleb,,,leave-unmanaged,,,,,,0,0,0,0.00,0,0,0,0.00,0.00,,
711831300692115497,711831300692115497,unmanaged-legacy,Pleb,,,leave-unmanaged,,,,,,0,0,0,0.00,0,0,0,0.00,0.00,,
713218378554146868,713218378554146868,unmanaged-legacy,Pleb,,,leave-unmanaged,,,,,,0,0,0,0.00,0,0,0,0.00,0.00,,
713838877462364220,713838877462364220,unmanaged-legacy,Pleb,,,leave-unmanaged,,,,,,0,0,0,0.00,0,0,0,0.00,0.00,,
714256458958635098,714256458958635098,unmanaged-legacy,Pleb,,,leave-unmanaged,,,,,,0,0,0,0.00,0,0,0,0.00,0.00,,
715761802138615968,715761802138615968,unmanaged-legacy,Pleb,,,leave-unmanaged,,,,,,0,0,0,0.00,0,0,0,0.00,0.00,,
716328864715898931,716328864715898931,unmanaged-legacy,Pleb,,,leave-unmanaged,,,,,,0,0,0,0.00,0,0,0,0.00,0.00,,
716495250847301713,716495250847301713,unmanaged-legacy,Pleb,,,leave-unmanaged,,,,,,0,0,0,0.00,0,0,0,0.00,0.00,,
717125900541493371,717125900541493371,unmanaged-legacy,Pleb,,,leave-unmanaged,,,,,,0,0,0,0.00,0,0,0,0.00,0.00,,
717461078484975717,717461078484975717,unmanaged-legacy,Pleb,,,leave-unmanaged,,,,,,0,0,0,0.00,0,0,0,0.00,0.00,,
718353305046089739,718353305046089739,unmanaged-legacy,Pleb,,,leave-unmanaged,,,,,,0,0,0,0.00,0,0,0,0.00,0.00,,
721320397936525312,721320397936525312,unmanaged-legacy,Pleb,,,leave-unmanaged,,,,,,0,0,0,0.00,0,0,0,0.00,0.00,,
722351552513310782,722351552513310782,unmanaged-legacy,Pleb,,,leave-unmanaged,,,,,,0,0,0,0.00,0,0,0,0.00,0.00,,
724036320044908645,724036320044908645,unmanaged-legacy,Pleb,,,leave-unmanaged,,,,,,0,0,0,0.00,0,0,0,0.00,0.00,,
724378389418344530,724378389418344530,unmanaged-legacy,Pleb,,,leave-unmanaged,,,,,,0,0,0,0.00,0,0,0,0.00,0.00,,
726109167038758922,726109167038758922,unmanaged-legacy,Pleb,,,leave-unmanaged,,,,,,0,0,0,0.00,0,0,0,0.00,0.00,,
726832352357122099,726832352357122099,unmanaged-legacy,Pleb,,,leave-unmanaged,,,,,,0,0,0,0.00,0,0,0,0.00,0.00,,
727708515229237260,727708515229237260,unmanaged-legacy,Pleb,,,leave-unmanaged,,,,,,0,0,0,0.00,0,0,0,0.00,0.00,,
727969673026601050,727969673026601050,unmanaged-legacy,Pleb,,,leave-unmanaged,,,,,,0,0,0,0.00,0,0,0,0.00,0.00,,
732936075542003822,732936075542003822,unmanaged-legacy,Pleb,,,leave-unmanaged,,,,,,0,0,0,0.00,0,0,0,0.00,0.00,,
732943456330317845,732943456330317845,unmanaged-legacy,Pleb,,,leave-unmanaged,,,,,,0,0,0,0.00,0,0,0,0.00,0.00,,
738439412110721044,738439412110721044,unmanaged-legacy,Pleb,,,leave-unmanaged,,,,,,0,0,0,0.00,0,0,0,0.00,0.00,,
738456959988006974,738456959988006974,unmanaged-legacy,Pleb,,,leave-unmanaged,,,,,,0,0,0,0.00,0,0,0,0.00,0.00,,
740815202135572550,740815202135572550,unmanaged-legacy,Pleb,,,leave-unmanaged,,,,,,0,0,0,0.00,0,0,0,0.00,0.00,,
740886298092634153,740886298092634153,unmanaged-legacy,Pleb,,,leave-unmanaged,,,,,,0,0,0,0.00,0,0,0,0.00,0.00,,
745265282796355676,745265282796355676,unmanaged-legacy,Pleb,,,leave-unmanaged,,,,,,0,0,0,0.00,0,0,0,0.00,0.00,,
747757740805455882,747757740805455882,unmanaged-legacy,Pleb,,,leave-unmanaged,,,,,,0,0,0,0.00,0,0,0,0.00,0.00,,
750466484849082448,750466484849082448,unmanaged-legacy,Pleb,,,leave-unmanaged,,,,,,0,0,0,0.00,0,0,0,0.00,0.00,,
752674816078774364,752674816078774364,unmanaged-legacy,Pleb,,,leave-unmanaged,,,,,,0,0,0,0.00,0,0,0,0.00,0.00,,
754553858939682828,754553858939682828,unmanaged-legacy,Pleb,,,leave-unmanaged,,,,,,0,0,0,0.00,0,0,0,0.00,0.00,,
756223754341711874,756223754341711874,unmanaged-legacy,Pleb,,,leave-unmanaged,,,,,,0,0,0,0.00,0,0,0,0.00,0.00,,
756565283858153633,756565283858153633,unmanaged-legacy,Pleb,,,leave-unmanaged,,,,,,0,0,0,0.00,0,0,0,0.00,0.00,,
759502617004212234,759502617004212234,unmanaged-legacy,Pleb,,,leave-unmanaged,,,,,,0,0,0,0.00,0,0,0,0.00,0.00,,
761175382627581974,761175382627581974,unmanaged-legacy,Pleb,,,leave-unmanaged,,,,,,0,0,0,0.00,0,0,0,0.00,0.00,,
761211124095516702,761211124095516702,unmanaged-legacy,Pleb,,,leave-unmanaged,,,,,,0,0,0,0.00,0,0,0,0.00,0.00,,
761689277544398858,761689277544398858,unmanaged-legacy,Pleb,,,leave-unmanaged,,,,,,0,0,0,0.00,0,0,0,0.00,0.00,,
764503191126802442,764503191126802442,unmanaged-legacy,Pleb,,,leave-unmanaged,,,,,,0,0,0,0.00,0,0,0,0.00,0.00,,
765364783771025439,765364783771025439,unmanaged-legacy,Pleb,,,leave-unmanaged,,,,,,0,0,0,0.00,0,0,0,0.00,0.00,,
765517666092974100,765517666092974100,unmanaged-legacy,Pleb,,,leave-unmanaged,,,,,,0,0,0,0.00,0,0,0,0.00,0.00,,
767868018272632832,767868018272632832,unmanaged-legacy,Pleb,,,leave-unmanaged,,,,,,0,0,0,0.00,0,0,0,0.00,0.00,,
769932692133249054,769932692133249054,unmanaged-legacy,Pleb,,,leave-unmanaged,,,,,,0,0,0,0.00,0,0,0,0.00,0.00,,
770707304999944193,770707304999944193,unmanaged-legacy,Pleb,,,leave-unmanaged,,,,,,0,0,0,0.00,0,0,0,0.00,0.00,,
771341074819055617,771341074819055617,unmanaged-legacy,Pleb,,,leave-unmanaged,,,,,,0,0,0,0.00,0,0,0,0.00,0.00,,
771802862783168522,771802862783168522,unmanaged-legacy,Pleb,,,leave-unmanaged,,,,,,0,0,0,0.00,0,0,0,0.00,0.00,,
772151810009989140,772151810009989140,unmanaged-legacy,Pleb,,,leave-unmanaged,,,,,,0,0,0,0.00,0,0,0,0.00,0.00,,
774377500515500052,774377500515500052,unmanaged-legacy,Pleb,,,leave-unmanaged,,,,,,0,0,0,0.00,0,0,0,0.00,0.00,,
775706800846012436,775706800846012436,unmanaged-legacy,Pleb,,,leave-unmanaged,,,,,,0,0,0,0.00,0,0,0,0.00,0.00,,
776524547692298292,776524547692298292,unmanaged-legacy,Pleb,,,leave-unmanaged,,,,,,0,0,0,0.00,0,0,0,0.00,0.00,,
776748831055282177,776748831055282177,unmanaged-legacy,Pleb,,,leave-unmanaged,,,,,,0,0,0,0.00,0,0,0,0.00,0.00,,
776787489410514945,776787489410514945,unmanaged-legacy,Pleb,,,leave-unmanaged,,,,,,0,0,0,0.00,0,0,0,0.00,0.00,,
778364934131417139,778364934131417139,unmanaged-legacy,Pleb,,,leave-unmanaged,,,,,,0,0,0,0.00,0,0,0,0.00,0.00,,
779364265877962774,779364265877962774,unmanaged-legacy,Pleb,,,leave-unmanaged,,,,,,0,0,0,0.00,0,0,0,0.00,0.00,,
781276462350991391,781276462350991391,unmanaged-legacy,Pleb,,,leave-unmanaged,,,,,,0,0,0,0.00,0,0,0,0.00,0.00,,
783326521993592842,783326521993592842,unmanaged-legacy,Pleb,,,leave-unmanaged,,,,,,0,0,0,0.00,0,0,0,0.00,0.00,,
784867527037419582,784867527037419582,unmanaged-legacy,Pleb,,,leave-unmanaged,,,,,,0,0,0,0.00,0,0,0,0.00,0.00,,
785945674389651466,785945674389651466,unmanaged-legacy,Pleb,,,leave-unmanaged,,,,,,0,0,0,0.00,0,0,0,0.00,0.00,,
788733495857512480,788733495857512480,unmanaged-legacy,Pleb,,,leave-unmanaged,,,,,,0,0,0,0.00,0,0,0,0.00,0.00,,
789825747472220162,789825747472220162,unmanaged-legacy,Pleb,,,leave-unmanaged,,,,,,0,0,0,0.00,0,0,0,0.00,0.00,,
790678051947675728,790678051947675728,unmanaged-legacy,Pleb,,,leave-unmanaged,,,,,,0,0,0,0.00,0,0,0,0.00,0.00,,
790989816254562334,790989816254562334,unmanaged-legacy,Pleb,,,leave-unmanaged,,,,,,0,0,0,0.00,0,0,0,0.00,0.00,,
791047070420828201,791047070420828201,unmanaged-legacy,Pleb,,,leave-unmanaged,,,,,,0,0,0,0.00,0,0,0,0.00,0.00,,
792124902835748886,792124902835748886,unmanaged-legacy,Pleb,,,leave-unmanaged,,,,,,0,0,0,0.00,0,0,0,0.00,0.00,,
792740395389288458,792740395389288458,unmanaged-legacy,Pleb,,,leave-unmanaged,,,,,,0,0,0,0.00,0,0,0,0.00,0.00,,
793238422113484801,793238422113484801,unmanaged-legacy,Pleb,,,leave-unmanaged,,,,,,0,0,0,0.00,0,0,0,0.00,0.00,,
794055567928721429,794055567928721429,unmanaged-legacy,Pleb,,,leave-unmanaged,,,,,,0,0,0,0.00,0,0,0,0.00,0.00,,
797856348095774720,797856348095774720,unmanaged-legacy,Pleb,,,leave-unmanaged,,,,,,0,0,0,0.00,0,0,0,0.00,0.00,,
798722255613460510,798722255613460510,unmanaged-legacy,Pleb,,,leave-unmanaged,,,,,,0,0,0,0.00,0,0,0,0.00,0.00,,
799859356732096543,799859356732096543,unmanaged-legacy,Pleb,,,leave-unmanaged,,,,,,0,0,0,0.00,0,0,0,0.00,0.00,,
800099830944628767,800099830944628767,unmanaged-legacy,Pleb,,,leave-unmanaged,,,,,,0,0,0,0.00,0,0,0,0.00,0.00,,
80122013221400576,80122013221400576,unmanaged-legacy,Pleb,,,leave-unmanaged,,,,,,0,0,0,0.00,0,0,0,0.00,0.00,,
801677122410250250,801677122410250250,unmanaged-legacy,Pleb,,,leave-unmanaged,,,,,,0,0,0,0.00,0,0,0,0.00,0.00,,
802197841812389908,802197841812389908,unmanaged-legacy,Pleb,,,leave-unmanaged,,,,,,0,0,0,0.00,0,0,0,0.00,0.00,,
803510421218656276,803510421218656276,unmanaged-legacy,Pleb,,,leave-unmanaged,,,,,,0,0,0,0.00,0,0,0,0.00,0.00,,
807342716333457449,807342716333457449,unmanaged-legacy,Pleb,,,leave-unmanaged,,,,,,0,0,0,0.00,0,0,0,0.00,0.00,,
808397111313039450,808397111313039450,unmanaged-legacy,Pleb,,,leave-unmanaged,,,,,,0,0,0,0.00,0,0,0,0.00,0.00,,
811308576479379466,811308576479379466,unmanaged-legacy,Pleb,,,leave-unmanaged,,,,,,0,0,0,0.00,0,0,0,0.00,0.00,,
812704419753230397,812704419753230397,unmanaged-legacy,Pleb,,,leave-unmanaged,,,,,,0,0,0,0.00,0,0,0,0.00,0.00,,
815769866274340896,815769866274340896,unmanaged-legacy,Pleb,,,leave-unmanaged,,,,,,0,0,0,0.00,0,0,0,0.00,0.00,,
821711844825759814,821711844825759814,unmanaged-legacy,Pleb,,,leave-unmanaged,,,,,,0,0,0,0.00,0,0,0,0.00,0.00,,
822914399441387560,822914399441387560,unmanaged-legacy,Pleb,,,leave-unmanaged,,,,,,0,0,0,0.00,0,0,0,0.00,0.00,,
823854667192074240,823854667192074240,unmanaged-legacy,Pleb,,,leave-unmanaged,,,,,,0,0,0,0.00,0,0,0,0.00,0.00,,
824274866659917845,824274866659917845,unmanaged-legacy,Pleb,,,leave-unmanaged,,,,,,0,0,0,0.00,0,0,0,0.00,0.00,,
824920735041847336,824920735041847336,unmanaged-legacy,Pleb,,,leave-unmanaged,,,,,,0,0,0,0.00,0,0,0,0.00,0.00,,
826468379954511902,826468379954511902,unmanaged-legacy,Pleb,,,leave-unmanaged,,,,,,0,0,0,0.00,0,0,0,0.00,0.00,,
826509348569350185,826509348569350185,unmanaged-legacy,Pleb,,,leave-unmanaged,,,,,,0,0,0,0.00,0,0,0,0.00,0.00,,
830770032682336297,830770032682336297,unmanaged-legacy,Pleb,,,leave-unmanaged,,,,,,0,0,0,0.00,0,0,0,0.00,0.00,,
831442327163109387,831442327163109387,unmanaged-legacy,Pleb,,,leave-unmanaged,,,,,,0,0,0,0.00,0,0,0,0.00,0.00,,
831770432683245619,831770432683245619,unmanaged-legacy,Pleb,,,leave-unmanaged,,,,,,0,0,0,0.00,0,0,0,0.00,0.00,,
832420938091855902,832420938091855902,unmanaged-legacy,Pleb,,,leave-unmanaged,,,,,,0,0,0,0.00,0,0,0,0.00,0.00,,
843003879503429662,843003879503429662,unmanaged-legacy,Pleb,,,leave-unmanaged,,,,,,0,0,0,0.00,0,0,0,0.00,0.00,,
843530312163131404,843530312163131404,unmanaged-legacy,Pleb,,,leave-unmanaged,,,,,,0,0,0,0.00,0,0,0,0.00,0.00,,
843927935093178400,843927935093178400,unmanaged-legacy,Pleb,,,leave-unmanaged,,,,,,0,0,0,0.00,0,0,0,0.00,0.00,,
854275177612050432,854275177612050432,unmanaged-legacy,Pleb,,,leave-unmanaged,,,,,,0,0,0,0.00,0,0,0,0.00,0.00,,
854395769304645652,854395769304645652,unmanaged-legacy,Pleb,,,leave-unmanaged,,,,,,0,0,0,0.00,0,0,0,0.00,0.00,,
854584270637760523,854584270637760523,unmanaged-legacy,Pleb,,,leave-unmanaged,,,,,,0,0,0,0.00,0,0,0,0.00,0.00,,
855595375543975958,855595375543975958,unmanaged-legacy,Pleb,,,leave-unmanaged,,,,,,0,0,0,0.00,0,0,0,0.00,0.00,,
859933298359795752,859933298359795752,unmanaged-legacy,Pleb,,,leave-unmanaged,,,,,,0,0,0,0.00,0,0,0,0.00,0.00,,
860620773747195916,860620773747195916,unmanaged-legacy,Pleb,,,leave-unmanaged,,,,,,0,0,0,0.00,0,0,0,0.00,0.00,,
862016483906420746,862016483906420746,unmanaged-legacy,Gladiator,Gladiator,,leave-unmanaged,,,,,,0,0,0,0.00,0,0,0,0.00,0.00,,
86238227266043904,86238227266043904,unmanaged-legacy,Pleb,,,leave-unmanaged,,,,,,0,0,0,0.00,0,0,0,0.00,0.00,,
867843478109421619,867843478109421619,unmanaged-legacy,Pleb,,,leave-unmanaged,,,,,,0,0,0,0.00,0,0,0,0.00,0.00,,
869155633319002173,869155633319002173,unmanaged-legacy,Pleb,,,leave-unmanaged,,,,,,0,0,0,0.00,0,0,0,0.00,0.00,,
873212454002389033,873212454002389033,unmanaged-legacy,Pleb,,,leave-unmanaged,,,,,,0,0,0,0.00,0,0,0,0.00,0.00,,
874064869685596251,874064869685596251,unmanaged-legacy,Pleb,,,leave-unmanaged,,,,,,0,0,0,0.00,0,0,0,0.00,0.00,,
876942027105906779,876942027105906779,unmanaged-legacy,Pleb,,,leave-unmanaged,,,,,,0,0,0,0.00,0,0,0,0.00,0.00,,
879789579740262511,879789579740262511,unmanaged-legacy,Pleb,,,leave-unmanaged,,,,,,0,0,0,0.00,0,0,0,0.00,0.00,,
885782692879278081,885782692879278081,unmanaged-legacy,Pleb,,,leave-unmanaged,,,,,,0,0,0,0.00,0,0,0,0.00,0.00,,
888103321552965644,888103321552965644,unmanaged-legacy,Pleb,,,leave-unmanaged,,,,,,0,0,0,0.00,0,0,0,0.00,0.00,,
890810943834062849,890810943834062849,unmanaged-legacy,Pleb,,,leave-unmanaged,,,,,,0,0,0,0.00,0,0,0,0.00,0.00,,
892463477451534426,892463477451534426,unmanaged-legacy,Pleb,,,leave-unmanaged,,,,,,0,0,0,0.00,0,0,0,0.00,0.00,,
897088244099993612,897088244099993612,unmanaged-legacy,Pleb,,,leave-unmanaged,,,,,,0,0,0,0.00,0,0,0,0.00,0.00,,
899266941334736957,899266941334736957,unmanaged-legacy,Pleb,,,leave-unmanaged,,,,,,0,0,0,0.00,0,0,0,0.00,0.00,,
903457637864198144,903457637864198144,unmanaged-legacy,Gladiator,Gladiator,,leave-unmanaged,,,,,,0,0,0,0.00,0,0,0,0.00,0.00,,
909161684457885736,909161684457885736,unmanaged-legacy,Pleb,,,leave-unmanaged,,,,,,0,0,0,0.00,0,0,0,0.00,0.00,,
913802835374792725,913802835374792725,unmanaged-legacy,Pleb,,,leave-unmanaged,,,,,,0,0,0,0.00,0,0,0,0.00,0.00,,
916283784305983538,916283784305983538,unmanaged-legacy,Pleb,,,leave-unmanaged,,,,,,0,0,0,0.00,0,0,0,0.00,0.00,,
916681126570000424,916681126570000424,unmanaged-legacy,Pleb,,,leave-unmanaged,,,,,,0,0,0,0.00,0,0,0,0.00,0.00,,
917521702223765514,917521702223765514,unmanaged-legacy,Gladiator,Gladiator,,leave-unmanaged,,,,,,0,0,0,0.00,0,0,0,0.00,0.00,,
920799321706872832,920799321706872832,unmanaged-legacy,Pleb,,,leave-unmanaged,,,,,,0,0,0,0.00,0,0,0,0.00,0.00,,
924670431863128205,924670431863128205,unmanaged-legacy,Pleb,,,leave-unmanaged,,,,,,0,0,0,0.00,0,0,0,0.00,0.00,,
925808275566506014,925808275566506014,unmanaged-legacy,Pleb,,,leave-unmanaged,,,,,,0,0,0,0.00,0,0,0,0.00,0.00,,
926588045640233011,926588045640233011,unmanaged-legacy,Pleb,,,leave-unmanaged,,,,,,0,0,0,0.00,0,0,0,0.00,0.00,,
928658102067269654,928658102067269654,unmanaged-legacy,Pleb,,,leave-unmanaged,,,,,,0,0,0,0.00,0,0,0,0.00,0.00,,
930110806278946837,930110806278946837,unmanaged-legacy,Pleb,,,leave-unmanaged,,,,,,0,0,0,0.00,0,0,0,0.00,0.00,,
930957383746854973,930957383746854973,unmanaged-legacy,Pleb,,,leave-unmanaged,,,,,,0,0,0,0.00,0,0,0,0.00,0.00,,
931551159234203679,931551159234203679,unmanaged-legacy,Pleb,,,leave-unmanaged,,,,,,0,0,0,0.00,0,0,0,0.00,0.00,,
932944070953803826,932944070953803826,unmanaged-legacy,Pleb,,,leave-unmanaged,,,,,,0,0,0,0.00,0,0,0,0.00,0.00,,
934102032829251694,934102032829251694,unmanaged-legacy,Pleb,,,leave-unmanaged,,,,,,0,0,0,0.00,0,0,0,0.00,0.00,,
936265217418072125,936265217418072125,unmanaged-legacy,Pleb,,,leave-unmanaged,,,,,,0,0,0,0.00,0,0,0,0.00,0.00,,
940641826182930452,940641826182930452,unmanaged-legacy,Pleb,,,leave-unmanaged,,,,,,0,0,0,0.00,0,0,0,0.00,0.00,,
942821038285287454,942821038285287454,unmanaged-legacy,Pleb,,,leave-unmanaged,,,,,,0,0,0,0.00,0,0,0,0.00,0.00,,
948998734195335259,948998734195335259,unmanaged-legacy,Pleb,,,leave-unmanaged,,,,,,0,0,0,0.00,0,0,0,0.00,0.00,,
952558796423721040,952558796423721040,unmanaged-legacy,Pleb,,,leave-unmanaged,,,,,,0,0,0,0.00,0,0,0,0.00,0.00,,
953903405737345068,953903405737345068,unmanaged-legacy,Pleb,,,leave-unmanaged,,,,,,0,0,0,0.00,0,0,0,0.00,0.00,,
954827570040410122,954827570040410122,unmanaged-legacy,Pleb,,,leave-unmanaged,,,,,,0,0,0,0.00,0,0,0,0.00,0.00,,
960050655760883762,960050655760883762,unmanaged-legacy,Pleb,,,leave-unmanaged,,,,,,0,0,0,0.00,0,0,0,0.00,0.00,,
960946768198135838,960946768198135838,unmanaged-legacy,Pleb,,,leave-unmanaged,,,,,,0,0,0,0.00,0,0,0,0.00,0.00,,
961025696170377328,961025696170377328,unmanaged-legacy,Pleb,,,leave-unmanaged,,,,,,0,0,0,0.00,0,0,0,0.00,0.00,,
963136116389728367,963136116389728367,unmanaged-legacy,Pleb,,,leave-unmanaged,,,,,,0,0,0,0.00,0,0,0,0.00,0.00,,
965345457524064356,965345457524064356,unmanaged-legacy,Pleb,,,leave-unmanaged,,,,,,0,0,0,0.00,0,0,0,0.00,0.00,,
970381934423326750,970381934423326750,unmanaged-legacy,Pleb,,,leave-unmanaged,,,,,,0,0,0,0.00,0,0,0,0.00,0.00,,
970997543376920616,970997543376920616,unmanaged-legacy,Pleb,,,leave-unmanaged,,,,,,0,0,0,0.00,0,0,0,0.00,0.00,,
977197697767473193,977197697767473193,unmanaged-legacy,Pleb,,,leave-unmanaged,,,,,,0,0,0,0.00,0,0,0,0.00,0.00,,
977848128411676692,977848128411676692,unmanaged-legacy,Pleb,,,leave-unmanaged,,,,,,0,0,0,0.00,0,0,0,0.00,0.00,,
978028946539028611,978028946539028611,unmanaged-legacy,Pleb,,,leave-unmanaged,,,,,,0,0,0,0.00,0,0,0,0.00,0.00,,
986554952216359003,986554952216359003,unmanaged-legacy,Pleb,,,leave-unmanaged,,,,,,0,0,0,0.00,0,0,0,0.00,0.00,,
99363571791577088,99363571791577088,unmanaged-legacy,Pleb,,,leave-unmanaged,,,,,,0,0,0,0.00,0,0,0,0.00,0.00,,
