player_id,display_name,current_discord_role,new_calculated_role,managed,reason,expected_discord_action,global_rank,percentile,display_rating,role_score,mu,sigma,raw_games,imported_games,effective_games,wins_vs_tier_1,wins_vs_tier_2_plus,effective_wins_vs_tier_1,effective_wins_vs_tier_2_plus,wins,duel_games,duel_rating,duo_games,duo_rating,squad_games,squad_rating,ffa_games,ffa_rating,red-death_games,red-death_rating
188455260912615424,[ZoC]🐟TaskForceFish🐟,Legion,Elite,yes,qualified,replace-role,15,4.87%,1348,1229,34.6540,4.3748,44,12,38.00,2,13,0.75,8.08,31,23,1341,16,1197,5,1143,0,,0,
730088289159348306,Alco,Legion,Elite,yes,qualified,replace-role,9,2.92%,1366,1273,35.1603,3.4216,72,37,53.50,4,13,2.50,9.00,46,69,1360,1,969,2,925,0,,0,
639072903685603338,Bourricot,Elite,Elite,yes,qualified,no-op,11,3.57%,1424,1263,36.7720,5.9462,37,14,30.00,1,13,0.25,3.83,29,0,,23,1434,14,1093,0,,0,
284068567576477697,Findus,Elite,Elite,yes,qualified,no-op,3,0.97%,1559,1446,40.5144,4.1680,64,23,52.50,6,23,3.42,12.75,53,37,1573,11,1278,16,1326,0,,0,
507199986317000704,gwawel,Elite,Elite,yes,qualified,no-op,4,1.30%,1492,1407,38.6585,3.1468,148,70,113.00,7,49,4.00,33.50,115,125,1487,23,1390,0,,0,,0,
311565070088011776,Hora de Worka,Gladiator,Elite,yes,qualified,replace-role,7,2.27%,1401,1287,36.1453,4.2197,36,9,31.50,2,12,1.00,7.83,19,20,1394,14,1170,2,1034,0,,0,
277166819524083712,Khornie,Legion,Elite,yes,qualified,replace-role,8,2.60%,1407,1286,36.3186,4.5052,75,36,57.00,9,25,2.92,9.20,57,23,1492,31,1153,21,1156,0,,0,
531874323305332747,Kiber,Elite,Elite,yes,qualified,no-op,1,0.32%,1671,1547,43.6357,4.5757,26,3,24.50,8,16,6.33,13.08,21,18,1689,6,1097,2,1115,0,,0,
111335315238641664,Malm,Legion,Elite,yes,qualified,replace-role,6,1.95%,1442,1303,37.2687,5.1380,28,13,21.50,2,4,2.00,4.00,19,25,1404,1,974,2,1064,0,,0,
928946498002120735,Sent Kurokawa,Elite,Elite,yes,qualified,no-op,2,0.65%,1627,1482,42.4047,5.3473,72,22,61.00,15,48,5.92,18.00,66,4,1416,50,1498,18,1547,0,,0,
414749042157944862,Sewi27,Squire,Elite,yes,qualified,replace-role,12,3.90%,1403,1257,36.1905,5.4032,29,9,24.50,4,13,1.25,5.50,19,7,1190,18,1374,4,1031,0,,0,
363345949252124672,aflac,Gladiator,Legion,yes,qualified,replace-role,25,8.12%,1296,1193,33.2189,3.8162,87,35,69.50,3,30,0.75,13.83,68,49,1303,26,1278,12,1169,0,,0,
270543079793098752,AFLYINGTOILET,Squire,Legion,yes,qualified,replace-role,39,12.66%,1285,1130,32.9168,5.7571,30,3,28.50,2,7,0.45,2.40,19,4,1267,9,1241,17,1084,0,,0,
222367163888041984,alexis krempp,Gladiator,Legion,yes,qualified,replace-role,40,12.99%,1297,1129,33.2446,6.2111,24,15,16.50,5,16,1.08,3.75,15,3,1172,0,,21,1265,0,,0,
312957661001809921,Androam,Gladiator,Legion,yes,qualified,replace-role,121,39.29%,1112,939,28.1015,6.3835,29,2,28.00,7,10,1.78,2.53,14,0,,2,926,27,1104,0,,0,
269167666999066634,Atomation,Squire,Legion,yes,qualified,replace-role,71,23.05%,1164,1054,29.5551,4.0895,85,14,78.00,8,13,1.95,3.23,41,13,1182,20,998,52,1181,0,,0,
557598327026221059,aubbap,Squire,Legion,yes,qualified,replace-role,36,11.69%,1236,1139,31.5672,3.6021,42,1,41.50,3,10,3.00,9.50,27,42,1237,0,,0,,0,,0,
437662301219192834,aykops,Legion,Legion,yes,qualified,no-op,20,6.49%,1339,1211,34.4109,4.7333,76,11,70.50,12,23,3.58,7.10,50,1,1056,15,1068,58,1335,2,1117,0,
548322988626542652,backflip (naval war player),Legion,Legion,yes,qualified,no-op,31,10.06%,1304,1164,33.4355,5.1701,44,4,42.00,5,8,1.35,2.35,30,4,918,13,1261,27,1314,0,,0,
541615428473192459,barbar,Elite,Legion,yes,qualified,replace-role,107,34.74%,1109,966,28.0360,5.3028,64,17,55.50,11,21,3.07,5.90,32,4,1029,12,925,48,1132,0,,0,
186417692960358401,Bartsake,Pleb,Legion,yes,qualified,replace-role,137,44.48%,1098,915,27.7256,6.7908,28,20,18.00,3,14,0.58,2.92,15,0,,0,,28,1124,0,,0,
798623447986470974,broccoli,Squire,Legion,yes,qualified,replace-role,91,29.55%,1109,993,28.0311,4.2990,52,14,45.00,3,4,1.67,2.17,30,29,1134,19,1034,4,1009,0,,0,
733142629616713818,commutant,Legion,Legion,yes,qualified,no-op,33,10.71%,1247,1151,31.8662,3.5636,129,44,107.00,3,13,0.75,3.33,75,35,1274,51,1179,42,1065,1,1043,0,
590550043212251185,cool9393,Legion,Legion,yes,qualified,no-op,30,9.74%,1319,1167,33.8592,5.6285,48,8,44.00,1,17,0.25,3.95,30,0,,1,966,47,1306,0,,0,
202854878899470336,Crudlove,Elite,Legion,yes,qualified,replace-role,21,6.82%,1379,1209,35.5198,6.2704,20,0,20.00,4,8,2.00,3.83,18,2,1005,17,1512,1,1075,0,,0,
693853784140415057,cynth,Legion,Legion,yes,qualified,no-op,82,26.62%,1163,1027,29.5350,5.0551,72,25,59.50,10,25,3.17,7.48,48,0,,35,1342,37,1127,0,,0,
137645419952865280,Damori,Legion,Legion,yes,qualified,no-op,89,28.90%,1176,999,29.8948,6.5595,25,14,18.00,2,5,0.58,1.58,16,3,1038,4,1192,18,1113,0,,0,
186958027788779521,elaphantguy,Gladiator,Legion,yes,qualified,replace-role,74,24.03%,1210,1042,30.8264,6.2097,36,4,34.00,6,12,1.45,2.87,21,0,,2,1072,34,1257,0,,0,
275644167613579268,erwan,Squire,Legion,yes,qualified,replace-role,16,5.19%,1390,1224,35.8369,6.1605,29,10,24.00,3,11,0.83,4.00,21,1,1071,13,1332,15,1144,0,,0,
1480634563074986135,Extr,Gladiator,Legion,yes,qualified,replace-role,108,35.06%,1097,964,27.7075,4.9603,72,14,65.00,3,8,0.70,1.98,48,13,1107,7,957,52,1246,0,,0,
287397869550567425,Falcon,Pleb,Legion,yes,qualified,replace-role,48,15.58%,1282,1110,32.8468,6.4000,17,0,17.00,1,5,0.20,1.65,11,3,1264,4,1051,10,935,0,,0,
269629070445248512,floppyfloNG,Legion,Legion,yes,qualified,no-op,18,5.84%,1386,1217,35.7354,6.2695,27,6,24.00,3,12,1.00,3.42,20,0,,7,1140,20,1317,0,,0,
688507156735328383,FNCNemesis,Squire,Legion,yes,qualified,replace-role,59,19.16%,1270,1083,32.4943,6.9092,21,9,16.50,5,7,1.33,2.08,14,0,,5,1102,16,1166,0,,0,
925722102294802442,Hans Landa,Squire,Legion,yes,qualified,replace-role,61,19.81%,1245,1079,31.7961,6.1326,38,30,23.00,0,3,0.00,0.67,26,14,1278,14,1103,10,901,0,,0,
372435077843386381,Hector,Gladiator,Legion,yes,qualified,replace-role,85,27.60%,1178,1022,29.9452,5.7647,46,1,45.50,8,15,1.98,3.63,25,0,,1,964,45,1188,0,,0,
551382710304899072,HellStar,Legion,Legion,yes,qualified,no-op,26,8.44%,1322,1189,33.9345,4.9154,69,29,54.50,7,29,2.33,9.08,46,3,1090,40,1319,26,1277,0,,0,
379056864819675136,Heywax,Pleb,Legion,yes,qualified,replace-role,42,13.64%,1264,1125,32.3363,5.1420,41,18,32.00,1,7,0.50,2.42,21,5,1342,25,960,10,1019,1,1043,0,
1277373756507164793,hmmmm,Squire,Legion,yes,qualified,replace-role,24,7.79%,1363,1193,35.0824,6.2939,25,10,20.00,1,6,0.50,1.58,16,5,1250,4,1161,16,1079,0,,0,
542037274318077953,JacobDaba,Elite,Legion,yes,qualified,replace-role,65,21.10%,1201,1071,30.5901,4.8164,85,18,76.00,16,39,3.98,9.67,50,0,,19,849,66,1361,0,,0,
651416658367217674,jurassikpark,Squire,Legion,yes,qualified,replace-role,45,14.61%,1214,1114,30.9506,3.7219,82,51,56.50,0,2,0.00,1.50,40,63,1228,17,1075,2,1004,0,,0,
414155162438074368,Kokkusu,Squire,Legion,yes,qualified,replace-role,43,13.96%,1287,1118,32.9825,6.2573,35,20,25.00,4,7,1.00,1.92,26,0,,19,1268,16,1123,0,,0,
201821608506032129,ldk,Gladiator,Legion,yes,qualified,replace-role,38,12.34%,1308,1138,33.5686,6.3213,36,24,24.00,7,18,2.08,4.83,27,0,,17,1232,19,1201,0,,0,
181879507756515328,Lege,Squire,Legion,yes,qualified,replace-role,64,20.78%,1206,1071,30.7328,5.0010,52,17,43.50,3,19,1.00,6.92,30,3,1235,31,1015,18,1114,0,,0,
529143150732640266,LegendMaksat,Elite,Legion,yes,qualified,replace-role,27,8.77%,1302,1183,33.4028,4.4279,81,26,68.00,2,8,0.58,3.08,57,18,1142,46,1279,17,1316,0,,0,
325335781180702740,LeKiks,Squire,Legion,yes,qualified,replace-role,50,16.23%,1274,1107,32.6187,6.1867,42,26,29.00,3,11,0.83,3.17,34,2,1146,31,1223,9,1025,0,,0,
568834228461240331,lykkekriger,Elite,Legion,yes,qualified,replace-role,54,17.53%,1217,1101,31.0152,4.2759,102,9,97.50,2,21,0.58,6.10,60,1,876,13,1396,88,1144,0,,0,
988876307553214554,Madiyar,Squire,Legion,yes,qualified,replace-role,93,30.19%,1114,992,28.1751,4.5465,94,15,86.50,6,12,1.58,3.17,49,2,1090,8,933,83,1085,1,974,0,
274145149947215873,manmiku,Legion,Legion,yes,qualified,no-op,46,14.94%,1266,1112,32.3855,5.7138,55,16,47.00,13,34,5.17,12.17,46,0,,39,1230,16,1265,0,,0,
682998741623635978,Michael,Squire,Legion,yes,qualified,replace-role,53,17.21%,1267,1103,32.4274,6.1064,34,0,34.00,7,20,1.65,5.22,23,0,,5,1133,29,1162,0,,0,
377035061146550284,MikalaiNovikau,Squire,Legion,yes,qualified,replace-role,28,9.09%,1344,1179,34.5687,6.1422,25,6,22.00,2,6,1.25,3.08,17,9,1388,6,1068,9,1086,1,1043,0,
533203635463782401,Monkey D owon,Gladiator,Legion,yes,qualified,replace-role,17,5.52%,1317,1223,33.8105,3.4706,77,48,53.00,5,15,3.50,10.00,44,72,1260,4,1044,1,953,0,,0,
819743939543957565,Mr. Horse,Squire,Legion,yes,qualified,replace-role,127,41.23%,1086,935,27.3993,5.5926,39,6,36.00,6,16,1.50,3.87,19,1,971,5,1134,32,1052,1,1009,0,
301329675991515137,Nawyk,Legion,Legion,yes,qualified,no-op,34,11.04%,1308,1141,33.5558,6.1724,30,12,24.00,5,15,1.58,4.42,22,4,1109,6,1135,20,1246,0,,0,
229234283036803074,ooJOSHUA66oo,Gladiator,Legion,yes,qualified,replace-role,60,19.48%,1213,1079,30.9135,4.9441,66,0,66.00,2,16,0.50,3.83,36,0,,2,875,64,1267,0,,0,
768121095302676490,paoringaru,Gladiator,Legion,yes,qualified,replace-role,57,18.51%,1257,1088,32.1299,6.2546,33,12,27.00,3,13,0.75,4.17,27,4,1010,18,1264,11,1218,0,,0,
688084429251543153,paul_h1rs,Gladiator,Legion,yes,qualified,replace-role,22,7.14%,1314,1201,33.7245,4.1715,47,17,38.50,2,14,1.50,12.50,35,44,1339,3,998,0,,0,,0,
241995821090996224,Pompilidae,Pleb,Legion,yes,qualified,replace-role,106,34.42%,1129,967,28.5850,6.0183,49,37,30.50,7,18,1.42,3.75,29,0,,8,1089,41,1115,0,,0,
917436267149533225,pranavashen04,Squire,Legion,yes,qualified,replace-role,51,16.56%,1192,1104,30.3375,3.2721,72,11,66.50,1,9,1.00,8.00,33,60,1238,10,899,2,985,0,,0,
240520630728916992,Rnaw,Gladiator,Legion,yes,qualified,replace-role,67,21.75%,1219,1064,31.0783,5.7472,40,9,35.50,4,8,1.58,3.08,26,1,973,22,1257,17,1168,0,,0,
398214697817473025,Smilol,Gladiator,Legion,yes,qualified,replace-role,52,16.88%,1208,1103,30.7916,3.8895,59,14,52.00,0,4,0.00,2.33,38,34,1112,19,1247,6,1019,0,,0,
489391878962413569,solo,Squire,Legion,yes,qualified,replace-role,55,17.86%,1262,1099,32.2716,6.0360,25,4,23.00,2,8,1.00,3.75,15,0,,17,1224,8,1021,0,,0,
436574185716973579,Spriggan,Legion,Legion,yes,qualified,no-op,63,20.45%,1255,1075,32.0894,6.6597,25,16,17.00,7,12,1.58,3.08,14,0,,2,1207,23,1046,0,,0,
746581845428273173,T_Va,Squire,Legion,yes,qualified,replace-role,41,13.31%,1256,1129,32.1128,4.7038,47,18,38.00,1,3,0.50,1.33,39,26,1201,16,1395,5,1041,0,,0,
214103877639864321,thedude5357,Legion,Legion,yes,qualified,no-op,29,9.42%,1311,1177,33.6524,4.9760,74,30,59.00,7,14,2.42,4.75,54,18,1379,30,1247,26,1199,0,,0,
385750169276383233,TheGreatestPotato,Squire,Legion,yes,qualified,replace-role,94,30.52%,1098,990,27.7151,3.9903,62,15,54.50,2,4,0.50,1.00,32,22,1094,13,1193,25,870,2,1035,0,
357470330308132866,theyubero,Squire,Legion,yes,qualified,replace-role,126,40.91%,1043,936,26.1841,3.9518,71,18,62.00,2,4,0.50,1.75,38,26,1088,35,1075,8,1015,2,1001,0,
423149190185615371,Titiits,Elite,Legion,yes,qualified,replace-role,49,15.91%,1266,1108,32.3861,5.8309,49,33,32.50,2,17,0.67,4.33,29,0,,7,994,42,1269,0,,0,
152791886602567680,Tob,Gladiator,Legion,yes,qualified,replace-role,23,7.47%,1370,1201,35.2861,6.2791,37,13,30.50,13,19,3.28,4.82,29,0,,15,1242,22,1179,0,,0,
247731928906727424,TRYNDA,Legion,Legion,yes,qualified,no-op,19,6.17%,1328,1213,34.1072,4.2419,62,14,55.00,4,18,1.17,6.87,38,15,1308,27,1176,20,1206,0,,0,
731217157655887963,TV_Villageois2.0,Gladiator,Legion,yes,qualified,replace-role,37,12.01%,1290,1139,33.0536,5.5884,32,11,26.50,1,3,0.33,1.17,25,5,1164,18,1253,9,1071,0,,0,
298182717961535488,xpli,Squire,Legion,yes,qualified,replace-role,77,25.00%,1151,1032,29.1811,4.3981,40,19,30.50,3,4,2.00,2.50,17,31,1212,6,955,3,941,0,,0,
345982631675953163,YEG,Gladiator,Legion,yes,qualified,replace-role,13,4.22%,1354,1255,34.8338,3.6671,40,3,38.50,1,3,1.00,3.00,26,39,1357,1,970,0,,0,,0,
414912867226353664,Zyuzya,Gladiator,Legion,yes,qualified,replace-role,32,10.39%,1325,1162,34.0162,6.0247,27,17,18.50,0,0,0.00,0.00,22,27,1336,0,,0,,0,,0,
279614985213313024,[Barbs]Ustmip,Pleb,Gladiator,yes,qualified,replace-role,207,67.21%,863,758,21.2047,3.8954,68,3,66.50,1,6,0.20,2.40,25,48,892,10,1002,10,859,0,,0,
453390704182427678,[ZoC]🩸Jska🩸,Pleb,Gladiator,yes,qualified,replace-role,213,69.16%,907,749,22.4280,5.8516,28,3,26.50,1,5,0.25,2.08,14,0,,19,1014,9,1025,0,,0,
882493155281338418,1328capet,Pleb,Gladiator,yes,qualified,replace-role,189,61.36%,965,799,24.0292,6.1413,31,4,29.00,1,5,0.25,1.33,12,0,,6,1005,25,896,0,,0,
300596986166640640,300596986166640640,Squire,Gladiator,yes,qualified,replace-role,180,58.44%,1006,819,25.1755,6.9420,21,17,12.50,1,5,0.17,1.00,10,0,,11,977,10,1031,0,,0,
382086158122745856,3JIO6HblU_Kycb,Gladiator,Gladiator,yes,qualified,no-op,210,68.18%,938,750,23.2760,6.9431,16,5,13.50,1,2,0.25,0.50,9,1,949,4,967,11,1078,0,,0,
761325781288615947,4,Pleb,Gladiator,yes,qualified,replace-role,81,26.30%,1204,1028,30.6785,6.5490,13,4,11.00,0,0,0.00,0.00,10,9,1220,4,1000,0,,0,,0,
984800273149075477,984800273149075477,Gladiator,Gladiator,yes,qualified,no-op,146,47.40%,1070,894,26.9450,6.5258,28,21,17.50,2,4,0.50,1.00,17,0,,17,1042,11,1026,0,,0,
455443486829707274,akito,Squire,Gladiator,yes,qualified,replace-role,119,38.64%,1081,951,27.2369,4.7832,41,12,35.00,0,0,0.00,0.00,19,14,1121,26,1008,1,948,0,,0,
359043185672192001,alan,Squire,Gladiator,yes,qualified,replace-role,205,66.56%,936,761,23.2120,6.4835,16,0,16.00,2,6,0.50,1.42,7,3,976,0,,13,990,0,,0,
284717012842971137,Alex,Pleb,Gladiator,yes,qualified,replace-role,163,52.92%,1002,860,25.0598,5.2767,64,20,54.00,3,13,0.70,2.90,30,1,1089,14,1095,49,841,0,,0,
255927450175930368,Amaterasu,Pleb,Gladiator,yes,qualified,replace-role,56,18.18%,1266,1098,32.3863,6.2202,9,2,8.00,1,2,1.00,1.25,6,6,1248,3,999,0,,0,,0,
334134850661515265,Ando,Squire,Gladiator,yes,qualified,replace-role,188,61.04%,971,800,24.2066,6.3330,23,2,22.00,3,6,0.92,1.75,11,0,,4,821,19,1072,0,,0,
1012045410400993432,Andrew,Squire,Gladiator,yes,qualified,replace-role,179,58.12%,922,819,22.8284,3.7913,115,7,111.50,13,28,3.92,8.65,53,17,788,19,1016,75,936,4,1000,0,
269550035774078978,Apology,Pleb,Gladiator,yes,qualified,replace-role,116,37.66%,1141,955,28.9304,6.9242,14,2,13.00,2,4,0.67,1.33,9,0,,4,1141,10,1012,0,,0,
211814613157675008,Arumos,Pleb,Gladiator,yes,qualified,replace-role,244,79.22%,874,680,21.5119,7.2006,11,0,11.00,1,2,0.25,0.50,4,0,,0,,11,805,0,,0,
475967377943691265,Ashu,,Gladiator,yes,qualified,no-op,112,36.36%,1094,960,27.6195,4.9799,58,11,52.50,1,6,0.25,1.50,34,10,1100,3,1056,45,1120,0,,0,
297946670551793666,Avenger007,Squire,Gladiator,yes,qualified,replace-role,138,44.81%,1057,914,26.5790,5.2848,59,12,53.00,3,10,0.75,2.40,29,0,,6,988,53,983,0,,0,
732408359927545878,b_o_z_o,Gladiator,Gladiator,yes,qualified,no-op,172,55.84%,1023,842,25.6425,6.7019,17,13,10.50,1,2,0.50,0.75,7,7,946,5,1035,5,1000,0,,0,
263768776518926347,Badjo,Pleb,Gladiator,yes,qualified,replace-role,199,64.61%,971,773,24.2082,7.3497,10,2,9.00,1,2,0.25,0.58,4,0,,3,952,7,1004,0,,0,
356852789122564104,Bart,Squire,Gladiator,yes,qualified,replace-role,271,87.99%,724,603,17.3254,4.4851,89,27,75.50,9,23,2.33,6.25,34,0,,26,1084,62,569,1,1009,0,
499192196336189441,bas,Pleb,Gladiator,yes,qualified,replace-role,185,60.06%,951,803,23.6524,5.5086,40,5,37.50,1,3,0.25,0.67,17,1,1097,1,926,38,911,0,,0,
351311504961699841,bezdomniy,Pleb,Gladiator,yes,qualified,replace-role,5,1.62%,1491,1308,38.6460,6.7880,14,5,11.50,2,4,0.75,1.75,12,0,,13,1491,1,964,0,,0,
196025995998789632,blaireau,Squire,Gladiator,yes,qualified,replace-role,212,68.83%,915,750,22.6260,6.0991,26,0,26.00,2,3,1.00,1.50,12,0,,14,958,12,1010,0,,0,
182291850583867394,Boredy,Gladiator,Gladiator,yes,qualified,no-op,76,24.68%,1191,1033,30.3105,5.8701,22,8,18.00,3,11,1.25,6.00,15,3,1130,17,1216,0,,2,967,0,
249896184498487296,Boubsho,Pleb,Gladiator,yes,qualified,replace-role,113,36.69%,1146,956,29.0548,7.0252,11,5,8.50,0,2,0.00,0.50,7,1,1052,9,1136,1,959,0,,0,
325021079108190212,Bugfisch,Pleb,Gladiator,yes,qualified,replace-role,155,50.32%,1026,877,25.7288,5.5270,26,2,25.00,2,5,0.75,1.42,9,2,1191,14,884,10,807,0,,0,
259958170825261057,Bunnik,Gladiator,Gladiator,yes,qualified,no-op,99,32.14%,1171,976,29.7366,7.2205,10,1,9.50,0,2,0.00,0.50,7,1,1037,4,917,5,1294,0,,0,
282155509497200640,Carrier,Squire,Gladiator,yes,qualified,replace-role,62,20.13%,1196,1077,30.4513,4.4143,34,0,34.00,1,5,0.33,2.53,20,19,1123,9,1278,6,1013,0,,0,
324558130518163456,Chillbrains,Pleb,Gladiator,yes,qualified,replace-role,165,53.57%,1001,858,25.0396,5.3216,58,4,56.00,9,23,2.25,5.90,29,3,1056,5,1170,50,830,0,,0,
143088067337650176,ChucK,Gladiator,Gladiator,yes,qualified,no-op,79,25.65%,1213,1029,30.9136,6.8138,18,12,12.00,4,4,1.08,1.08,10,3,1099,5,1144,10,977,0,,0,
310843837511630858,Colo,Pleb,Gladiator,yes,qualified,replace-role,222,72.08%,871,731,21.4183,5.1695,19,0,19.00,0,2,0.00,1.33,6,12,854,2,982,5,925,0,,0,
376281325050789888,comet,Squire,Gladiator,yes,qualified,replace-role,134,43.51%,1104,916,27.8812,6.9374,13,6,10.00,4,9,0.92,2.42,9,2,899,7,1097,4,1201,0,,0,
345518497348059138,Commander Snake,Squire,Gladiator,yes,qualified,replace-role,150,48.70%,1026,889,25.7254,5.0806,38,6,35.00,4,7,1.58,3.33,20,6,1044,16,944,16,1134,0,,0,
193094667154227201,Cupcake,Gladiator,Gladiator,yes,qualified,no-op,208,67.53%,937,752,23.2580,6.8678,16,5,13.50,2,3,0.42,0.67,6,3,979,5,848,8,1084,0,,0,
269603305230041092,czozp,Pleb,Gladiator,yes,qualified,replace-role,156,50.65%,1076,874,27.1035,7.4873,9,0,9.00,0,3,0.00,0.65,6,0,,1,1073,8,998,0,,0,
210771716882956288,dagger0k,Pleb,Gladiator,yes,qualified,replace-role,133,43.18%,1100,917,27.7892,6.7974,16,5,13.50,3,4,0.67,1.00,9,0,,5,985,11,1120,0,,0,
168211669531623425,Dbhe,,Gladiator,yes,qualified,no-op,209,67.86%,894,751,22.0590,5.2909,38,12,32.00,1,3,0.25,0.75,18,6,887,4,1119,28,909,0,,0,
233115507476267009,Deskra,Squire,Gladiator,yes,qualified,replace-role,88,28.57%,1145,1013,29.0251,4.9033,11,0,11.00,0,0,0.00,0.00,8,11,1163,0,,0,,0,,0,
709475826504171619,dimasick,Squire,Gladiator,yes,qualified,replace-role,87,28.25%,1184,1016,30.1246,6.2542,19,0,19.00,6,12,1.75,3.20,11,0,,3,1040,16,1083,0,,0,
539193568053559311,dock,Gladiator,Gladiator,yes,qualified,no-op,66,21.43%,1242,1066,31.7143,6.5061,18,9,13.50,2,7,0.75,2.75,12,0,,15,1252,3,973,0,,0,
340452339368460289,Drakonin,Squire,Gladiator,yes,qualified,replace-role,104,33.77%,1147,968,29.0811,6.6415,21,14,14.00,0,4,0.00,0.92,13,0,,18,1102,3,1098,0,,0,
157279533668630528,Dudetle,Gladiator,Gladiator,yes,qualified,no-op,168,54.55%,1021,848,25.5748,6.3781,23,0,23.00,0,4,0.00,1.25,12,0,,8,854,15,1135,0,,0,
604686657677033473,EEVERT,Squire,Gladiator,yes,qualified,replace-role,105,34.09%,1074,967,27.0669,3.9623,58,36,40.00,0,2,0.00,1.00,28,54,1088,4,870,0,,0,,0,
218175524390830092,Elie,Pleb,Gladiator,yes,qualified,replace-role,160,51.95%,1045,863,26.2395,6.7226,17,4,15.00,0,4,0.00,1.20,9,0,,5,1076,12,1010,0,,0,
266184659363168256,ETPI,Squire,Gladiator,yes,qualified,replace-role,114,37.01%,1103,956,27.8623,5.4509,28,2,27.00,2,9,0.83,3.50,15,4,830,15,1006,9,1210,0,,0,
375952313249955840,Extazz 🐥,Pleb,Gladiator,yes,qualified,replace-role,159,51.62%,1057,867,26.5817,7.0185,12,1,11.50,1,8,0.33,2.33,6,0,,3,802,9,1191,0,,0,
323191878172278795,Fabbianski,,Gladiator,yes,qualified,no-op,152,49.35%,1035,884,25.9733,5.5858,21,11,15.50,1,1,1.00,1.00,6,15,1115,4,797,2,867,0,,0,
313060389862768642,fabian,Pleb,Gladiator,yes,qualified,replace-role,230,74.68%,899,716,22.1913,6.7556,19,3,17.50,2,4,0.50,1.00,7,0,,5,968,14,882,0,,0,
1018630081477877801,Fana,Squire,Gladiator,yes,qualified,replace-role,83,26.95%,1198,1025,30.4925,6.4148,19,1,18.50,1,2,0.33,0.67,14,0,,16,1142,3,1139,0,,0,
387314456545460226,FappyStrike,Pleb,Gladiator,yes,qualified,replace-role,202,65.58%,915,771,22.6289,5.3299,19,0,19.00,1,2,0.50,1.00,10,10,857,9,1150,0,,0,,0,
241606891917148161,Feanor,Pleb,Gladiator,yes,qualified,replace-role,162,52.60%,1008,861,25.2152,5.4235,24,15,16.50,1,3,0.50,2.00,10,17,1035,7,967,0,,0,,0,
371828178542395393,Flip,Squire,Gladiator,yes,qualified,replace-role,263,85.39%,821,623,20.0312,7.3308,11,1,10.50,0,2,0.00,0.42,4,0,,0,,11,863,0,,0,
589083201159561216,Ganger,Squire,Gladiator,yes,qualified,replace-role,142,46.10%,1057,899,26.5826,5.8628,21,5,18.50,2,5,0.67,2.17,12,5,867,14,1134,2,1008,0,,0,
138707127769366529,Geoffrusf,Pleb,Gladiator,yes,qualified,replace-role,70,22.73%,1227,1054,31.3118,6.4175,21,11,15.50,0,3,0.00,1.00,14,0,,20,1256,1,959,0,,0,
967468232351027270,Goldyman123,Pleb,Gladiator,yes,qualified,replace-role,194,62.99%,913,785,22.5899,4.7592,72,9,67.50,9,20,2.42,6.00,36,0,,10,1054,62,942,0,,0,
485141999549153290,GuardianOfTheNachos,Legion,Gladiator,yes,qualified,replace-role,117,37.99%,1129,953,28.5789,6.4993,15,4,13.00,3,7,0.83,2.58,7,5,1085,2,981,8,1049,0,,0,
570578813025648641,Hannibal,Pleb,Gladiator,yes,qualified,replace-role,229,74.35%,876,717,21.5672,5.9066,38,8,34.00,6,7,1.83,2.08,16,0,,11,1124,27,773,0,,0,
750562297923108965,hawkesj,Squire,Gladiator,yes,qualified,replace-role,176,57.14%,1023,834,25.6515,7.0284,13,1,12.50,2,5,0.50,1.25,7,0,,2,966,11,999,0,,0,
334212939538104328,HDS,Squire,Gladiator,yes,qualified,replace-role,86,27.92%,1190,1016,30.2800,6.4415,15,2,14.00,1,6,0.50,2.83,9,0,,13,1250,2,1034,0,,0,
170305354549166081,Herson,Squire,Gladiator,yes,qualified,replace-role,80,25.97%,1209,1028,30.8189,6.7327,18,7,14.50,3,9,1.25,4.00,14,0,,17,1219,0,,1,1060,0,
328134245396643842,HookGod,Pleb,Gladiator,yes,qualified,replace-role,122,39.61%,1115,939,28.2007,6.5181,12,4,10.00,0,1,0.00,0.25,7,5,1106,4,962,3,1067,0,,0,
268748499116359680,I W D,Squire,Gladiator,yes,qualified,replace-role,167,54.22%,996,852,24.8876,5.3451,30,7,26.50,6,14,1.67,4.58,15,4,901,3,1009,23,1041,0,,0,
508554751114215442,jest,Pleb,Gladiator,yes,qualified,replace-role,228,74.03%,846,717,20.7168,4.7539,68,13,61.50,2,3,0.58,0.83,27,4,804,7,1013,56,902,1,1026,0,
594500237570080770,jibou,Squire,Gladiator,yes,qualified,replace-role,69,22.40%,1164,1058,29.5446,3.9254,55,13,48.50,1,5,0.25,4.25,30,37,1197,18,990,0,,0,,0,
151681510066356224,Jr la menace,Pleb,Gladiator,yes,qualified,replace-role,174,56.49%,1019,837,25.5146,6.7149,22,15,14.50,2,4,0.33,0.83,12,1,907,0,,21,1084,0,,0,
1002274300436414545,JSN991,Pleb,Gladiator,yes,qualified,replace-role,218,70.78%,864,739,21.2087,4.6101,57,6,54.00,2,8,0.50,2.25,22,7,916,9,987,40,858,1,974,0,
469173863519879168,juteex~,Gladiator,Gladiator,yes,qualified,remove-role,154,50.00%,984,881,24.5555,3.7975,113,31,97.50,13,27,3.33,7.12,57,19,1059,30,1067,63,920,1,1026,0,
646152099511533568,KabachOk,Gladiator,Gladiator,yes,qualified,no-op,90,29.22%,1170,994,29.7086,6.5126,18,7,14.50,2,5,0.75,2.00,11,0,,15,1144,3,977,0,,0,
1337321894776537135,Kaganaka,Pleb,Gladiator,yes,qualified,replace-role,96,31.17%,1152,982,29.2100,6.2976,17,0,17.00,0,1,0.00,0.25,10,1,891,6,1155,10,1146,0,,0,
212880463709208576,karkarik(civJp fan),Squire,Gladiator,yes,qualified,replace-role,100,32.47%,1174,975,29.8281,7.3597,10,2,9.00,1,4,0.25,1.25,7,0,,3,1018,7,1119,0,,0,
323189035030020097,kdroge,Squire,Gladiator,yes,qualified,replace-role,183,59.42%,1009,812,25.2578,7.2967,13,0,13.00,1,2,0.25,0.50,5,0,,0,,13,988,0,,0,
191964345956171776,keabambi,Pleb,Gladiator,yes,qualified,replace-role,191,62.01%,976,798,24.3463,6.5946,18,11,12.50,1,2,0.17,0.42,11,4,1140,11,1037,3,942,0,,0,
148172930356871168,khakis7,Pleb,Gladiator,yes,qualified,replace-role,115,37.34%,1074,955,27.0505,4.3913,66,19,56.50,2,3,1.00,1.50,27,0,,65,1042,1,950,0,,0,
987939655850815549,KrustyTheKlown,Pleb,Gladiator,yes,qualified,replace-role,206,66.88%,933,758,23.1284,6.4580,22,2,21.00,1,2,0.25,0.58,9,0,,6,942,16,998,0,,0,
220639965267099649,leesin2,Squire,Gladiator,yes,qualified,replace-role,169,54.87%,983,848,24.5139,4.9712,62,25,49.50,2,6,0.75,2.42,28,7,800,31,978,24,1074,0,,0,
175672857139871744,Legenden,Legion,Gladiator,yes,qualified,replace-role,97,31.49%,1146,980,29.0569,6.1408,24,7,20.50,3,7,0.78,2.53,13,1,949,13,1233,10,934,0,,0,
474116429466042371,lil ded,Squire,Gladiator,yes,qualified,replace-role,204,66.23%,935,764,23.1901,6.3191,32,16,24.00,2,5,0.42,1.08,15,0,,12,891,20,989,0,,0,
768097014977134592,LL,,Gladiator,yes,qualified,no-op,101,32.79%,1165,974,29.5743,7.0672,15,0,15.00,3,8,0.75,1.95,9,2,930,0,,13,1231,0,,0,
1062047482613346394,Logan,Pleb,Gladiator,yes,qualified,replace-role,223,72.40%,822,728,20.0510,3.4725,89,6,86.00,5,6,1.17,1.42,41,43,920,13,860,33,764,0,,0,
186159844678565888,Loïc,Pleb,Gladiator,yes,qualified,replace-role,198,64.29%,950,774,23.6056,6.4929,22,9,17.50,2,6,0.50,1.67,14,0,,14,986,8,1020,0,,0,
411965897927032842,LoyalClone,Pleb,Gladiator,yes,qualified,replace-role,157,50.97%,1070,872,26.9351,7.3084,10,2,9.00,1,2,0.25,0.50,7,0,,4,942,6,1202,0,,0,
295235655645134848,Lumatyx,Squire,Gladiator,yes,qualified,replace-role,68,22.08%,1165,1061,29.5936,3.8482,48,23,36.50,0,4,0.00,3.50,27,47,1157,0,,0,,1,1060,0,
311217670181879818,Lythoxa,Pleb,Gladiator,yes,qualified,replace-role,235,76.30%,888,704,21.9002,6.8338,23,16,15.00,3,4,0.92,1.25,8,0,,3,1165,20,737,0,,0,
439137648662282240,Manuji,Pleb,Gladiator,yes,qualified,replace-role,231,75.00%,884,716,21.7748,6.2106,29,6,26.00,3,6,1.00,2.00,13,0,,14,1075,15,819,0,,0,
1277037182636523563,Marco,Pleb,Gladiator,yes,qualified,replace-role,110,35.71%,1136,961,28.7861,6.5035,19,1,18.50,1,6,0.33,1.98,13,0,,9,1155,10,1005,0,,0,
1290353837604999253,Maximmus,Gladiator,Gladiator,yes,qualified,no-op,158,51.30%,1046,869,26.2834,6.5572,26,18,17.00,2,4,0.50,1.00,16,1,984,14,1062,11,1013,0,,0,
453305219422355486,mcscrag,Squire,Gladiator,yes,qualified,replace-role,123,39.94%,1053,939,26.4590,4.1975,84,27,70.50,2,4,1.00,1.83,34,0,,80,1034,4,905,0,,0,
250006814391795714,merguez,Pleb,Gladiator,yes,qualified,replace-role,109,35.39%,1079,961,27.2073,4.3742,41,21,30.50,0,1,0.00,0.50,23,41,1090,0,,0,,0,,0,
776685037164167198,Miasma,Pleb,Gladiator,yes,qualified,replace-role,221,71.75%,876,734,21.5653,5.2852,43,18,34.00,2,3,0.50,0.75,16,9,1089,20,653,14,979,0,,0,
135184801530380289,mjK,Pleb,Gladiator,yes,qualified,replace-role,190,61.69%,991,799,24.7499,7.1258,24,22,13.00,2,4,0.42,0.92,11,0,,1,965,23,993,0,,0,
230009750949986314,Moel,Squire,Gladiator,yes,qualified,replace-role,128,41.56%,1081,931,27.2539,5.5435,28,8,24.00,1,3,0.17,0.58,12,18,1104,5,966,5,908,0,,0,
302102007341383680,Naosoupro,Pleb,Gladiator,yes,qualified,replace-role,277,89.94%,745,592,17.9111,5.6526,37,9,32.50,1,3,0.25,0.83,15,0,,18,801,19,821,0,,0,
307185641551036416,NEAR BIRD,Pleb,Gladiator,yes,qualified,replace-role,58,18.83%,1271,1086,32.5313,6.8734,14,2,13.00,1,3,0.25,0.75,12,2,1172,10,1190,2,1120,0,,0,
160871523387834368,Neolaf,Pleb,Gladiator,yes,qualified,replace-role,203,65.91%,878,769,21.5979,4.0227,66,24,54.00,0,8,0.00,2.33,37,32,816,31,1174,3,920,0,,0,
141184075502190593,Nerevar,Squire,Gladiator,yes,qualified,replace-role,215,69.81%,941,748,23.3555,7.1409,11,3,9.50,2,5,0.67,1.42,5,0,,3,1011,8,859,0,,0,
1083066976290734160,noodle4.,Squire,Gladiator,yes,qualified,replace-role,136,44.16%,1039,915,26.0750,4.5858,85,27,71.50,9,11,3.08,3.83,39,3,1081,42,1004,40,1004,0,,0,
755374246548602912,Noskill\,Legion,Gladiator,yes,qualified,replace-role,139,45.13%,1059,914,26.6419,5.3831,28,20,18.00,3,5,2.00,3.00,11,26,1047,1,967,1,1059,0,,0,
577294654727389184,Peace Man,Pleb,Gladiator,yes,qualified,replace-role,143,46.43%,978,898,24.3855,2.9595,152,18,143.00,0,4,0.00,4.00,65,143,979,6,846,2,912,1,957,0,
266637101787774978,Pepper,Pleb,Gladiator,yes,qualified,replace-role,274,88.96%,796,599,19.3206,7.2752,14,8,10.00,0,3,0.00,0.50,7,0,,2,835,12,932,0,,0,
141511420146614272,pika,Pleb,Gladiator,yes,qualified,replace-role,72,23.38%,1182,1050,30.0518,4.8848,34,17,25.50,2,8,0.50,2.67,24,17,1175,15,1238,2,956,0,,0,
291529905676615680,Pipo,Gladiator,Gladiator,yes,qualified,no-op,14,4.55%,1427,1239,36.8646,6.9570,15,1,14.50,1,9,0.33,3.25,13,0,,5,1300,10,1237,0,,0,
1375327158922117202,Pompéii🐅,Gladiator,Gladiator,yes,qualified,no-op,75,24.35%,1143,1034,28.9710,4.0391,46,5,43.50,1,1,0.33,0.33,21,23,1177,18,895,5,940,0,,0,
259270978494791690,Poopcorn,Pleb,Gladiator,yes,qualified,replace-role,92,29.87%,1142,992,28.9336,5.5266,17,1,16.50,0,1,0.00,1.00,11,6,1085,6,1115,5,1043,0,,0,
353548501247983627,Raym,Squire,Gladiator,yes,qualified,replace-role,161,52.27%,1063,862,26.7462,7.4223,11,3,9.50,1,4,0.25,1.33,7,0,,5,1128,6,963,0,,0,
481730049746141195,rdjsp,Pleb,Gladiator,yes,qualified,replace-role,10,3.25%,1436,1268,37.1232,6.2294,10,0,10.00,1,3,1.00,2.50,7,7,1228,2,1193,1,1058,0,,0,
248585169538121729,sahchicken,Pleb,Gladiator,yes,qualified,replace-role,35,11.36%,1321,1141,33.9159,6.6773,13,0,13.00,1,3,0.50,1.17,10,0,,8,1280,5,930,0,,0,
462316591531687937,Seraph,Gladiator,Gladiator,yes,qualified,no-op,195,63.31%,914,782,22.6234,4.9176,43,21,32.50,1,5,0.25,2.67,14,11,1125,23,773,8,790,1,1026,0,
1002962273918259302,Shoulder_Bash,Pleb,Gladiator,yes,qualified,replace-role,257,83.44%,798,634,19.3810,6.0626,11,0,11.00,0,2,0.00,0.40,4,4,820,3,899,4,1083,0,,0,
1418340689367928902,SK1RS,Pleb,Gladiator,yes,qualified,replace-role,181,58.77%,1007,815,25.1894,7.0889,14,0,14.00,0,2,0.00,0.50,6,0,,3,944,11,950,0,,0,
202438314509205506,skezz,Pleb,Gladiator,yes,qualified,replace-role,144,46.75%,1068,895,26.8966,6.4293,17,7,13.50,1,1,0.50,0.50,9,6,1072,8,1026,3,1037,0,,0,
741907066729529375,Smart Cat Nuts,Pleb,Gladiator,yes,qualified,replace-role,124,40.26%,1085,937,27.3538,5.4815,36,23,24.50,1,3,0.50,1.25,23,17,1131,17,1003,2,1047,0,,0,
943836078194974751,Sn0w🦦,Squire,Gladiator,yes,qualified,replace-role,95,30.84%,1088,982,27.4420,3.9127,40,1,39.50,0,0,0.00,0.00,24,35,1109,3,1210,1,932,1,1043,0,
185085767654178817,sNd,Pleb,Gladiator,yes,qualified,replace-role,118,38.31%,1113,953,28.1337,5.9081,44,0,44.00,8,11,1.93,3.18,17,0,,2,1111,42,958,0,,0,
341575208773222402,Spylke,Pleb,Gladiator,yes,qualified,replace-role,135,43.83%,1117,916,28.2533,7.4406,8,0,8.00,1,4,0.25,1.33,5,0,,3,1154,5,989,0,,0,
382437260370378752,Syn,Pleb,Gladiator,yes,qualified,replace-role,84,27.27%,1208,1023,30.7895,6.8628,11,3,9.50,0,2,0.00,0.58,6,2,1144,4,1076,5,1036,0,,0,
246003545088851969,TieJäi,Pleb,Gladiator,yes,qualified,replace-role,217,70.45%,893,741,22.0396,5.6567,36,3,34.50,4,9,1.08,2.23,17,1,1098,3,1138,32,741,0,,0,
234017482329948160,Timon,Pleb,Gladiator,yes,qualified,replace-role,254,82.47%,781,646,18.9300,5.0217,49,17,40.50,1,7,0.25,1.58,18,7,1011,26,674,16,911,0,,0,
1129100346371870770,TMKderzweite,Pleb,Gladiator,yes,qualified,replace-role,225,73.05%,924,721,22.8937,7.5155,9,1,8.50,2,2,0.45,0.45,5,0,,1,928,8,1023,0,,0,
197029527572971520,Tobi,Pleb,Gladiator,yes,qualified,replace-role,103,33.44%,1171,968,29.7570,7.5283,8,0,8.00,1,4,0.25,1.00,7,0,,0,,8,1176,0,,0,
267136287692029972,torauo,Squire,Gladiator,yes,qualified,replace-role,47,15.26%,1310,1111,33.6002,7.3606,12,2,11.00,1,8,0.25,2.83,11,0,,7,1292,5,1222,0,,0,
190294376826667009,tordread,Pleb,Gladiator,yes,qualified,replace-role,193,62.66%,985,793,24.5818,7.1036,11,0,11.00,2,3,0.75,1.08,4,0,,6,908,5,983,0,,0,
653689190684426260,toxic flores,Gladiator,Gladiator,yes,qualified,no-op,78,25.32%,1202,1032,30.6239,6.3297,26,3,24.50,3,7,0.95,2.20,15,0,,11,1013,15,1283,0,,0,
317523066043236355,Ty2062,Pleb,Gladiator,yes,qualified,replace-role,171,55.52%,1029,847,25.8114,6.7574,9,0,9.00,0,3,0.00,0.73,4,2,1072,3,770,4,992,0,,0,
1419026605283610664,Tyler Durden,Pleb,Gladiator,yes,qualified,replace-role,98,31.82%,1180,979,29.9954,7.4354,8,0,8.00,1,1,0.25,0.25,6,0,,2,1011,6,1209,0,,0,
213694095715991552,Wannes,Pleb,Gladiator,yes,qualified,replace-role,173,56.17%,996,839,24.8954,5.8254,42,1,41.50,8,8,1.95,1.95,17,0,,7,1181,35,741,0,,0,
267746544126656513,WhiteRqbbit,Gladiator,Gladiator,yes,qualified,no-op,200,64.94%,924,773,22.8894,5.6028,47,3,45.50,6,13,1.58,3.28,20,0,,12,946,35,959,0,,0,
298262161803968512,Wide Wang!,Squire,Gladiator,yes,qualified,replace-role,44,14.29%,1283,1118,32.8721,6.1154,18,8,14.00,0,0,0.00,0.00,13,8,1368,8,980,2,1053,0,,0,
148909856399556608,Xalrons,Pleb,Gladiator,yes,qualified,replace-role,238,77.27%,853,696,20.9275,5.8367,38,11,32.50,0,3,0.00,0.65,18,2,987,10,962,26,888,0,,0,
222858734760624128,Zael B,Gladiator,Gladiator,yes,qualified,no-op,111,36.04%,1134,960,28.7265,6.4451,14,4,12.00,1,3,0.25,1.50,8,5,1038,1,1030,6,1036,2,1100,0,
420018970457014282,ZheBed,,Gladiator,yes,qualified,no-op,102,33.12%,1159,972,29.4037,6.9107,16,5,13.50,1,5,0.33,1.33,9,0,,9,1017,7,1141,0,,0,
191273100006916096,Ziemian,Squire,Gladiator,yes,qualified,replace-role,120,38.96%,1083,951,27.3004,4.8808,69,24,57.00,1,8,0.33,2.25,36,1,891,31,1231,37,938,0,,0,
751854194310250634,аналитик,Pleb,Gladiator,yes,qualified,replace-role,184,59.74%,921,811,22.8072,4.0838,80,5,77.50,0,2,0.00,1.50,26,26,1017,33,823,21,773,0,,0,
595975340170543115,Іnfinite,Pleb,Gladiator,yes,qualified,replace-role,140,45.45%,1078,907,27.1645,6.3284,29,0,29.00,5,6,1.23,1.73,14,0,,3,1027,26,1002,0,,0,
834846875916042248,Admiral Pydjama,Pleb,Squire,yes,qualified,replace-role,268,87.01%,742,608,17.8438,4.9901,57,8,53.00,1,1,0.25,0.25,25,2,991,10,981,45,703,0,,0,
329346912014696448,adscvbtry,Pleb,Squire,yes,qualified,replace-role,130,42.21%,1086,924,27.3773,5.9723,29,13,22.50,0,0,0.00,0.00,11,3,1108,25,1051,1,948,0,,0,
639907874616639518,ahoy,Pleb,Squire,yes,qualified,replace-role,182,59.09%,1003,812,25.0767,7.0536,16,10,11.00,0,1,0.00,0.25,9,2,961,9,1058,5,1066,0,,0,
714022473691299851,alexander_hamilton,Pleb,Squire,yes,qualified,replace-role,192,62.34%,979,796,24.4260,6.7999,14,10,9.00,0,1,0.00,0.17,5,4,1027,3,971,7,922,0,,0,
721354311673708644,AminYapussi,Pleb,Squire,yes,qualified,replace-role,276,89.61%,769,593,18.5812,6.5187,9,0,9.00,0,0,0.00,0.00,3,3,862,3,797,3,1041,0,,0,
409696603826421760,asa.x,Pleb,Squire,yes,qualified,replace-role,175,56.82%,1005,835,25.1334,6.2882,18,18,9.00,0,1,0.00,0.50,10,18,1013,0,,0,,0,,0,
120551149450297344,baldaquinn,Gladiator,Squire,yes,qualified,replace-role,196,63.64%,924,780,22.8904,5.3257,27,18,18.00,0,0,0.00,0.00,12,20,985,4,888,3,918,0,,0,
92767727764131840,BigMackWitSauce,Pleb,Squire,yes,qualified,replace-role,131,42.53%,1103,921,27.8528,6.7375,15,0,15.00,0,0,0.00,0.00,10,0,,7,1226,7,1018,1,992,0,
265125382846414849,bioman,Pleb,Squire,yes,qualified,replace-role,233,75.65%,885,710,21.7971,6.4680,14,2,13.00,0,0,0.00,0.00,3,4,1036,7,736,3,938,0,,0,
829701919076515880,Botrik,Squire,Squire,yes,qualified,no-op,234,75.97%,897,710,22.1438,6.9402,10,4,8.00,0,0,0.00,0.00,3,1,1036,6,913,2,911,1,958,0,
396858919437205504,Ceice,Pleb,Squire,yes,qualified,replace-role,280,90.91%,741,584,17.7960,5.7847,50,15,42.50,0,1,0.00,0.33,15,6,745,14,745,30,846,0,,0,
306120519462158337,Chris mit K,Squire,Squire,yes,qualified,no-op,253,82.14%,795,651,19.3095,5.3544,36,4,34.00,0,1,0.00,0.33,19,3,822,7,810,26,1140,0,,0,
324284178449563648,Danya,Pleb,Squire,yes,qualified,replace-role,186,60.39%,979,802,24.4290,6.5795,12,5,9.50,0,0,0.00,0.00,5,6,1195,4,815,2,940,0,,0,
393842487816486925,Desolation,Pleb,Squire,yes,qualified,replace-role,273,88.64%,753,602,18.1250,5.5774,34,15,26.50,0,0,0.00,0.00,8,1,950,33,762,0,,0,,0,
854895187163480116,dino,Pleb,Squire,yes,qualified,replace-role,241,78.25%,821,690,20.0262,4.8544,40,12,34.00,0,0,0.00,0.00,14,15,796,17,927,8,934,0,,0,
711619968873005168,Dude,Squire,Squire,yes,qualified,no-op,211,68.51%,941,750,23.3530,7.0568,11,0,11.00,0,0,0.00,0.00,6,0,,0,,11,1051,0,,0,
706100733581328445,Eden,Pleb,Squire,yes,qualified,replace-role,252,81.82%,845,663,20.6953,6.7281,8,0,8.00,0,0,0.00,0.00,3,3,971,5,883,0,,0,,0,
793990802636144741,EL D BANDITO,Pleb,Squire,yes,qualified,replace-role,141,45.78%,1064,905,26.7699,5.8841,21,10,16.00,0,0,0.00,0.00,14,13,1112,8,985,0,,0,,0,
229584957293461504,El Gogol,Pleb,Squire,yes,qualified,replace-role,164,53.25%,1059,859,26.6508,7.4322,16,7,12.50,0,0,0.00,0.00,14,0,,10,1219,6,972,0,,0,
260510555373043713,Exvupur,Pleb,Squire,yes,qualified,replace-role,145,47.08%,1078,894,27.1538,6.7803,10,2,9.00,0,0,0.00,0.00,6,1,925,6,1201,3,857,0,,0,
613423622744178718,FlyFishingFather,Pleb,Squire,yes,qualified,replace-role,258,83.77%,829,634,20.2523,7.2323,9,0,9.00,0,0,0.00,0.00,2,3,861,4,861,2,1009,0,,0,
210848237978910730,Frankie4Fingers,Pleb,Squire,yes,qualified,replace-role,262,85.06%,735,623,17.6353,4.1360,55,0,55.00,1,1,0.25,0.25,19,27,801,14,761,14,731,0,,0,
533456030005461003,hadi,Pleb,Squire,yes,qualified,replace-role,243,78.90%,843,680,20.6416,6.0345,24,0,24.00,0,1,0.00,0.25,10,0,,5,803,18,990,1,1009,0,
422853161653501962,headway,Pleb,Squire,yes,qualified,replace-role,269,87.34%,750,604,18.0467,5.3857,35,11,29.50,1,1,0.25,0.25,14,11,987,4,848,20,766,0,,0,
272110494221991937,ifok_,Squire,Squire,yes,qualified,no-op,249,80.84%,839,669,20.5269,6.2902,13,3,11.50,0,0,0.00,0.00,3,5,880,8,828,0,,0,,0,
197129249319157760,Im Big Lou,Pleb,Squire,yes,qualified,replace-role,264,85.71%,755,621,18.2071,4.9746,26,2,25.00,0,0,0.00,0.00,13,14,834,7,929,5,895,0,,0,
254960263642611712,itachi,Pleb,Squire,yes,qualified,replace-role,245,79.55%,872,679,21.4382,7.1294,14,4,12.00,0,0,0.00,0.00,6,0,,7,923,7,896,0,,0,
619291366010126357,Kamielkee,Gladiator,Squire,yes,qualified,replace-role,219,71.10%,905,738,22.3563,6.1764,10,4,8.00,0,0,0.00,0.00,6,9,871,0,,0,,1,1061,0,
162955652623368193,Kedenkedenk,Pleb,Squire,yes,qualified,replace-role,224,72.73%,899,726,22.1983,6.4042,23,10,18.00,0,1,0.00,0.50,8,2,853,15,947,6,997,0,,0,
341895129617006593,Kerey,Pleb,Squire,yes,qualified,replace-role,278,90.26%,734,592,17.6112,5.2685,36,2,35.00,3,8,0.92,2.33,13,5,594,4,1028,27,841,0,,0,
590877322199040011,kimieldan,Pleb,Squire,yes,qualified,replace-role,246,79.87%,856,678,20.9920,6.5847,16,12,10.00,0,0,0.00,0.00,6,9,981,6,818,1,1030,0,,0,
551895170367356996,Kopchan69,Pleb,Squire,yes,qualified,replace-role,226,73.38%,834,721,20.3863,4.1837,74,39,54.50,0,0,0.00,0.00,24,60,828,13,722,1,957,0,,0,
277440755914506240,La Blasc,Pleb,Squire,yes,qualified,replace-role,132,42.86%,1084,921,27.3438,6.0595,24,7,20.50,1,1,0.33,0.33,14,10,1199,11,823,3,1049,0,,0,
187764037310873600,Maelstrum,Pleb,Squire,yes,qualified,replace-role,220,71.43%,936,736,23.2166,7.3930,11,0,11.00,1,1,0.20,0.20,4,0,,0,,11,925,0,,0,
1361428840462815462,Manguéfi,Squire,Squire,yes,qualified,no-op,240,77.92%,856,692,21.0051,6.0629,32,20,22.00,0,0,0.00,0.00,7,6,961,19,811,7,806,0,,0,
321740467769442315,Marabout,Pleb,Squire,yes,qualified,replace-role,147,47.73%,1048,893,26.3388,5.7351,29,17,20.50,0,1,0.00,1.00,12,9,1184,16,870,3,946,1,1043,0,
760028994283372564,Mayones_18,Pleb,Squire,yes,qualified,replace-role,125,40.58%,1062,937,26.7295,4.6556,65,6,62.00,0,0,0.00,0.00,26,2,806,34,1002,29,945,0,,0,
502683262481596446,Milatyme,Pleb,Squire,yes,qualified,replace-role,177,57.47%,1025,829,25.7058,7.2859,10,0,10.00,0,1,0.00,0.33,5,0,,0,,10,1030,0,,0,
540390802078302208,MintedCoin,Gladiator,Squire,yes,qualified,replace-role,227,73.70%,907,720,22.4115,6.9267,15,5,12.50,0,0,0.00,0.00,6,0,,11,833,4,1043,0,,0,
794801232195223552,Mr Universe,Pleb,Squire,yes,qualified,replace-role,248,80.52%,855,671,20.9818,6.8366,18,5,15.50,0,1,0.00,0.25,5,0,,1,960,15,839,2,985,0,
464776579369926656,Muche,Pleb,Squire,yes,qualified,replace-role,256,83.12%,830,638,20.2673,7.1083,11,0,11.00,0,0,0.00,0.00,3,0,,3,1052,8,746,0,,0,
704604120706973707,N4ppomees (Nap),Pleb,Squire,yes,qualified,replace-role,216,70.13%,843,746,20.6331,3.5977,72,33,55.50,0,1,0.00,0.50,27,72,884,0,,0,,0,,0,
368436476708388864,NaNoBlaze,Pleb,Squire,yes,qualified,replace-role,187,60.71%,989,800,24.6997,6.9890,9,1,8.50,0,1,0.00,0.50,4,2,884,4,1123,3,978,0,,0,
955569415171227660,NIGHTCAPE,Squire,Squire,yes,qualified,no-op,129,41.88%,1019,929,25.5276,3.3406,78,0,78.00,0,1,0.00,1.00,27,70,1038,6,1019,2,1118,0,,0,
347037666732146692,nikitans,Pleb,Squire,yes,qualified,replace-role,259,84.09%,815,632,19.8622,6.7660,18,0,18.00,0,0,0.00,0.00,2,1,1121,17,690,0,,0,,0,
684420852942766094,nilo,Pleb,Squire,yes,qualified,replace-role,178,57.79%,988,826,24.6698,6.0073,11,0,11.00,0,0,0.00,0.00,7,11,1007,0,,0,,0,,0,
1451522655453708313,noo0tje,Pleb,Squire,yes,qualified,replace-role,304,98.70%,532,386,12.0067,5.4001,33,1,32.50,0,1,0.00,0.33,6,16,587,15,591,2,997,0,,0,
1357389067297230998,Norio,Pleb,Squire,yes,qualified,replace-role,153,49.68%,1079,884,27.1872,7.2270,10,0,10.00,0,0,0.00,0.00,5,4,1145,1,987,5,888,0,,0,
358721016232542212,olderson,Squire,Squire,yes,qualified,no-op,266,86.36%,791,618,19.1814,6.3969,17,16,9.00,0,0,0.00,0.00,6,11,823,6,949,0,,0,,0,
219516470357393409,Ouiski,Pleb,Squire,yes,qualified,replace-role,197,63.96%,931,777,23.0922,5.7189,18,4,16.00,1,1,0.25,0.25,9,5,787,13,1214,0,,0,,0,
567750613807530032,Platosha,Pleb,Squire,yes,qualified,replace-role,214,69.48%,857,748,21.0331,4.0442,64,18,55.00,0,0,0.00,0.00,26,31,814,17,978,16,881,0,,0,
192788755084476417,Rakas,Pleb,Squire,yes,qualified,replace-role,166,53.90%,959,852,23.8667,3.9779,37,1,36.50,0,0,0.00,0.00,12,36,970,1,966,0,,0,,0,
361534796830081024,Rettend,Pleb,Squire,yes,qualified,replace-role,275,89.29%,766,596,18.4866,6.2793,17,1,16.50,1,1,0.25,0.25,5,2,790,7,845,7,968,1,957,0,
437667163227029504,Rhazzad#0809,Pleb,Squire,yes,qualified,replace-role,261,84.74%,774,630,18.7162,5.3391,11,0,11.00,0,0,0.00,0.00,4,10,798,1,931,0,,0,,0,
902811413532262411,rilik,Pleb,Squire,yes,qualified,replace-role,301,97.73%,587,442,13.5294,5.3824,45,4,43.00,0,1,0.00,0.50,8,2,857,23,695,20,609,0,,0,
529607502246182912,Sairon,Pleb,Squire,yes,qualified,replace-role,272,88.31%,783,602,18.9810,6.7056,17,0,17.00,0,0,0.00,0.00,7,0,,1,1059,16,787,0,,0,
282866174419533824,sAshA,Pleb,Squire,yes,qualified,replace-role,239,77.60%,845,694,20.6878,5.5774,34,15,26.50,0,0,0.00,0.00,9,1,1050,33,762,0,,0,,0,
1048230634490974229,saske5421,Pleb,Squire,yes,qualified,replace-role,242,78.57%,876,684,21.5635,7.1387,11,5,8.50,0,0,0.00,0.00,4,0,,10,870,1,957,0,,0,
746782025016410193,SJ,Pleb,Squire,yes,qualified,replace-role,250,81.17%,854,667,20.9533,6.9302,20,15,12.50,0,0,0.00,0.00,5,0,,17,830,3,920,0,,0,
1016837446022991934,Sk4rab3i,Pleb,Squire,yes,qualified,replace-role,201,65.26%,932,772,23.1175,5.9492,13,0,13.00,0,1,0.00,0.33,5,6,1090,5,714,2,1007,0,,0,
504085759377276929,Sputnik,Squire,Squire,yes,qualified,no-op,270,87.66%,762,603,18.3880,5.8831,11,0,11.00,0,0,0.00,0.00,4,8,697,3,1080,0,,0,,0,
204991418647707648,StopIt,Squire,Squire,yes,qualified,no-op,151,49.03%,1042,885,26.1703,5.8262,26,14,19.00,1,1,0.25,0.25,12,12,1087,12,1036,2,863,0,,0,
405873894189170688,TheGreenGorilla,Pleb,Squire,yes,qualified,replace-role,232,75.32%,903,716,22.3159,6.9417,15,1,14.50,0,1,0.00,0.17,6,0,,6,957,9,955,0,,0,
1466863696419750111,thenewcivbob,Pleb,Squire,yes,qualified,replace-role,255,82.79%,816,639,19.8774,6.5308,19,19,9.50,0,0,0.00,0.00,8,19,825,0,,0,,0,,0,
408684311869521930,Tommeke2.0,Gladiator,Squire,yes,qualified,replace-role,149,48.38%,1045,891,26.2385,5.6993,25,19,15.50,0,0,0.00,0.00,17,24,1053,1,1030,0,,0,,0,
531636750657912833,TORQUATO,Pleb,Squire,yes,qualified,replace-role,265,86.04%,753,619,18.1368,4.9499,39,22,28.00,0,0,0.00,0.00,9,38,780,1,971,0,,0,,0,
254913722823213056,Toxist(Егор),Squire,Squire,yes,qualified,no-op,170,55.19%,1000,848,24.9871,5.6164,29,0,29.00,0,0,0.00,0.00,16,2,1178,13,1209,14,846,0,,0,
347307111916503040,Valeb,Squire,Squire,yes,qualified,no-op,237,76.95%,895,700,22.0898,7.2276,18,14,11.00,0,0,0.00,0.00,5,1,950,13,930,4,912,0,,0,
413320326080888842,WA$$€R$CHLANG€,Squire,Squire,yes,qualified,no-op,247,80.19%,878,673,21.6225,7.5948,9,1,8.50,0,1,0.00,0.33,2,0,,1,968,8,867,0,,0,
701270799297806396,WokeVegetable,Pleb,Squire,yes,qualified,replace-role,236,76.62%,891,704,21.9622,6.9276,12,0,12.00,0,0,0.00,0.00,5,1,953,1,957,10,1007,0,,0,
434862561083523082,Yahello,Pleb,Squire,yes,qualified,replace-role,285,92.53%,697,557,16.5753,5.1651,36,7,32.50,2,2,0.50,0.50,13,12,793,2,871,22,824,0,,0,
1125372589179678771,YLS,Squire,Squire,yes,qualified,no-op,267,86.69%,805,616,19.5944,7.0040,9,2,8.00,0,0,0.00,0.00,3,1,856,5,930,3,923,0,,0,
983365546160554004,Zenny,Pleb,Squire,yes,qualified,replace-role,297,96.43%,590,470,13.6108,4.4381,85,11,79.50,1,3,0.25,0.67,26,11,924,11,646,61,528,2,950,0,
131292755677806593,Zippoc,Pleb,Squire,yes,qualified,replace-role,251,81.49%,814,664,19.8385,5.5676,25,1,24.50,0,0,0.00,0.00,13,6,1011,12,854,7,1023,0,,0,
952918133335814186,Δ,Pleb,Squire,yes,qualified,replace-role,260,84.42%,808,631,19.6798,6.5658,10,0,10.00,0,0,0.00,0.00,4,5,935,5,883,0,,0,,0,
296669953031929856,り,Pleb,Squire,yes,qualified,replace-role,148,48.05%,1089,892,27.4615,7.2724,8,0,8.00,0,0,0.00,0.00,5,0,,4,993,4,1140,0,,0,
860044950531604510,altynadam667,Squire,Pleb,yes,qualified,replace-role,292,94.81%,699,519,16.6433,6.6556,18,17,9.50,0,0,0.00,0.00,2,18,706,0,,0,,0,,0,
889760369080434710,babuka,Pleb,Pleb,yes,qualified,no-op,296,96.10%,639,478,14.9739,5.9828,12,0,12.00,0,0,0.00,0.00,2,11,679,1,929,0,,0,,0,
300405626041925633,Bilbo Swaggins,Pleb,Pleb,yes,qualified,no-op,299,97.08%,655,466,15.4037,6.9649,12,0,12.00,0,0,0.00,0.00,3,0,,5,853,7,771,0,,0,
1016834079490064384,Blue Magician,Pleb,Pleb,yes,qualified,no-op,291,94.48%,684,531,16.2325,5.6854,29,3,27.50,0,0,0.00,0.00,7,9,688,13,753,7,948,0,,0,
661973449119367191,Chaosum99,,Pleb,yes,qualified,no-op,283,91.88%,765,576,18.4806,7.0066,16,7,12.50,0,1,0.00,0.25,3,8,894,4,919,4,891,0,,0,
425772681653387276,Constantin D. Razvan,Pleb,Pleb,yes,qualified,no-op,308,100.00%,427,263,9.0744,6.0794,25,13,18.50,0,0,0.00,0.00,0,23,471,2,855,0,,0,,0,
234548871651393536,CrusaderDan,Pleb,Pleb,yes,qualified,no-op,303,98.38%,549,394,12.4666,5.7241,19,2,18.00,0,0,0.00,0.00,2,19,580,0,,0,,0,,0,
319977713710399489,cwolfhope,Pleb,Pleb,yes,qualified,no-op,279,90.58%,766,585,18.5120,6.7125,18,5,15.50,0,2,0.00,0.50,8,1,950,3,841,14,919,0,,0,
362028485054562315,devries5th,Pleb,Pleb,yes,qualified,no-op,288,93.51%,714,538,17.0585,6.5120,24,3,22.50,1,2,0.25,0.75,6,0,,8,927,16,630,0,,0,
767900549818613761,Dingbatman1,Pleb,Pleb,yes,qualified,no-op,298,96.75%,633,468,14.8137,6.1209,14,6,11.00,0,0,0.00,0.00,1,12,699,2,901,0,,0,,0,
552896372039352321,evan,Squire,Pleb,yes,qualified,replace-role,306,99.35%,531,369,11.9599,5.9843,33,27,19.50,0,0,0.00,0.00,2,31,546,2,945,0,,0,,0,
169358537040855040,Karosh,Pleb,Pleb,yes,qualified,no-op,293,95.13%,652,502,15.3321,5.5662,21,1,20.50,0,0,0.00,0.00,4,14,706,6,821,1,918,0,,0,
393032721460494339,Kiritastrich,Pleb,Pleb,yes,qualified,no-op,295,95.78%,676,487,16.0115,7.0233,17,0,17.00,0,0,0.00,0.00,1,0,,17,690,0,,0,,0,
576033271549526016,Lord,Pleb,Pleb,yes,qualified,no-op,281,91.23%,777,584,18.7979,7.1548,12,7,8.50,0,0,0.00,0.00,1,12,777,0,,0,,0,,0,
707428677562138645,louski,,Pleb,yes,qualified,no-op,286,92.86%,739,552,17.7507,6.9173,11,0,11.00,0,1,0.00,0.25,2,3,815,2,881,5,958,1,940,0,
538379717280268297,Nervouss,Pleb,Pleb,yes,qualified,no-op,284,92.21%,759,574,18.3170,6.8581,18,12,12.00,0,0,0.00,0.00,3,15,761,2,998,1,1030,0,,0,
1357100619495903353,Nik G,Pleb,Pleb,yes,qualified,no-op,289,93.83%,685,536,16.2466,5.5077,31,20,21.00,0,0,0.00,0.00,9,12,640,16,868,3,1078,0,,0,
145993625938034688,NuclearStardust,Pleb,Pleb,yes,qualified,no-op,294,95.45%,650,487,15.2792,6.0206,13,0,13.00,0,0,0.00,0.00,3,6,811,6,756,1,932,0,,0,
300644892055699457,pollen,Pleb,Pleb,yes,qualified,no-op,305,99.03%,543,377,12.3056,6.1319,12,1,11.50,0,0,0.00,0.00,2,8,616,1,933,3,922,0,,0,
410374026532487169,Theozham,Pleb,Pleb,yes,qualified,no-op,307,99.68%,454,278,9.8233,6.5070,13,0,13.00,0,0,0.00,0.00,0,9,558,3,774,1,927,0,,0,
239470064636657664,Warh3art,Pleb,Pleb,yes,qualified,no-op,302,98.05%,596,428,13.7861,6.2448,14,6,11.00,0,0,0.00,0.00,2,8,787,4,815,2,940,0,,0,
185655508173062145,wazabaza,Pleb,Pleb,yes,qualified,no-op,300,97.40%,644,448,15.1057,7.2434,14,0,14.00,0,0,0.00,0.00,3,0,,0,,14,627,0,,0,
701413883977531453,Yalike,Pleb,Pleb,yes,qualified,no-op,290,94.16%,690,532,16.3756,5.8456,25,0,25.00,0,0,0.00,0.00,7,1,900,10,782,14,786,0,,0,
330012393872818178,Εwen,Pleb,Pleb,yes,qualified,no-op,287,93.18%,706,552,16.8361,5.6992,31,19,21.50,0,0,0.00,0.00,8,10,871,18,794,3,946,0,,0,
551445208664113177,𓆩Turasich𓆪,Squire,Pleb,yes,qualified,replace-role,282,91.56%,755,583,18.1994,6.3832,9,2,8.00,0,0,0.00,0.00,2,3,830,2,926,3,940,1,940,0,
343777004811845632,Mr Toes,Elite,Elite,yes,protected,no-op,73,23.70%,1239,1050,31.6403,7.0127,14,4,12.00,2,3,0.75,1.25,9,0,,9,1172,5,1008,0,,0,
287927211934220289,Sandro,Elite,,no,unmanaged legacy,no-op,,,1171,962,29.7459,7.7449,5,0,5.00,0,3,0.00,0.90,3,0,,2,1068,3,1052,0,,0,
380799408486481921,_victor_,Pleb,,no,unmanaged legacy,no-op,,,770,569,18.6048,7.4502,2,0,2.00,0,0,0.00,0.00,0,2,783,0,,0,,0,,0,
209530550233333770,! I was never here,Squire,,no,unmanaged legacy,no-op,,,1146,935,29.0463,7.8132,5,0,5.00,0,1,0.00,0.25,4,0,,0,,5,1171,0,,0,
916702678992695306,[QR] DedObed( Коля),Pleb,,no,unmanaged legacy,no-op,,,834,630,20.3910,7.5443,4,0,4.00,0,0,0.00,0.00,0,4,835,0,,0,,0,,0,
907310002405015573,[SS]Invictvs,Pleb,,no,unmanaged legacy,no-op,,,908,690,22.4452,8.0789,2,0,2.00,0,0,0.00,0.00,0,0,,1,919,1,947,0,,0,
1002552813114642542,<@1002552813114642542>,Pleb,,no,unmanaged legacy,no-op,,,,,,,0,0,0.00,0,0,0.00,0.00,0,0,,0,,0,,0,,0,
1002725640904130682,<@1002725640904130682>,Pleb,,no,unmanaged legacy,no-op,,,,,,,0,0,0.00,0,0,0.00,0.00,0,0,,0,,0,,0,,0,
1006356637977686066,<@1006356637977686066>,Pleb,,no,unmanaged legacy,no-op,,,,,,,0,0,0.00,0,0,0.00,0.00,0,0,,0,,0,,0,,0,
1015553030776692796,<@1015553030776692796>,Pleb,,no,unmanaged legacy,no-op,,,,,,,0,0,0.00,0,0,0.00,0.00,0,0,,0,,0,,0,,0,
101728037669720064,<@101728037669720064>,Pleb,,no,unmanaged legacy,no-op,,,,,,,0,0,0.00,0,0,0.00,0.00,0,0,,0,,0,,0,,0,
1020459145687744603,<@1020459145687744603>,Pleb,,no,unmanaged legacy,no-op,,,,,,,0,0,0.00,0,0,0.00,0.00,0,0,,0,,0,,0,,0,
1021557651756290058,<@1021557651756290058>,Pleb,,no,unmanaged legacy,no-op,,,,,,,0,0,0.00,0,0,0.00,0.00,0,0,,0,,0,,0,,0,
1022836333196083223,<@1022836333196083223>,Pleb,,no,unmanaged legacy,no-op,,,,,,,0,0,0.00,0,0,0.00,0.00,0,0,,0,,0,,0,,0,
1025392832741113857,<@1025392832741113857>,Pleb,,no,unmanaged legacy,no-op,,,,,,,0,0,0.00,0,0,0.00,0.00,0,0,,0,,0,,0,,0,
1025907185336733778,<@1025907185336733778>,Pleb,,no,unmanaged legacy,no-op,,,,,,,0,0,0.00,0,0,0.00,0.00,0,0,,0,,0,,0,,0,
1029354537175220314,<@1029354537175220314>,Pleb,,no,unmanaged legacy,no-op,,,,,,,0,0,0.00,0,0,0.00,0.00,0,0,,0,,0,,0,,0,
102937181164679168,<@102937181164679168>,Pleb,,no,unmanaged legacy,no-op,,,,,,,0,0,0.00,0,0,0.00,0.00,0,0,,0,,0,,0,,0,
1030696297465913374,<@1030696297465913374>,Pleb,,no,unmanaged legacy,no-op,,,,,,,0,0,0.00,0,0,0.00,0.00,0,0,,0,,0,,0,,0,
1031407642062626886,<@1031407642062626886>,Pleb,,no,unmanaged legacy,no-op,,,,,,,0,0,0.00,0,0,0.00,0.00,0,0,,0,,0,,0,,0,
103242514076549120,<@103242514076549120>,Pleb,,no,unmanaged legacy,no-op,,,,,,,0,0,0.00,0,0,0.00,0.00,0,0,,0,,0,,0,,0,
1033664080600371210,<@1033664080600371210>,Pleb,,no,unmanaged legacy,no-op,,,,,,,0,0,0.00,0,0,0.00,0.00,0,0,,0,,0,,0,,0,
1038792913846550631,<@1038792913846550631>,Pleb,,no,unmanaged legacy,no-op,,,,,,,0,0,0.00,0,0,0.00,0.00,0,0,,0,,0,,0,,0,
1038943861596233819,<@1038943861596233819>,Pleb,,no,unmanaged legacy,no-op,,,,,,,0,0,0.00,0,0,0.00,0.00,0,0,,0,,0,,0,,0,
1039630094580326472,<@1039630094580326472>,Pleb,,no,unmanaged legacy,no-op,,,,,,,0,0,0.00,0,0,0.00,0.00,0,0,,0,,0,,0,,0,
1041561427221164082,<@1041561427221164082>,Pleb,,no,unmanaged legacy,no-op,,,,,,,0,0,0.00,0,0,0.00,0.00,0,0,,0,,0,,0,,0,
1046434992030490664,<@1046434992030490664>,Pleb,,no,unmanaged legacy,no-op,,,,,,,0,0,0.00,0,0,0.00,0.00,0,0,,0,,0,,0,,0,
1047796945609052223,<@1047796945609052223>,Pleb,,no,unmanaged legacy,no-op,,,,,,,0,0,0.00,0,0,0.00,0.00,0,0,,0,,0,,0,,0,
1048803462965628978,<@1048803462965628978>,Pleb,,no,unmanaged legacy,no-op,,,,,,,0,0,0.00,0,0,0.00,0.00,0,0,,0,,0,,0,,0,
1049226110019326022,<@1049226110019326022>,Pleb,,no,unmanaged legacy,no-op,,,,,,,0,0,0.00,0,0,0.00,0.00,0,0,,0,,0,,0,,0,
1050383750648823868,<@1050383750648823868>,Pleb,,no,unmanaged legacy,no-op,,,,,,,0,0,0.00,0,0,0.00,0.00,0,0,,0,,0,,0,,0,
105643728701501440,<@105643728701501440>,Pleb,,no,unmanaged legacy,no-op,,,,,,,0,0,0.00,0,0,0.00,0.00,0,0,,0,,0,,0,,0,
1066622617605386290,<@1066622617605386290>,Pleb,,no,unmanaged legacy,no-op,,,,,,,0,0,0.00,0,0,0.00,0.00,0,0,,0,,0,,0,,0,
1068627837571043408,<@1068627837571043408>,Pleb,,no,unmanaged legacy,no-op,,,,,,,0,0,0.00,0,0,0.00,0.00,0,0,,0,,0,,0,,0,
1071375068745175080,<@1071375068745175080>,Pleb,,no,unmanaged legacy,no-op,,,,,,,0,0,0.00,0,0,0.00,0.00,0,0,,0,,0,,0,,0,
107156803816542208,<@107156803816542208>,Pleb,,no,unmanaged legacy,no-op,,,,,,,0,0,0.00,0,0,0.00,0.00,0,0,,0,,0,,0,,0,
1071689646599307285,<@1071689646599307285>,Pleb,,no,unmanaged legacy,no-op,,,,,,,0,0,0.00,0,0,0.00,0.00,0,0,,0,,0,,0,,0,
107193968667709440,<@107193968667709440>,Pleb,,no,unmanaged legacy,no-op,,,,,,,0,0,0.00,0,0,0.00,0.00,0,0,,0,,0,,0,,0,
1072343859457163368,<@1072343859457163368>,Pleb,,no,unmanaged legacy,no-op,,,,,,,0,0,0.00,0,0,0.00,0.00,0,0,,0,,0,,0,,0,
1073567899580633139,<@1073567899580633139>,Pleb,,no,unmanaged legacy,no-op,,,,,,,0,0,0.00,0,0,0.00,0.00,0,0,,0,,0,,0,,0,
1074463485662072893,<@1074463485662072893>,Pleb,,no,unmanaged legacy,no-op,,,,,,,0,0,0.00,0,0,0.00,0.00,0,0,,0,,0,,0,,0,
107532310680707072,<@107532310680707072>,Pleb,,no,unmanaged legacy,no-op,,,,,,,0,0,0.00,0,0,0.00,0.00,0,0,,0,,0,,0,,0,
1078331792840462350,<@1078331792840462350>,Pleb,,no,unmanaged legacy,no-op,,,,,,,0,0,0.00,0,0,0.00,0.00,0,0,,0,,0,,0,,0,
1081734012348940298,<@1081734012348940298>,Pleb,,no,unmanaged legacy,no-op,,,,,,,0,0,0.00,0,0,0.00,0.00,0,0,,0,,0,,0,,0,
108385758640939008,<@108385758640939008>,Pleb,,no,unmanaged legacy,no-op,,,,,,,0,0,0.00,0,0,0.00,0.00,0,0,,0,,0,,0,,0,
1087319786263937074,<@1087319786263937074>,Pleb,,no,unmanaged legacy,no-op,,,,,,,0,0,0.00,0,0,0.00,0.00,0,0,,0,,0,,0,,0,
108836772154183680,<@108836772154183680>,Pleb,,no,unmanaged legacy,no-op,,,,,,,0,0,0.00,0,0,0.00,0.00,0,0,,0,,0,,0,,0,
1089135920671891577,<@1089135920671891577>,Pleb,,no,unmanaged legacy,no-op,,,,,,,0,0,0.00,0,0,0.00,0.00,0,0,,0,,0,,0,,0,
1092565228031574116,<@1092565228031574116>,Pleb,,no,unmanaged legacy,no-op,,,,,,,0,0,0.00,0,0,0.00,0.00,0,0,,0,,0,,0,,0,
1094346889538842645,<@1094346889538842645>,Pleb,,no,unmanaged legacy,no-op,,,,,,,0,0,0.00,0,0,0.00,0.00,0,0,,0,,0,,0,,0,
1097408605260628052,<@1097408605260628052>,Pleb,,no,unmanaged legacy,no-op,,,,,,,0,0,0.00,0,0,0.00,0.00,0,0,,0,,0,,0,,0,
110406959320047616,<@110406959320047616>,Pleb,,no,unmanaged legacy,no-op,,,,,,,0,0,0.00,0,0,0.00,0.00,0,0,,0,,0,,0,,0,
1109997323683110944,<@1109997323683110944>,Pleb,,no,unmanaged legacy,no-op,,,,,,,0,0,0.00,0,0,0.00,0.00,0,0,,0,,0,,0,,0,
111136439504252928,<@111136439504252928>,Pleb,,no,unmanaged legacy,no-op,,,,,,,0,0,0.00,0,0,0.00,0.00,0,0,,0,,0,,0,,0,
1111972723544047626,<@1111972723544047626>,Pleb,,no,unmanaged legacy,no-op,,,,,,,0,0,0.00,0,0,0.00,0.00,0,0,,0,,0,,0,,0,
1112981023333040158,<@1112981023333040158>,Pleb,,no,unmanaged legacy,no-op,,,,,,,0,0,0.00,0,0,0.00,0.00,0,0,,0,,0,,0,,0,
1122245330793148626,<@1122245330793148626>,Pleb,,no,unmanaged legacy,no-op,,,,,,,0,0,0.00,0,0,0.00,0.00,0,0,,0,,0,,0,,0,
1123944057786343454,<@1123944057786343454>,Pleb,,no,unmanaged legacy,no-op,,,,,,,0,0,0.00,0,0,0.00,0.00,0,0,,0,,0,,0,,0,
1131954617878593606,<@1131954617878593606>,Pleb,,no,unmanaged legacy,no-op,,,,,,,0,0,0.00,0,0,0.00,0.00,0,0,,0,,0,,0,,0,
1132749616643854356,<@1132749616643854356>,Pleb,,no,unmanaged legacy,no-op,,,,,,,0,0,0.00,0,0,0.00,0.00,0,0,,0,,0,,0,,0,
113384424225144832,<@113384424225144832>,Pleb,,no,unmanaged legacy,no-op,,,,,,,0,0,0.00,0,0,0.00,0.00,0,0,,0,,0,,0,,0,
1138069458561282109,<@1138069458561282109>,Pleb,,no,unmanaged legacy,no-op,,,,,,,0,0,0.00,0,0,0.00,0.00,0,0,,0,,0,,0,,0,
1140006991692038224,<@1140006991692038224>,Pleb,,no,unmanaged legacy,no-op,,,,,,,0,0,0.00,0,0,0.00,0.00,0,0,,0,,0,,0,,0,
1140092004009791539,<@1140092004009791539>,Pleb,,no,unmanaged legacy,no-op,,,,,,,0,0,0.00,0,0,0.00,0.00,0,0,,0,,0,,0,,0,
1141881704043249756,<@1141881704043249756>,Pleb,,no,unmanaged legacy,no-op,,,,,,,0,0,0.00,0,0,0.00,0.00,0,0,,0,,0,,0,,0,
1143986912059723776,<@1143986912059723776>,Pleb,,no,unmanaged legacy,no-op,,,,,,,0,0,0.00,0,0,0.00,0.00,0,0,,0,,0,,0,,0,
1145260580773560451,<@1145260580773560451>,Pleb,,no,unmanaged legacy,no-op,,,,,,,0,0,0.00,0,0,0.00,0.00,0,0,,0,,0,,0,,0,
1153360151286403183,<@1153360151286403183>,Pleb,,no,unmanaged legacy,no-op,,,,,,,0,0,0.00,0,0,0.00,0.00,0,0,,0,,0,,0,,0,
1154008713275904051,<@1154008713275904051>,Pleb,,no,unmanaged legacy,no-op,,,,,,,0,0,0.00,0,0,0.00,0.00,0,0,,0,,0,,0,,0,
1157000436247707658,<@1157000436247707658>,Pleb,,no,unmanaged legacy,no-op,,,,,,,0,0,0.00,0,0,0.00,0.00,0,0,,0,,0,,0,,0,
1159560609084473354,<@1159560609084473354>,Pleb,,no,unmanaged legacy,no-op,,,,,,,0,0,0.00,0,0,0.00,0.00,0,0,,0,,0,,0,,0,
1162277869465128960,<@1162277869465128960>,Pleb,,no,unmanaged legacy,no-op,,,,,,,0,0,0.00,0,0,0.00,0.00,0,0,,0,,0,,0,,0,
116558825980428293,<@116558825980428293>,Pleb,,no,unmanaged legacy,no-op,,,,,,,0,0,0.00,0,0,0.00,0.00,0,0,,0,,0,,0,,0,
116964693695791108,<@116964693695791108>,Pleb,,no,unmanaged legacy,no-op,,,,,,,0,0,0.00,0,0,0.00,0.00,0,0,,0,,0,,0,,0,
1173438304688017419,<@1173438304688017419>,Pleb,,no,unmanaged legacy,no-op,,,,,,,0,0,0.00,0,0,0.00,0.00,0,0,,0,,0,,0,,0,
1173496202197741588,<@1173496202197741588>,Pleb,,no,unmanaged legacy,no-op,,,,,,,0,0,0.00,0,0,0.00,0.00,0,0,,0,,0,,0,,0,
1175517922081382531,<@1175517922081382531>,Pleb,,no,unmanaged legacy,no-op,,,,,,,0,0,0.00,0,0,0.00,0.00,0,0,,0,,0,,0,,0,
1176603319184150591,<@1176603319184150591>,Pleb,,no,unmanaged legacy,no-op,,,,,,,0,0,0.00,0,0,0.00,0.00,0,0,,0,,0,,0,,0,
118046291077890054,<@118046291077890054>,Pleb,,no,unmanaged legacy,no-op,,,,,,,0,0,0.00,0,0,0.00,0.00,0,0,,0,,0,,0,,0,
1181345241211617386,<@1181345241211617386>,Pleb,,no,unmanaged legacy,no-op,,,,,,,0,0,0.00,0,0,0.00,0.00,0,0,,0,,0,,0,,0,
118188977298604037,<@118188977298604037>,Pleb,,no,unmanaged legacy,no-op,,,,,,,0,0,0.00,0,0,0.00,0.00,0,0,,0,,0,,0,,0,
1182866078729261116,<@1182866078729261116>,Pleb,,no,unmanaged legacy,no-op,,,,,,,0,0,0.00,0,0,0.00,0.00,0,0,,0,,0,,0,,0,
1187853610416087081,<@1187853610416087081>,Pleb,,no,unmanaged legacy,no-op,,,,,,,0,0,0.00,0,0,0.00,0.00,0,0,,0,,0,,0,,0,
1199429880585142412,<@1199429880585142412>,Pleb,,no,unmanaged legacy,no-op,,,,,,,0,0,0.00,0,0,0.00,0.00,0,0,,0,,0,,0,,0,
1206233359949242443,<@1206233359949242443>,Pleb,,no,unmanaged legacy,no-op,,,,,,,0,0,0.00,0,0,0.00,0.00,0,0,,0,,0,,0,,0,
120671621156569090,<@120671621156569090>,Pleb,,no,unmanaged legacy,no-op,,,,,,,0,0,0.00,0,0,0.00,0.00,0,0,,0,,0,,0,,0,
1211042069179535382,<@1211042069179535382>,Pleb,,no,unmanaged legacy,no-op,,,,,,,0,0,0.00,0,0,0.00,0.00,0,0,,0,,0,,0,,0,
1213199348436049931,<@1213199348436049931>,Pleb,,no,unmanaged legacy,no-op,,,,,,,0,0,0.00,0,0,0.00,0.00,0,0,,0,,0,,0,,0,
1215374629351325697,<@1215374629351325697>,Pleb,,no,unmanaged legacy,no-op,,,,,,,0,0,0.00,0,0,0.00,0.00,0,0,,0,,0,,0,,0,
1216053497380733030,<@1216053497380733030>,Pleb,,no,unmanaged legacy,no-op,,,,,,,0,0,0.00,0,0,0.00,0.00,0,0,,0,,0,,0,,0,
121642360181489664,<@121642360181489664>,Pleb,,no,unmanaged legacy,no-op,,,,,,,0,0,0.00,0,0,0.00,0.00,0,0,,0,,0,,0,,0,
1229469773084102844,<@1229469773084102844>,Pleb,,no,unmanaged legacy,no-op,,,,,,,0,0,0.00,0,0,0.00,0.00,0,0,,0,,0,,0,,0,
1230187896720592948,<@1230187896720592948>,Pleb,,no,unmanaged legacy,no-op,,,,,,,0,0,0.00,0,0,0.00,0.00,0,0,,0,,0,,0,,0,
1234110847341563935,<@1234110847341563935>,Pleb,,no,unmanaged legacy,no-op,,,,,,,0,0,0.00,0,0,0.00,0.00,0,0,,0,,0,,0,,0,
124223301659787264,<@124223301659787264>,Pleb,,no,unmanaged legacy,no-op,,,,,,,0,0,0.00,0,0,0.00,0.00,0,0,,0,,0,,0,,0,
1244023071057252466,<@1244023071057252466>,Pleb,,no,unmanaged legacy,no-op,,,,,,,0,0,0.00,0,0,0.00,0.00,0,0,,0,,0,,0,,0,
124686589459693572,<@124686589459693572>,Pleb,,no,unmanaged legacy,no-op,,,,,,,0,0,0.00,0,0,0.00,0.00,0,0,,0,,0,,0,,0,
1248842413716541524,<@1248842413716541524>,Pleb,,no,unmanaged legacy,no-op,,,,,,,0,0,0.00,0,0,0.00,0.00,0,0,,0,,0,,0,,0,
1249553069960597536,<@1249553069960597536>,Pleb,,no,unmanaged legacy,no-op,,,,,,,0,0,0.00,0,0,0.00,0.00,0,0,,0,,0,,0,,0,
1249954338382549013,<@1249954338382549013>,Pleb,,no,unmanaged legacy,no-op,,,,,,,0,0,0.00,0,0,0.00,0.00,0,0,,0,,0,,0,,0,
1252606457833328691,<@1252606457833328691>,Gladiator,,no,unmanaged legacy,no-op,,,,,,,0,0,0.00,0,0,0.00,0.00,0,0,,0,,0,,0,,0,
1256676988521812078,<@1256676988521812078>,Pleb,,no,unmanaged legacy,no-op,,,,,,,0,0,0.00,0,0,0.00,0.00,0,0,,0,,0,,0,,0,
1258974288690806867,<@1258974288690806867>,Pleb,,no,unmanaged legacy,no-op,,,,,,,0,0,0.00,0,0,0.00,0.00,0,0,,0,,0,,0,,0,
1260078455547101320,<@1260078455547101320>,Pleb,,no,unmanaged legacy,no-op,,,,,,,0,0,0.00,0,0,0.00,0.00,0,0,,0,,0,,0,,0,
1260194564103471237,<@1260194564103471237>,Pleb,,no,unmanaged legacy,no-op,,,,,,,0,0,0.00,0,0,0.00,0.00,0,0,,0,,0,,0,,0,
1261493577578709002,<@1261493577578709002>,Pleb,,no,unmanaged legacy,no-op,,,,,,,0,0,0.00,0,0,0.00,0.00,0,0,,0,,0,,0,,0,
1262333541719474208,<@1262333541719474208>,Pleb,,no,unmanaged legacy,no-op,,,,,,,0,0,0.00,0,0,0.00,0.00,0,0,,0,,0,,0,,0,
1262844833228259441,<@1262844833228259441>,Pleb,,no,unmanaged legacy,no-op,,,,,,,0,0,0.00,0,0,0.00,0.00,0,0,,0,,0,,0,,0,
126373608623702017,<@126373608623702017>,Pleb,,no,unmanaged legacy,no-op,,,,,,,0,0,0.00,0,0,0.00,0.00,0,0,,0,,0,,0,,0,
1264795993480761435,<@1264795993480761435>,Pleb,,no,unmanaged legacy,no-op,,,,,,,0,0,0.00,0,0,0.00,0.00,0,0,,0,,0,,0,,0,
1266295575171698732,<@1266295575171698732>,Pleb,,no,unmanaged legacy,no-op,,,,,,,0,0,0.00,0,0,0.00,0.00,0,0,,0,,0,,0,,0,
126777360816144384,<@126777360816144384>,Pleb,,no,unmanaged legacy,no-op,,,,,,,0,0,0.00,0,0,0.00,0.00,0,0,,0,,0,,0,,0,
1269708359955779604,<@1269708359955779604>,Pleb,,no,unmanaged legacy,no-op,,,,,,,0,0,0.00,0,0,0.00,0.00,0,0,,0,,0,,0,,0,
1270542844687286277,<@1270542844687286277>,Pleb,,no,unmanaged legacy,no-op,,,,,,,0,0,0.00,0,0,0.00,0.00,0,0,,0,,0,,0,,0,
127526873684115456,<@127526873684115456>,Pleb,,no,unmanaged legacy,no-op,,,,,,,0,0,0.00,0,0,0.00,0.00,0,0,,0,,0,,0,,0,
1276293957780901936,<@1276293957780901936>,Pleb,,no,unmanaged legacy,no-op,,,,,,,0,0,0.00,0,0,0.00,0.00,0,0,,0,,0,,0,,0,
1280226056074297412,<@1280226056074297412>,Pleb,,no,unmanaged legacy,no-op,,,,,,,0,0,0.00,0,0,0.00,0.00,0,0,,0,,0,,0,,0,
128043586028568577,<@128043586028568577>,Pleb,,no,unmanaged legacy,no-op,,,,,,,0,0,0.00,0,0,0.00,0.00,0,0,,0,,0,,0,,0,
1280456787543457814,<@1280456787543457814>,Pleb,,no,unmanaged legacy,no-op,,,,,,,0,0,0.00,0,0,0.00,0.00,0,0,,0,,0,,0,,0,
1282016206282559560,<@1282016206282559560>,Pleb,,no,unmanaged legacy,no-op,,,,,,,0,0,0.00,0,0,0.00,0.00,0,0,,0,,0,,0,,0,
128218489985957888,<@128218489985957888>,Pleb,,no,unmanaged legacy,no-op,,,,,,,0,0,0.00,0,0,0.00,0.00,0,0,,0,,0,,0,,0,
1289393295654649978,<@1289393295654649978>,Pleb,,no,unmanaged legacy,no-op,,,,,,,0,0,0.00,0,0,0.00,0.00,0,0,,0,,0,,0,,0,
1293561631896240185,<@1293561631896240185>,Pleb,,no,unmanaged legacy,no-op,,,,,,,0,0,0.00,0,0,0.00,0.00,0,0,,0,,0,,0,,0,
1296756183368990773,<@1296756183368990773>,Pleb,,no,unmanaged legacy,no-op,,,,,,,0,0,0.00,0,0,0.00,0.00,0,0,,0,,0,,0,,0,
1296847095935930391,<@1296847095935930391>,Pleb,,no,unmanaged legacy,no-op,,,,,,,0,0,0.00,0,0,0.00,0.00,0,0,,0,,0,,0,,0,
130032783476129792,<@130032783476129792>,Pleb,,no,unmanaged legacy,no-op,,,,,,,0,0,0.00,0,0,0.00,0.00,0,0,,0,,0,,0,,0,
1300989969837326431,<@1300989969837326431>,Pleb,,no,unmanaged legacy,no-op,,,,,,,0,0,0.00,0,0,0.00,0.00,0,0,,0,,0,,0,,0,
1302829250147254279,<@1302829250147254279>,Pleb,,no,unmanaged legacy,no-op,,,,,,,0,0,0.00,0,0,0.00,0.00,0,0,,0,,0,,0,,0,
130470250851467264,<@130470250851467264>,Pleb,,no,unmanaged legacy,no-op,,,,,,,0,0,0.00,0,0,0.00,0.00,0,0,,0,,0,,0,,0,
1306325229752156181,<@1306325229752156181>,Pleb,,no,unmanaged legacy,no-op,,,,,,,0,0,0.00,0,0,0.00,0.00,0,0,,0,,0,,0,,0,
1306981076257738822,<@1306981076257738822>,Pleb,,no,unmanaged legacy,no-op,,,,,,,0,0,0.00,0,0,0.00,0.00,0,0,,0,,0,,0,,0,
131214607153889280,<@131214607153889280>,Pleb,,no,unmanaged legacy,no-op,,,,,,,0,0,0.00,0,0,0.00,0.00,0,0,,0,,0,,0,,0,
1317546050046922772,<@1317546050046922772>,Pleb,,no,unmanaged legacy,no-op,,,,,,,0,0,0.00,0,0,0.00,0.00,0,0,,0,,0,,0,,0,
1317863526752321628,<@1317863526752321628>,Pleb,,no,unmanaged legacy,no-op,,,,,,,0,0,0.00,0,0,0.00,0.00,0,0,,0,,0,,0,,0,
1318750732299534356,<@1318750732299534356>,Pleb,,no,unmanaged legacy,no-op,,,,,,,0,0,0.00,0,0,0.00,0.00,0,0,,0,,0,,0,,0,
1319584886604169236,<@1319584886604169236>,Pleb,,no,unmanaged legacy,no-op,,,,,,,0,0,0.00,0,0,0.00,0.00,0,0,,0,,0,,0,,0,
1325471393650839654,<@1325471393650839654>,Pleb,,no,unmanaged legacy,no-op,,,,,,,0,0,0.00,0,0,0.00,0.00,0,0,,0,,0,,0,,0,
132578383216377856,<@132578383216377856>,Pleb,,no,unmanaged legacy,no-op,,,,,,,0,0,0.00,0,0,0.00,0.00,0,0,,0,,0,,0,,0,
1325937303083810950,<@1325937303083810950>,Pleb,,no,unmanaged legacy,no-op,,,,,,,0,0,0.00,0,0,0.00,0.00,0,0,,0,,0,,0,,0,
1328679355093880833,<@1328679355093880833>,Pleb,,no,unmanaged legacy,no-op,,,,,,,0,0,0.00,0,0,0.00,0.00,0,0,,0,,0,,0,,0,
1329837817584422944,<@1329837817584422944>,Pleb,,no,unmanaged legacy,no-op,,,,,,,0,0,0.00,0,0,0.00,0.00,0,0,,0,,0,,0,,0,
1331321891251687424,<@1331321891251687424>,Pleb,,no,unmanaged legacy,no-op,,,,,,,0,0,0.00,0,0,0.00,0.00,0,0,,0,,0,,0,,0,
133183908836671488,<@133183908836671488>,Pleb,,no,unmanaged legacy,no-op,,,,,,,0,0,0.00,0,0,0.00,0.00,0,0,,0,,0,,0,,0,
1336814366095577192,<@1336814366095577192>,Pleb,,no,unmanaged legacy,no-op,,,,,,,0,0,0.00,0,0,0.00,0.00,0,0,,0,,0,,0,,0,
1340177188879601727,<@1340177188879601727>,Pleb,,no,unmanaged legacy,no-op,,,,,,,0,0,0.00,0,0,0.00,0.00,0,0,,0,,0,,0,,0,
1343132052517552159,<@1343132052517552159>,Pleb,,no,unmanaged legacy,no-op,,,,,,,0,0,0.00,0,0,0.00,0.00,0,0,,0,,0,,0,,0,
1347279519433625621,<@1347279519433625621>,Pleb,,no,unmanaged legacy,no-op,,,,,,,0,0,0.00,0,0,0.00,0.00,0,0,,0,,0,,0,,0,
1351193951637606451,<@1351193951637606451>,Pleb,,no,unmanaged legacy,no-op,,,,,,,0,0,0.00,0,0,0.00,0.00,0,0,,0,,0,,0,,0,
1351454602259730533,<@1351454602259730533>,Pleb,,no,unmanaged legacy,no-op,,,,,,,0,0,0.00,0,0,0.00,0.00,0,0,,0,,0,,0,,0,
1354444362183872553,<@1354444362183872553>,Pleb,,no,unmanaged legacy,no-op,,,,,,,0,0,0.00,0,0,0.00,0.00,0,0,,0,,0,,0,,0,
1357953294273613894,<@1357953294273613894>,Pleb,,no,unmanaged legacy,no-op,,,,,,,0,0,0.00,0,0,0.00,0.00,0,0,,0,,0,,0,,0,
1361071905968230590,<@1361071905968230590>,Pleb,,no,unmanaged legacy,no-op,,,,,,,0,0,0.00,0,0,0.00,0.00,0,0,,0,,0,,0,,0,
136306564574347264,<@136306564574347264>,Pleb,,no,unmanaged legacy,no-op,,,,,,,0,0,0.00,0,0,0.00,0.00,0,0,,0,,0,,0,,0,
136935675948695552,<@136935675948695552>,Pleb,,no,unmanaged legacy,no-op,,,,,,,0,0,0.00,0,0,0.00,0.00,0,0,,0,,0,,0,,0,
1371162011035111666,<@1371162011035111666>,Pleb,,no,unmanaged legacy,no-op,,,,,,,0,0,0.00,0,0,0.00,0.00,0,0,,0,,0,,0,,0,
1371179090425413812,<@1371179090425413812>,Pleb,,no,unmanaged legacy,no-op,,,,,,,0,0,0.00,0,0,0.00,0.00,0,0,,0,,0,,0,,0,
1379491416446734346,<@1379491416446734346>,Pleb,,no,unmanaged legacy,no-op,,,,,,,0,0,0.00,0,0,0.00,0.00,0,0,,0,,0,,0,,0,
1380029392146927688,<@1380029392146927688>,Pleb,,no,unmanaged legacy,no-op,,,,,,,0,0,0.00,0,0,0.00,0.00,0,0,,0,,0,,0,,0,
138030967997726720,<@138030967997726720>,Pleb,,no,unmanaged legacy,no-op,,,,,,,0,0,0.00,0,0,0.00,0.00,0,0,,0,,0,,0,,0,
1380564005705220301,<@1380564005705220301>,Pleb,,no,unmanaged legacy,no-op,,,,,,,0,0,0.00,0,0,0.00,0.00,0,0,,0,,0,,0,,0,
1380579347244777592,<@1380579347244777592>,Pleb,,no,unmanaged legacy,no-op,,,,,,,0,0,0.00,0,0,0.00,0.00,0,0,,0,,0,,0,,0,
138470041019482112,<@138470041019482112>,Pleb,,no,unmanaged legacy,no-op,,,,,,,0,0,0.00,0,0,0.00,0.00,0,0,,0,,0,,0,,0,
138597788727508992,<@138597788727508992>,Pleb,,no,unmanaged legacy,no-op,,,,,,,0,0,0.00,0,0,0.00,0.00,0,0,,0,,0,,0,,0,
1386332820745748490,<@1386332820745748490>,Pleb,,no,unmanaged legacy,no-op,,,,,,,0,0,0.00,0,0,0.00,0.00,0,0,,0,,0,,0,,0,
138691758035828736,<@138691758035828736>,Pleb,,no,unmanaged legacy,no-op,,,,,,,0,0,0.00,0,0,0.00,0.00,0,0,,0,,0,,0,,0,
138714843334180864,<@138714843334180864>,Pleb,,no,unmanaged legacy,no-op,,,,,,,0,0,0.00,0,0,0.00,0.00,0,0,,0,,0,,0,,0,
138757636622385152,<@138757636622385152>,Pleb,,no,unmanaged legacy,no-op,,,,,,,0,0,0.00,0,0,0.00,0.00,0,0,,0,,0,,0,,0,
1390192242978983966,<@1390192242978983966>,Pleb,,no,unmanaged legacy,no-op,,,,,,,0,0,0.00,0,0,0.00,0.00,0,0,,0,,0,,0,,0,
139060530953322496,<@139060530953322496>,Pleb,,no,unmanaged legacy,no-op,,,,,,,0,0,0.00,0,0,0.00,0.00,0,0,,0,,0,,0,,0,
1395000314159038475,<@1395000314159038475>,Pleb,,no,unmanaged legacy,no-op,,,,,,,0,0,0.00,0,0,0.00,0.00,0,0,,0,,0,,0,,0,
1397517586173788170,<@1397517586173788170>,Pleb,,no,unmanaged legacy,no-op,,,,,,,0,0,0.00,0,0,0.00,0.00,0,0,,0,,0,,0,,0,
1397901028237643807,<@1397901028237643807>,Pleb,,no,unmanaged legacy,no-op,,,,,,,0,0,0.00,0,0,0.00,0.00,0,0,,0,,0,,0,,0,
1399407269715640392,<@1399407269715640392>,Pleb,,no,unmanaged legacy,no-op,,,,,,,0,0,0.00,0,0,0.00,0.00,0,0,,0,,0,,0,,0,
1401866160173092935,<@1401866160173092935>,Pleb,,no,unmanaged legacy,no-op,,,,,,,0,0,0.00,0,0,0.00,0.00,0,0,,0,,0,,0,,0,
1404304739843178627,<@1404304739843178627>,Pleb,,no,unmanaged legacy,no-op,,,,,,,0,0,0.00,0,0,0.00,0.00,0,0,,0,,0,,0,,0,
1407051475917606994,<@1407051475917606994>,Pleb,,no,unmanaged legacy,no-op,,,,,,,0,0,0.00,0,0,0.00,0.00,0,0,,0,,0,,0,,0,
1407822147556212807,<@1407822147556212807>,Pleb,,no,unmanaged legacy,no-op,,,,,,,0,0,0.00,0,0,0.00,0.00,0,0,,0,,0,,0,,0,
1408462319171928095,<@1408462319171928095>,Pleb,,no,unmanaged legacy,no-op,,,,,,,0,0,0.00,0,0,0.00,0.00,0,0,,0,,0,,0,,0,
1409543151252668510,<@1409543151252668510>,Pleb,,no,unmanaged legacy,no-op,,,,,,,0,0,0.00,0,0,0.00,0.00,0,0,,0,,0,,0,,0,
141254756180951040,<@141254756180951040>,Pleb,,no,unmanaged legacy,no-op,,,,,,,0,0,0.00,0,0,0.00,0.00,0,0,,0,,0,,0,,0,
141401765193973761,<@141401765193973761>,Pleb,,no,unmanaged legacy,no-op,,,,,,,0,0,0.00,0,0,0.00,0.00,0,0,,0,,0,,0,,0,
1416814823500677220,<@1416814823500677220>,Pleb,,no,unmanaged legacy,no-op,,,,,,,0,0,0.00,0,0,0.00,0.00,0,0,,0,,0,,0,,0,
1417196535787163679,<@1417196535787163679>,Pleb,,no,unmanaged legacy,no-op,,,,,,,0,0,0.00,0,0,0.00,0.00,0,0,,0,,0,,0,,0,
1422343441144352788,<@1422343441144352788>,Pleb,,no,unmanaged legacy,no-op,,,,,,,0,0,0.00,0,0,0.00,0.00,0,0,,0,,0,,0,,0,
142391654681280512,<@142391654681280512>,Pleb,,no,unmanaged legacy,no-op,,,,,,,0,0,0.00,0,0,0.00,0.00,0,0,,0,,0,,0,,0,
1426129145846435911,<@1426129145846435911>,Pleb,,no,unmanaged legacy,no-op,,,,,,,0,0,0.00,0,0,0.00,0.00,0,0,,0,,0,,0,,0,
142699337951084544,<@142699337951084544>,Pleb,,no,unmanaged legacy,no-op,,,,,,,0,0,0.00,0,0,0.00,0.00,0,0,,0,,0,,0,,0,
1427200686197837913,<@1427200686197837913>,Pleb,,no,unmanaged legacy,no-op,,,,,,,0,0,0.00,0,0,0.00,0.00,0,0,,0,,0,,0,,0,
1428143894432059413,<@1428143894432059413>,Pleb,,no,unmanaged legacy,no-op,,,,,,,0,0,0.00,0,0,0.00,0.00,0,0,,0,,0,,0,,0,
1430532337522839622,<@1430532337522839622>,Pleb,,no,unmanaged legacy,no-op,,,,,,,0,0,0.00,0,0,0.00,0.00,0,0,,0,,0,,0,,0,
1432698314305835120,<@1432698314305835120>,Pleb,,no,unmanaged legacy,no-op,,,,,,,0,0,0.00,0,0,0.00,0.00,0,0,,0,,0,,0,,0,
143373368522047488,<@143373368522047488>,Pleb,,no,unmanaged legacy,no-op,,,,,,,0,0,0.00,0,0,0.00,0.00,0,0,,0,,0,,0,,0,
143502619774681089,<@143502619774681089>,Pleb,,no,unmanaged legacy,no-op,,,,,,,0,0,0.00,0,0,0.00,0.00,0,0,,0,,0,,0,,0,
1435052889642107052,<@1435052889642107052>,Pleb,,no,unmanaged legacy,no-op,,,,,,,0,0,0.00,0,0,0.00,0.00,0,0,,0,,0,,0,,0,
143530563104407553,<@143530563104407553>,Pleb,,no,unmanaged legacy,no-op,,,,,,,0,0,0.00,0,0,0.00,0.00,0,0,,0,,0,,0,,0,
1438994055064191141,<@1438994055064191141>,Pleb,,no,unmanaged legacy,no-op,,,,,,,0,0,0.00,0,0,0.00,0.00,0,0,,0,,0,,0,,0,
1441139975058886756,<@1441139975058886756>,Pleb,,no,unmanaged legacy,no-op,,,,,,,0,0,0.00,0,0,0.00,0.00,0,0,,0,,0,,0,,0,
144220967906967552,<@144220967906967552>,Pleb,,no,unmanaged legacy,no-op,,,,,,,0,0,0.00,0,0,0.00,0.00,0,0,,0,,0,,0,,0,
1447263129892294737,<@1447263129892294737>,Pleb,,no,unmanaged legacy,no-op,,,,,,,0,0,0.00,0,0,0.00,0.00,0,0,,0,,0,,0,,0,
144887626594254848,<@144887626594254848>,Pleb,,no,unmanaged legacy,no-op,,,,,,,0,0,0.00,0,0,0.00,0.00,0,0,,0,,0,,0,,0,
144981368294604811,<@144981368294604811>,Pleb,,no,unmanaged legacy,no-op,,,,,,,0,0,0.00,0,0,0.00,0.00,0,0,,0,,0,,0,,0,
145332473268535296,<@145332473268535296>,Pleb,,no,unmanaged legacy,no-op,,,,,,,0,0,0.00,0,0,0.00,0.00,0,0,,0,,0,,0,,0,
1455622353861214291,<@1455622353861214291>,Pleb,,no,unmanaged legacy,no-op,,,,,,,0,0,0.00,0,0,0.00,0.00,0,0,,0,,0,,0,,0,
1457727611244511276,<@1457727611244511276>,Pleb,,no,unmanaged legacy,no-op,,,,,,,0,0,0.00,0,0,0.00,0.00,0,0,,0,,0,,0,,0,
1457790905208541295,<@1457790905208541295>,Pleb,,no,unmanaged legacy,no-op,,,,,,,0,0,0.00,0,0,0.00,0.00,0,0,,0,,0,,0,,0,
146116042182098944,<@146116042182098944>,Pleb,,no,unmanaged legacy,no-op,,,,,,,0,0,0.00,0,0,0.00,0.00,0,0,,0,,0,,0,,0,
146162711846191104,<@146162711846191104>,Pleb,,no,unmanaged legacy,no-op,,,,,,,0,0,0.00,0,0,0.00,0.00,0,0,,0,,0,,0,,0,
146222256325001216,<@146222256325001216>,Pleb,,no,unmanaged legacy,no-op,,,,,,,0,0,0.00,0,0,0.00,0.00,0,0,,0,,0,,0,,0,
146246438823657472,<@146246438823657472>,Pleb,,no,unmanaged legacy,no-op,,,,,,,0,0,0.00,0,0,0.00,0.00,0,0,,0,,0,,0,,0,
1462997474087276830,<@1462997474087276830>,Pleb,,no,unmanaged legacy,no-op,,,,,,,0,0,0.00,0,0,0.00,0.00,0,0,,0,,0,,0,,0,
1463089072804204616,<@1463089072804204616>,Pleb,,no,unmanaged legacy,no-op,,,,,,,0,0,0.00,0,0,0.00,0.00,0,0,,0,,0,,0,,0,
1463469299149832295,<@1463469299149832295>,Pleb,,no,unmanaged legacy,no-op,,,,,,,0,0,0.00,0,0,0.00,0.00,0,0,,0,,0,,0,,0,
1466062947414708367,<@1466062947414708367>,Pleb,,no,unmanaged legacy,no-op,,,,,,,0,0,0.00,0,0,0.00,0.00,0,0,,0,,0,,0,,0,
1466612969160052817,<@1466612969160052817>,Pleb,,no,unmanaged legacy,no-op,,,,,,,0,0,0.00,0,0,0.00,0.00,0,0,,0,,0,,0,,0,
1468010354918297701,<@1468010354918297701>,Pleb,,no,unmanaged legacy,no-op,,,,,,,0,0,0.00,0,0,0.00,0.00,0,0,,0,,0,,0,,0,
1469570597733273767,<@1469570597733273767>,Pleb,,no,unmanaged legacy,no-op,,,,,,,0,0,0.00,0,0,0.00,0.00,0,0,,0,,0,,0,,0,
1470639887194783756,<@1470639887194783756>,Pleb,,no,unmanaged legacy,no-op,,,,,,,0,0,0.00,0,0,0.00,0.00,0,0,,0,,0,,0,,0,
1471149801587609651,<@1471149801587609651>,Pleb,,no,unmanaged legacy,no-op,,,,,,,0,0,0.00,0,0,0.00,0.00,0,0,,0,,0,,0,,0,
1474784004514513006,<@1474784004514513006>,Pleb,,no,unmanaged legacy,no-op,,,,,,,0,0,0.00,0,0,0.00,0.00,0,0,,0,,0,,0,,0,
1475361560305336350,<@1475361560305336350>,Pleb,,no,unmanaged legacy,no-op,,,,,,,0,0,0.00,0,0,0.00,0.00,0,0,,0,,0,,0,,0,
147583172123557888,<@147583172123557888>,Pleb,,no,unmanaged legacy,no-op,,,,,,,0,0,0.00,0,0,0.00,0.00,0,0,,0,,0,,0,,0,
1476227431240040479,<@1476227431240040479>,Pleb,,no,unmanaged legacy,no-op,,,,,,,0,0,0.00,0,0,0.00,0.00,0,0,,0,,0,,0,,0,
147663901788471297,<@147663901788471297>,Pleb,,no,unmanaged legacy,no-op,,,,,,,0,0,0.00,0,0,0.00,0.00,0,0,,0,,0,,0,,0,
1477416706010775663,<@1477416706010775663>,Pleb,,no,unmanaged legacy,no-op,,,,,,,0,0,0.00,0,0,0.00,0.00,0,0,,0,,0,,0,,0,
1477849064019202110,<@1477849064019202110>,Pleb,,no,unmanaged legacy,no-op,,,,,,,0,0,0.00,0,0,0.00,0.00,0,0,,0,,0,,0,,0,
1478391555453882623,<@1478391555453882623>,Pleb,,no,unmanaged legacy,no-op,,,,,,,0,0,0.00,0,0,0.00,0.00,0,0,,0,,0,,0,,0,
1479066502677135517,<@1479066502677135517>,Pleb,,no,unmanaged legacy,no-op,,,,,,,0,0,0.00,0,0,0.00,0.00,0,0,,0,,0,,0,,0,
1479205999804944394,<@1479205999804944394>,Pleb,,no,unmanaged legacy,no-op,,,,,,,0,0,0.00,0,0,0.00,0.00,0,0,,0,,0,,0,,0,
1479875504063516834,<@1479875504063516834>,Pleb,,no,unmanaged legacy,no-op,,,,,,,0,0,0.00,0,0,0.00,0.00,0,0,,0,,0,,0,,0,
148411754337140736,<@148411754337140736>,Pleb,,no,unmanaged legacy,no-op,,,,,,,0,0,0.00,0,0,0.00,0.00,0,0,,0,,0,,0,,0,
1485099933492187308,<@1485099933492187308>,Pleb,,no,unmanaged legacy,no-op,,,,,,,0,0,0.00,0,0,0.00,0.00,0,0,,0,,0,,0,,0,
148534662682247177,<@148534662682247177>,Pleb,,no,unmanaged legacy,no-op,,,,,,,0,0,0.00,0,0,0.00,0.00,0,0,,0,,0,,0,,0,
1485630913630044171,<@1485630913630044171>,Pleb,,no,unmanaged legacy,no-op,,,,,,,0,0,0.00,0,0,0.00,0.00,0,0,,0,,0,,0,,0,
1485966155528011867,<@1485966155528011867>,Pleb,,no,unmanaged legacy,no-op,,,,,,,0,0,0.00,0,0,0.00,0.00,0,0,,0,,0,,0,,0,
1486181454491942994,<@1486181454491942994>,Pleb,,no,unmanaged legacy,no-op,,,,,,,0,0,0.00,0,0,0.00,0.00,0,0,,0,,0,,0,,0,
148638089135259649,<@148638089135259649>,Pleb,,no,unmanaged legacy,no-op,,,,,,,0,0,0.00,0,0,0.00,0.00,0,0,,0,,0,,0,,0,
1487501786032902297,<@1487501786032902297>,Pleb,,no,unmanaged legacy,no-op,,,,,,,0,0,0.00,0,0,0.00,0.00,0,0,,0,,0,,0,,0,
1487807182136410262,<@1487807182136410262>,Pleb,,no,unmanaged legacy,no-op,,,,,,,0,0,0.00,0,0,0.00,0.00,0,0,,0,,0,,0,,0,
1488444501054980331,<@1488444501054980331>,Pleb,,no,unmanaged legacy,no-op,,,,,,,0,0,0.00,0,0,0.00,0.00,0,0,,0,,0,,0,,0,
1488906016564187178,<@1488906016564187178>,Pleb,,no,unmanaged legacy,no-op,,,,,,,0,0,0.00,0,0,0.00,0.00,0,0,,0,,0,,0,,0,
1488925542303404052,<@1488925542303404052>,Pleb,,no,unmanaged legacy,no-op,,,,,,,0,0,0.00,0,0,0.00,0.00,0,0,,0,,0,,0,,0,
1489074411750293535,<@1489074411750293535>,Pleb,,no,unmanaged legacy,no-op,,,,,,,0,0,0.00,0,0,0.00,0.00,0,0,,0,,0,,0,,0,
1490159187446075473,<@1490159187446075473>,Pleb,,no,unmanaged legacy,no-op,,,,,,,0,0,0.00,0,0,0.00,0.00,0,0,,0,,0,,0,,0,
1490319284310642811,<@1490319284310642811>,Pleb,,no,unmanaged legacy,no-op,,,,,,,0,0,0.00,0,0,0.00,0.00,0,0,,0,,0,,0,,0,
1492547638007042299,<@1492547638007042299>,Pleb,,no,unmanaged legacy,no-op,,,,,,,0,0,0.00,0,0,0.00,0.00,0,0,,0,,0,,0,,0,
149294959474769920,<@149294959474769920>,Pleb,,no,unmanaged legacy,no-op,,,,,,,0,0,0.00,0,0,0.00,0.00,0,0,,0,,0,,0,,0,
149595649157890050,<@149595649157890050>,Pleb,,no,unmanaged legacy,no-op,,,,,,,0,0,0.00,0,0,0.00,0.00,0,0,,0,,0,,0,,0,
149623093134884864,<@149623093134884864>,Pleb,,no,unmanaged legacy,no-op,,,,,,,0,0,0.00,0,0,0.00,0.00,0,0,,0,,0,,0,,0,
149643857699667968,<@149643857699667968>,Pleb,,no,unmanaged legacy,no-op,,,,,,,0,0,0.00,0,0,0.00,0.00,0,0,,0,,0,,0,,0,
1497463031628824576,<@1497463031628824576>,Pleb,,no,unmanaged legacy,no-op,,,,,,,0,0,0.00,0,0,0.00,0.00,0,0,,0,,0,,0,,0,
1498571600163766363,<@1498571600163766363>,Pleb,,no,unmanaged legacy,no-op,,,,,,,0,0,0.00,0,0,0.00,0.00,0,0,,0,,0,,0,,0,
1499000338143903835,<@1499000338143903835>,Pleb,,no,unmanaged legacy,no-op,,,,,,,0,0,0.00,0,0,0.00,0.00,0,0,,0,,0,,0,,0,
1499101094993727670,<@1499101094993727670>,Pleb,,no,unmanaged legacy,no-op,,,,,,,0,0,0.00,0,0,0.00,0.00,0,0,,0,,0,,0,,0,
1500462805030011020,<@1500462805030011020>,Pleb,,no,unmanaged legacy,no-op,,,,,,,0,0,0.00,0,0,0.00,0.00,0,0,,0,,0,,0,,0,
1501181026821738530,<@1501181026821738530>,Pleb,,no,unmanaged legacy,no-op,,,,,,,0,0,0.00,0,0,0.00,0.00,0,0,,0,,0,,0,,0,
152213682183602176,<@152213682183602176>,Pleb,,no,unmanaged legacy,no-op,,,,,,,0,0,0.00,0,0,0.00,0.00,0,0,,0,,0,,0,,0,
152775519916654592,<@152775519916654592>,Pleb,,no,unmanaged legacy,no-op,,,,,,,0,0,0.00,0,0,0.00,0.00,0,0,,0,,0,,0,,0,
152889912251645952,<@152889912251645952>,Pleb,,no,unmanaged legacy,no-op,,,,,,,0,0,0.00,0,0,0.00,0.00,0,0,,0,,0,,0,,0,
152901080894668800,<@152901080894668800>,Pleb,,no,unmanaged legacy,no-op,,,,,,,0,0,0.00,0,0,0.00,0.00,0,0,,0,,0,,0,,0,
154624942032420865,<@154624942032420865>,Pleb,,no,unmanaged legacy,no-op,,,,,,,0,0,0.00,0,0,0.00,0.00,0,0,,0,,0,,0,,0,
154740874385948672,<@154740874385948672>,Pleb,,no,unmanaged legacy,no-op,,,,,,,0,0,0.00,0,0,0.00,0.00,0,0,,0,,0,,0,,0,
154780741887066114,<@154780741887066114>,Pleb,,no,unmanaged legacy,no-op,,,,,,,0,0,0.00,0,0,0.00,0.00,0,0,,0,,0,,0,,0,
155853173892841472,<@155853173892841472>,Pleb,,no,unmanaged legacy,no-op,,,,,,,0,0,0.00,0,0,0.00,0.00,0,0,,0,,0,,0,,0,
157259128937381897,<@157259128937381897>,Pleb,,no,unmanaged legacy,no-op,,,,,,,0,0,0.00,0,0,0.00,0.00,0,0,,0,,0,,0,,0,
158444103036698624,<@158444103036698624>,Pleb,,no,unmanaged legacy,no-op,,,,,,,0,0,0.00,0,0,0.00,0.00,0,0,,0,,0,,0,,0,
158446226465882112,<@158446226465882112>,Pleb,,no,unmanaged legacy,no-op,,,,,,,0,0,0.00,0,0,0.00,0.00,0,0,,0,,0,,0,,0,
158524974368292864,<@158524974368292864>,Pleb,,no,unmanaged legacy,no-op,,,,,,,0,0,0.00,0,0,0.00,0.00,0,0,,0,,0,,0,,0,
159034739796213760,<@159034739796213760>,Pleb,,no,unmanaged legacy,no-op,,,,,,,0,0,0.00,0,0,0.00,0.00,0,0,,0,,0,,0,,0,
160072090001735680,<@160072090001735680>,Pleb,,no,unmanaged legacy,no-op,,,,,,,0,0,0.00,0,0,0.00,0.00,0,0,,0,,0,,0,,0,
160995503692054528,<@160995503692054528>,Pleb,,no,unmanaged legacy,no-op,,,,,,,0,0,0.00,0,0,0.00,0.00,0,0,,0,,0,,0,,0,
161126347408670721,<@161126347408670721>,Pleb,,no,unmanaged legacy,no-op,,,,,,,0,0,0.00,0,0,0.00,0.00,0,0,,0,,0,,0,,0,
161566832652713984,<@161566832652713984>,Pleb,,no,unmanaged legacy,no-op,,,,,,,0,0,0.00,0,0,0.00,0.00,0,0,,0,,0,,0,,0,
161951163367948288,<@161951163367948288>,Pleb,,no,unmanaged legacy,no-op,,,,,,,0,0,0.00,0,0,0.00,0.00,0,0,,0,,0,,0,,0,
162020715288068097,<@162020715288068097>,Pleb,,no,unmanaged legacy,no-op,,,,,,,0,0,0.00,0,0,0.00,0.00,0,0,,0,,0,,0,,0,
162360240539566091,<@162360240539566091>,Pleb,,no,unmanaged legacy,no-op,,,,,,,0,0,0.00,0,0,0.00,0.00,0,0,,0,,0,,0,,0,
162731947230101504,<@162731947230101504>,Pleb,,no,unmanaged legacy,no-op,,,,,,,0,0,0.00,0,0,0.00,0.00,0,0,,0,,0,,0,,0,
163302927518138368,<@163302927518138368>,Pleb,,no,unmanaged legacy,no-op,,,,,,,0,0,0.00,0,0,0.00,0.00,0,0,,0,,0,,0,,0,
163601370811727883,<@163601370811727883>,Pleb,,no,unmanaged legacy,no-op,,,,,,,0,0,0.00,0,0,0.00,0.00,0,0,,0,,0,,0,,0,
163853498956382208,<@163853498956382208>,Pleb,,no,unmanaged legacy,no-op,,,,,,,0,0,0.00,0,0,0.00,0.00,0,0,,0,,0,,0,,0,
163915143112032256,<@163915143112032256>,Pleb,,no,unmanaged legacy,no-op,,,,,,,0,0,0.00,0,0,0.00,0.00,0,0,,0,,0,,0,,0,
164296867344023552,<@164296867344023552>,Pleb,,no,unmanaged legacy,no-op,,,,,,,0,0,0.00,0,0,0.00,0.00,0,0,,0,,0,,0,,0,
164743391735840768,<@164743391735840768>,Pleb,,no,unmanaged legacy,no-op,,,,,,,0,0,0.00,0,0,0.00,0.00,0,0,,0,,0,,0,,0,
165165727576358913,<@165165727576358913>,Pleb,,no,unmanaged legacy,no-op,,,,,,,0,0,0.00,0,0,0.00,0.00,0,0,,0,,0,,0,,0,
165476870819807232,<@165476870819807232>,Legion,,no,unmanaged legacy,no-op,,,,,,,0,0,0.00,0,0,0.00,0.00,0,0,,0,,0,,0,,0,
165541626972733441,<@165541626972733441>,Pleb,,no,unmanaged legacy,no-op,,,,,,,0,0,0.00,0,0,0.00,0.00,0,0,,0,,0,,0,,0,
166455200180207617,<@166455200180207617>,Pleb,,no,unmanaged legacy,no-op,,,,,,,0,0,0.00,0,0,0.00,0.00,0,0,,0,,0,,0,,0,
168193448334065665,<@168193448334065665>,Pleb,,no,unmanaged legacy,no-op,,,,,,,0,0,0.00,0,0,0.00,0.00,0,0,,0,,0,,0,,0,
168244080176922624,<@168244080176922624>,Pleb,,no,unmanaged legacy,no-op,,,,,,,0,0,0.00,0,0,0.00,0.00,0,0,,0,,0,,0,,0,
168845769569337344,<@168845769569337344>,Pleb,,no,unmanaged legacy,no-op,,,,,,,0,0,0.00,0,0,0.00,0.00,0,0,,0,,0,,0,,0,
169571041188904961,<@169571041188904961>,Pleb,,no,unmanaged legacy,no-op,,,,,,,0,0,0.00,0,0,0.00,0.00,0,0,,0,,0,,0,,0,
170139911536640000,<@170139911536640000>,Pleb,,no,unmanaged legacy,no-op,,,,,,,0,0,0.00,0,0,0.00,0.00,0,0,,0,,0,,0,,0,
171145048153391104,<@171145048153391104>,Pleb,,no,unmanaged legacy,no-op,,,,,,,0,0,0.00,0,0,0.00,0.00,0,0,,0,,0,,0,,0,
171587104718061568,<@171587104718061568>,Pleb,,no,unmanaged legacy,no-op,,,,,,,0,0,0.00,0,0,0.00,0.00,0,0,,0,,0,,0,,0,
171662632183398401,<@171662632183398401>,Pleb,,no,unmanaged legacy,no-op,,,,,,,0,0,0.00,0,0,0.00,0.00,0,0,,0,,0,,0,,0,
171698735993192448,<@171698735993192448>,Pleb,,no,unmanaged legacy,no-op,,,,,,,0,0,0.00,0,0,0.00,0.00,0,0,,0,,0,,0,,0,
171762287110127616,<@171762287110127616>,Pleb,,no,unmanaged legacy,no-op,,,,,,,0,0,0.00,0,0,0.00,0.00,0,0,,0,,0,,0,,0,
172658774572662784,<@172658774572662784>,Pleb,,no,unmanaged legacy,no-op,,,,,,,0,0,0.00,0,0,0.00,0.00,0,0,,0,,0,,0,,0,
172867852154437632,<@172867852154437632>,Pleb,,no,unmanaged legacy,no-op,,,,,,,0,0,0.00,0,0,0.00,0.00,0,0,,0,,0,,0,,0,
173758222035976192,<@173758222035976192>,Pleb,,no,unmanaged legacy,no-op,,,,,,,0,0,0.00,0,0,0.00,0.00,0,0,,0,,0,,0,,0,
173786270940659712,<@173786270940659712>,Pleb,,no,unmanaged legacy,no-op,,,,,,,0,0,0.00,0,0,0.00,0.00,0,0,,0,,0,,0,,0,
174510658946203648,<@174510658946203648>,Pleb,,no,unmanaged legacy,no-op,,,,,,,0,0,0.00,0,0,0.00,0.00,0,0,,0,,0,,0,,0,
174861126012502016,<@174861126012502016>,Pleb,,no,unmanaged legacy,no-op,,,,,,,0,0,0.00,0,0,0.00,0.00,0,0,,0,,0,,0,,0,
175661743471722496,<@175661743471722496>,Pleb,,no,unmanaged legacy,no-op,,,,,,,0,0,0.00,0,0,0.00,0.00,0,0,,0,,0,,0,,0,
176352229861621760,<@176352229861621760>,Pleb,,no,unmanaged legacy,no-op,,,,,,,0,0,0.00,0,0,0.00,0.00,0,0,,0,,0,,0,,0,
178210762953588743,<@178210762953588743>,Pleb,,no,unmanaged legacy,no-op,,,,,,,0,0,0.00,0,0,0.00,0.00,0,0,,0,,0,,0,,0,
178233079079501824,<@178233079079501824>,Pleb,,no,unmanaged legacy,no-op,,,,,,,0,0,0.00,0,0,0.00,0.00,0,0,,0,,0,,0,,0,
178466459033403392,<@178466459033403392>,Pleb,,no,unmanaged legacy,no-op,,,,,,,0,0,0.00,0,0,0.00,0.00,0,0,,0,,0,,0,,0,
179907116700532737,<@179907116700532737>,Pleb,,no,unmanaged legacy,no-op,,,,,,,0,0,0.00,0,0,0.00,0.00,0,0,,0,,0,,0,,0,
180035144411774976,<@180035144411774976>,Pleb,,no,unmanaged legacy,no-op,,,,,,,0,0,0.00,0,0,0.00,0.00,0,0,,0,,0,,0,,0,
180491333050433536,<@180491333050433536>,Legion,,no,unmanaged legacy,no-op,,,,,,,0,0,0.00,0,0,0.00,0.00,0,0,,0,,0,,0,,0,
180798288780328961,<@180798288780328961>,Pleb,,no,unmanaged legacy,no-op,,,,,,,0,0,0.00,0,0,0.00,0.00,0,0,,0,,0,,0,,0,
181116720008658944,<@181116720008658944>,Pleb,,no,unmanaged legacy,no-op,,,,,,,0,0,0.00,0,0,0.00,0.00,0,0,,0,,0,,0,,0,
181385569027227649,<@181385569027227649>,Pleb,,no,unmanaged legacy,no-op,,,,,,,0,0,0.00,0,0,0.00,0.00,0,0,,0,,0,,0,,0,
181538897036181504,<@181538897036181504>,Pleb,,no,unmanaged legacy,no-op,,,,,,,0,0,0.00,0,0,0.00,0.00,0,0,,0,,0,,0,,0,
181836253115711488,<@181836253115711488>,Pleb,,no,unmanaged legacy,no-op,,,,,,,0,0,0.00,0,0,0.00,0.00,0,0,,0,,0,,0,,0,
182128834693431296,<@182128834693431296>,Pleb,,no,unmanaged legacy,no-op,,,,,,,0,0,0.00,0,0,0.00,0.00,0,0,,0,,0,,0,,0,
182928790094086145,<@182928790094086145>,Pleb,,no,unmanaged legacy,no-op,,,,,,,0,0,0.00,0,0,0.00,0.00,0,0,,0,,0,,0,,0,
182953628779151360,<@182953628779151360>,Pleb,,no,unmanaged legacy,no-op,,,,,,,0,0,0.00,0,0,0.00,0.00,0,0,,0,,0,,0,,0,
183193351984644096,<@183193351984644096>,Pleb,,no,unmanaged legacy,no-op,,,,,,,0,0,0.00,0,0,0.00,0.00,0,0,,0,,0,,0,,0,
183236575545655296,<@183236575545655296>,Pleb,,no,unmanaged legacy,no-op,,,,,,,0,0,0.00,0,0,0.00,0.00,0,0,,0,,0,,0,,0,
183282110902173698,<@183282110902173698>,Pleb,,no,unmanaged legacy,no-op,,,,,,,0,0,0.00,0,0,0.00,0.00,0,0,,0,,0,,0,,0,
183303996335718410,<@183303996335718410>,Pleb,,no,unmanaged legacy,no-op,,,,,,,0,0,0.00,0,0,0.00,0.00,0,0,,0,,0,,0,,0,
183314413695008769,<@183314413695008769>,Pleb,,no,unmanaged legacy,no-op,,,,,,,0,0,0.00,0,0,0.00,0.00,0,0,,0,,0,,0,,0,
183567701568913418,<@183567701568913418>,Pleb,,no,unmanaged legacy,no-op,,,,,,,0,0,0.00,0,0,0.00,0.00,0,0,,0,,0,,0,,0,
184292702316134400,<@184292702316134400>,Pleb,,no,unmanaged legacy,no-op,,,,,,,0,0,0.00,0,0,0.00,0.00,0,0,,0,,0,,0,,0,
184397616354820096,<@184397616354820096>,Pleb,,no,unmanaged legacy,no-op,,,,,,,0,0,0.00,0,0,0.00,0.00,0,0,,0,,0,,0,,0,
184741459734429696,<@184741459734429696>,Pleb,,no,unmanaged legacy,no-op,,,,,,,0,0,0.00,0,0,0.00,0.00,0,0,,0,,0,,0,,0,
186324419604512768,<@186324419604512768>,Pleb,,no,unmanaged legacy,no-op,,,,,,,0,0,0.00,0,0,0.00,0.00,0,0,,0,,0,,0,,0,
186478741382365184,<@186478741382365184>,Pleb,,no,unmanaged legacy,no-op,,,,,,,0,0,0.00,0,0,0.00,0.00,0,0,,0,,0,,0,,0,
186877199389949952,<@186877199389949952>,Pleb,,no,unmanaged legacy,no-op,,,,,,,0,0,0.00,0,0,0.00,0.00,0,0,,0,,0,,0,,0,
187821105791107073,<@187821105791107073>,Pleb,,no,unmanaged legacy,no-op,,,,,,,0,0,0.00,0,0,0.00,0.00,0,0,,0,,0,,0,,0,
189714536595587072,<@189714536595587072>,Pleb,,no,unmanaged legacy,no-op,,,,,,,0,0,0.00,0,0,0.00,0.00,0,0,,0,,0,,0,,0,
190567608926339072,<@190567608926339072>,Pleb,,no,unmanaged legacy,no-op,,,,,,,0,0,0.00,0,0,0.00,0.00,0,0,,0,,0,,0,,0,
191293655871389696,<@191293655871389696>,Pleb,,no,unmanaged legacy,no-op,,,,,,,0,0,0.00,0,0,0.00,0.00,0,0,,0,,0,,0,,0,
192460210432901120,<@192460210432901120>,Pleb,,no,unmanaged legacy,no-op,,,,,,,0,0,0.00,0,0,0.00,0.00,0,0,,0,,0,,0,,0,
193005732445159424,<@193005732445159424>,Pleb,,no,unmanaged legacy,no-op,,,,,,,0,0,0.00,0,0,0.00,0.00,0,0,,0,,0,,0,,0,
193547795179896832,<@193547795179896832>,Pleb,,no,unmanaged legacy,no-op,,,,,,,0,0,0.00,0,0,0.00,0.00,0,0,,0,,0,,0,,0,
193676337976705024,<@193676337976705024>,Pleb,,no,unmanaged legacy,no-op,,,,,,,0,0,0.00,0,0,0.00,0.00,0,0,,0,,0,,0,,0,
194182047240028160,<@194182047240028160>,Pleb,,no,unmanaged legacy,no-op,,,,,,,0,0,0.00,0,0,0.00,0.00,0,0,,0,,0,,0,,0,
194364006000099328,<@194364006000099328>,Pleb,,no,unmanaged legacy,no-op,,,,,,,0,0,0.00,0,0,0.00,0.00,0,0,,0,,0,,0,,0,
194492492115214336,<@194492492115214336>,Pleb,,no,unmanaged legacy,no-op,,,,,,,0,0,0.00,0,0,0.00,0.00,0,0,,0,,0,,0,,0,
195363401986211840,<@195363401986211840>,Pleb,,no,unmanaged legacy,no-op,,,,,,,0,0,0.00,0,0,0.00,0.00,0,0,,0,,0,,0,,0,
195646209866727425,<@195646209866727425>,Pleb,,no,unmanaged legacy,no-op,,,,,,,0,0,0.00,0,0,0.00,0.00,0,0,,0,,0,,0,,0,
196268461578649600,<@196268461578649600>,Pleb,,no,unmanaged legacy,no-op,,,,,,,0,0,0.00,0,0,0.00,0.00,0,0,,0,,0,,0,,0,
197292032316669953,<@197292032316669953>,Pleb,,no,unmanaged legacy,no-op,,,,,,,0,0,0.00,0,0,0.00,0.00,0,0,,0,,0,,0,,0,
197491764247003136,<@197491764247003136>,Pleb,,no,unmanaged legacy,no-op,,,,,,,0,0,0.00,0,0,0.00,0.00,0,0,,0,,0,,0,,0,
197499863628251136,<@197499863628251136>,Pleb,,no,unmanaged legacy,no-op,,,,,,,0,0,0.00,0,0,0.00,0.00,0,0,,0,,0,,0,,0,
198687689963208704,<@198687689963208704>,Pleb,,no,unmanaged legacy,no-op,,,,,,,0,0,0.00,0,0,0.00,0.00,0,0,,0,,0,,0,,0,
200867818697129984,<@200867818697129984>,Pleb,,no,unmanaged legacy,no-op,,,,,,,0,0,0.00,0,0,0.00,0.00,0,0,,0,,0,,0,,0,
201185898254041088,<@201185898254041088>,Pleb,,no,unmanaged legacy,no-op,,,,,,,0,0,0.00,0,0,0.00,0.00,0,0,,0,,0,,0,,0,
202445698443116545,<@202445698443116545>,Pleb,,no,unmanaged legacy,no-op,,,,,,,0,0,0.00,0,0,0.00,0.00,0,0,,0,,0,,0,,0,
202742094563901441,<@202742094563901441>,Pleb,,no,unmanaged legacy,no-op,,,,,,,0,0,0.00,0,0,0.00,0.00,0,0,,0,,0,,0,,0,
202761157201756160,<@202761157201756160>,Pleb,,no,unmanaged legacy,no-op,,,,,,,0,0,0.00,0,0,0.00,0.00,0,0,,0,,0,,0,,0,
203528339623772160,<@203528339623772160>,Pleb,,no,unmanaged legacy,no-op,,,,,,,0,0,0.00,0,0,0.00,0.00,0,0,,0,,0,,0,,0,
203529102454423552,<@203529102454423552>,Pleb,,no,unmanaged legacy,no-op,,,,,,,0,0,0.00,0,0,0.00,0.00,0,0,,0,,0,,0,,0,
203581491161071627,<@203581491161071627>,Pleb,,no,unmanaged legacy,no-op,,,,,,,0,0,0.00,0,0,0.00,0.00,0,0,,0,,0,,0,,0,
203945053624860672,<@203945053624860672>,Pleb,,no,unmanaged legacy,no-op,,,,,,,0,0,0.00,0,0,0.00,0.00,0,0,,0,,0,,0,,0,
204075764809859073,<@204075764809859073>,Pleb,,no,unmanaged legacy,no-op,,,,,,,0,0,0.00,0,0,0.00,0.00,0,0,,0,,0,,0,,0,
204222600849653760,<@204222600849653760>,Pleb,,no,unmanaged legacy,no-op,,,,,,,0,0,0.00,0,0,0.00,0.00,0,0,,0,,0,,0,,0,
204522339801497600,<@204522339801497600>,Pleb,,no,unmanaged legacy,no-op,,,,,,,0,0,0.00,0,0,0.00,0.00,0,0,,0,,0,,0,,0,
205358830715011072,<@205358830715011072>,Pleb,,no,unmanaged legacy,no-op,,,,,,,0,0,0.00,0,0,0.00,0.00,0,0,,0,,0,,0,,0,
205587047128236032,<@205587047128236032>,Pleb,,no,unmanaged legacy,no-op,,,,,,,0,0,0.00,0,0,0.00,0.00,0,0,,0,,0,,0,,0,
205696172692733953,<@205696172692733953>,Pleb,,no,unmanaged legacy,no-op,,,,,,,0,0,0.00,0,0,0.00,0.00,0,0,,0,,0,,0,,0,
206123929813778432,<@206123929813778432>,Pleb,,no,unmanaged legacy,no-op,,,,,,,0,0,0.00,0,0,0.00,0.00,0,0,,0,,0,,0,,0,
206317598940463105,<@206317598940463105>,Pleb,,no,unmanaged legacy,no-op,,,,,,,0,0,0.00,0,0,0.00,0.00,0,0,,0,,0,,0,,0,
206705030957367297,<@206705030957367297>,Pleb,,no,unmanaged legacy,no-op,,,,,,,0,0,0.00,0,0,0.00,0.00,0,0,,0,,0,,0,,0,
207794007156326402,<@207794007156326402>,Pleb,,no,unmanaged legacy,no-op,,,,,,,0,0,0.00,0,0,0.00,0.00,0,0,,0,,0,,0,,0,
207932355254550528,<@207932355254550528>,Pleb,,no,unmanaged legacy,no-op,,,,,,,0,0,0.00,0,0,0.00,0.00,0,0,,0,,0,,0,,0,
208663395828891649,<@208663395828891649>,Pleb,,no,unmanaged legacy,no-op,,,,,,,0,0,0.00,0,0,0.00,0.00,0,0,,0,,0,,0,,0,
208965437608689664,<@208965437608689664>,Pleb,,no,unmanaged legacy,no-op,,,,,,,0,0,0.00,0,0,0.00,0.00,0,0,,0,,0,,0,,0,
209205670094962688,<@209205670094962688>,Pleb,,no,unmanaged legacy,no-op,,,,,,,0,0,0.00,0,0,0.00,0.00,0,0,,0,,0,,0,,0,
209825988484268033,<@209825988484268033>,Pleb,,no,unmanaged legacy,no-op,,,,,,,0,0,0.00,0,0,0.00,0.00,0,0,,0,,0,,0,,0,
210169331365969920,<@210169331365969920>,Pleb,,no,unmanaged legacy,no-op,,,,,,,0,0,0.00,0,0,0.00,0.00,0,0,,0,,0,,0,,0,
210223448906006529,<@210223448906006529>,Pleb,,no,unmanaged legacy,no-op,,,,,,,0,0,0.00,0,0,0.00,0.00,0,0,,0,,0,,0,,0,
210347569761484800,<@210347569761484800>,Pleb,,no,unmanaged legacy,no-op,,,,,,,0,0,0.00,0,0,0.00,0.00,0,0,,0,,0,,0,,0,
210503690635837441,<@210503690635837441>,Pleb,,no,unmanaged legacy,no-op,,,,,,,0,0,0.00,0,0,0.00,0.00,0,0,,0,,0,,0,,0,
210516460001427467,<@210516460001427467>,Pleb,,no,unmanaged legacy,no-op,,,,,,,0,0,0.00,0,0,0.00,0.00,0,0,,0,,0,,0,,0,
210874318211645442,<@210874318211645442>,Pleb,,no,unmanaged legacy,no-op,,,,,,,0,0,0.00,0,0,0.00,0.00,0,0,,0,,0,,0,,0,
211168867806871553,<@211168867806871553>,Pleb,,no,unmanaged legacy,no-op,,,,,,,0,0,0.00,0,0,0.00,0.00,0,0,,0,,0,,0,,0,
212043543106027520,<@212043543106027520>,Pleb,,no,unmanaged legacy,no-op,,,,,,,0,0,0.00,0,0,0.00,0.00,0,0,,0,,0,,0,,0,
212162997345452032,<@212162997345452032>,Pleb,,no,unmanaged legacy,no-op,,,,,,,0,0,0.00,0,0,0.00,0.00,0,0,,0,,0,,0,,0,
212529068506087434,<@212529068506087434>,Pleb,,no,unmanaged legacy,no-op,,,,,,,0,0,0.00,0,0,0.00,0.00,0,0,,0,,0,,0,,0,
212628979998261248,<@212628979998261248>,Pleb,,no,unmanaged legacy,no-op,,,,,,,0,0,0.00,0,0,0.00,0.00,0,0,,0,,0,,0,,0,
212650466146779137,<@212650466146779137>,Pleb,,no,unmanaged legacy,no-op,,,,,,,0,0,0.00,0,0,0.00,0.00,0,0,,0,,0,,0,,0,
212970298272645121,<@212970298272645121>,Pleb,,no,unmanaged legacy,no-op,,,,,,,0,0,0.00,0,0,0.00,0.00,0,0,,0,,0,,0,,0,
213542509396099072,<@213542509396099072>,Pleb,,no,unmanaged legacy,no-op,,,,,,,0,0,0.00,0,0,0.00,0.00,0,0,,0,,0,,0,,0,
213546703943499777,<@213546703943499777>,Pleb,,no,unmanaged legacy,no-op,,,,,,,0,0,0.00,0,0,0.00,0.00,0,0,,0,,0,,0,,0,
213598530755887104,<@213598530755887104>,Pleb,,no,unmanaged legacy,no-op,,,,,,,0,0,0.00,0,0,0.00,0.00,0,0,,0,,0,,0,,0,
213621023860326400,<@213621023860326400>,Pleb,,no,unmanaged legacy,no-op,,,,,,,0,0,0.00,0,0,0.00,0.00,0,0,,0,,0,,0,,0,
213707454830084096,<@213707454830084096>,Pleb,,no,unmanaged legacy,no-op,,,,,,,0,0,0.00,0,0,0.00,0.00,0,0,,0,,0,,0,,0,
213989603412148226,<@213989603412148226>,Pleb,,no,unmanaged legacy,no-op,,,,,,,0,0,0.00,0,0,0.00,0.00,0,0,,0,,0,,0,,0,
214206709235843072,<@214206709235843072>,Pleb,,no,unmanaged legacy,no-op,,,,,,,0,0,0.00,0,0,0.00,0.00,0,0,,0,,0,,0,,0,
214401368172134400,<@214401368172134400>,Pleb,,no,unmanaged legacy,no-op,,,,,,,0,0,0.00,0,0,0.00,0.00,0,0,,0,,0,,0,,0,
215101316400152578,<@215101316400152578>,Pleb,,no,unmanaged legacy,no-op,,,,,,,0,0,0.00,0,0,0.00,0.00,0,0,,0,,0,,0,,0,
215369787835023360,<@215369787835023360>,Pleb,,no,unmanaged legacy,no-op,,,,,,,0,0,0.00,0,0,0.00,0.00,0,0,,0,,0,,0,,0,
215661172882538498,<@215661172882538498>,Pleb,,no,unmanaged legacy,no-op,,,,,,,0,0,0.00,0,0,0.00,0.00,0,0,,0,,0,,0,,0,
216693756479406080,<@216693756479406080>,Pleb,,no,unmanaged legacy,no-op,,,,,,,0,0,0.00,0,0,0.00,0.00,0,0,,0,,0,,0,,0,
216947920191094784,<@216947920191094784>,Pleb,,no,unmanaged legacy,no-op,,,,,,,0,0,0.00,0,0,0.00,0.00,0,0,,0,,0,,0,,0,
217062783357943810,<@217062783357943810>,Pleb,,no,unmanaged legacy,no-op,,,,,,,0,0,0.00,0,0,0.00,0.00,0,0,,0,,0,,0,,0,
217720109664436224,<@217720109664436224>,Pleb,,no,unmanaged legacy,no-op,,,,,,,0,0,0.00,0,0,0.00,0.00,0,0,,0,,0,,0,,0,
217740751453290496,<@217740751453290496>,Pleb,,no,unmanaged legacy,no-op,,,,,,,0,0,0.00,0,0,0.00,0.00,0,0,,0,,0,,0,,0,
217758912462454785,<@217758912462454785>,Pleb,,no,unmanaged legacy,no-op,,,,,,,0,0,0.00,0,0,0.00,0.00,0,0,,0,,0,,0,,0,
217993565492609025,<@217993565492609025>,Pleb,,no,unmanaged legacy,no-op,,,,,,,0,0,0.00,0,0,0.00,0.00,0,0,,0,,0,,0,,0,
218099290025754625,<@218099290025754625>,Pleb,,no,unmanaged legacy,no-op,,,,,,,0,0,0.00,0,0,0.00,0.00,0,0,,0,,0,,0,,0,
218381319506231297,<@218381319506231297>,Pleb,,no,unmanaged legacy,no-op,,,,,,,0,0,0.00,0,0,0.00,0.00,0,0,,0,,0,,0,,0,
218683639679025152,<@218683639679025152>,Pleb,,no,unmanaged legacy,no-op,,,,,,,0,0,0.00,0,0,0.00,0.00,0,0,,0,,0,,0,,0,
218794904069865472,<@218794904069865472>,Pleb,,no,unmanaged legacy,no-op,,,,,,,0,0,0.00,0,0,0.00,0.00,0,0,,0,,0,,0,,0,
219167419829190656,<@219167419829190656>,Pleb,,no,unmanaged legacy,no-op,,,,,,,0,0,0.00,0,0,0.00,0.00,0,0,,0,,0,,0,,0,
219973017353191424,<@219973017353191424>,Pleb,,no,unmanaged legacy,no-op,,,,,,,0,0,0.00,0,0,0.00,0.00,0,0,,0,,0,,0,,0,
219983656893153280,<@219983656893153280>,Pleb,,no,unmanaged legacy,no-op,,,,,,,0,0,0.00,0,0,0.00,0.00,0,0,,0,,0,,0,,0,
220347469802766336,<@220347469802766336>,Pleb,,no,unmanaged legacy,no-op,,,,,,,0,0,0.00,0,0,0.00,0.00,0,0,,0,,0,,0,,0,
220622830876884993,<@220622830876884993>,Pleb,,no,unmanaged legacy,no-op,,,,,,,0,0,0.00,0,0,0.00,0.00,0,0,,0,,0,,0,,0,
220891221470609408,<@220891221470609408>,Pleb,,no,unmanaged legacy,no-op,,,,,,,0,0,0.00,0,0,0.00,0.00,0,0,,0,,0,,0,,0,
220931296141115392,<@220931296141115392>,Pleb,,no,unmanaged legacy,no-op,,,,,,,0,0,0.00,0,0,0.00,0.00,0,0,,0,,0,,0,,0,
221075054706950154,<@221075054706950154>,Pleb,,no,unmanaged legacy,no-op,,,,,,,0,0,0.00,0,0,0.00,0.00,0,0,,0,,0,,0,,0,
221204852498235393,<@221204852498235393>,Pleb,,no,unmanaged legacy,no-op,,,,,,,0,0,0.00,0,0,0.00,0.00,0,0,,0,,0,,0,,0,
222022696169504768,<@222022696169504768>,Pleb,,no,unmanaged legacy,no-op,,,,,,,0,0,0.00,0,0,0.00,0.00,0,0,,0,,0,,0,,0,
222060465977688064,<@222060465977688064>,Pleb,,no,unmanaged legacy,no-op,,,,,,,0,0,0.00,0,0,0.00,0.00,0,0,,0,,0,,0,,0,
223057873343610880,<@223057873343610880>,Pleb,,no,unmanaged legacy,no-op,,,,,,,0,0,0.00,0,0,0.00,0.00,0,0,,0,,0,,0,,0,
223967188770488320,<@223967188770488320>,Pleb,,no,unmanaged legacy,no-op,,,,,,,0,0,0.00,0,0,0.00,0.00,0,0,,0,,0,,0,,0,
224209948832169984,<@224209948832169984>,Pleb,,no,unmanaged legacy,no-op,,,,,,,0,0,0.00,0,0,0.00,0.00,0,0,,0,,0,,0,,0,
224213602674933760,<@224213602674933760>,Pleb,,no,unmanaged legacy,no-op,,,,,,,0,0,0.00,0,0,0.00,0.00,0,0,,0,,0,,0,,0,
224310830420721664,<@224310830420721664>,Gladiator,,no,unmanaged legacy,no-op,,,,,,,0,0,0.00,0,0,0.00,0.00,0,0,,0,,0,,0,,0,
224362637444513793,<@224362637444513793>,Pleb,,no,unmanaged legacy,no-op,,,,,,,0,0,0.00,0,0,0.00,0.00,0,0,,0,,0,,0,,0,
225372440966987786,<@225372440966987786>,Pleb,,no,unmanaged legacy,no-op,,,,,,,0,0,0.00,0,0,0.00,0.00,0,0,,0,,0,,0,,0,
226789598934728704,<@226789598934728704>,Pleb,,no,unmanaged legacy,no-op,,,,,,,0,0,0.00,0,0,0.00,0.00,0,0,,0,,0,,0,,0,
227426245430738944,<@227426245430738944>,Pleb,,no,unmanaged legacy,no-op,,,,,,,0,0,0.00,0,0,0.00,0.00,0,0,,0,,0,,0,,0,
228190740788936704,<@228190740788936704>,Pleb,,no,unmanaged legacy,no-op,,,,,,,0,0,0.00,0,0,0.00,0.00,0,0,,0,,0,,0,,0,
229246865114267649,<@229246865114267649>,Pleb,,no,unmanaged legacy,no-op,,,,,,,0,0,0.00,0,0,0.00,0.00,0,0,,0,,0,,0,,0,
229691587251142656,<@229691587251142656>,Pleb,,no,unmanaged legacy,no-op,,,,,,,0,0,0.00,0,0,0.00,0.00,0,0,,0,,0,,0,,0,
230311639801397248,<@230311639801397248>,Pleb,,no,unmanaged legacy,no-op,,,,,,,0,0,0.00,0,0,0.00,0.00,0,0,,0,,0,,0,,0,
231799624900280320,<@231799624900280320>,Pleb,,no,unmanaged legacy,no-op,,,,,,,0,0,0.00,0,0,0.00,0.00,0,0,,0,,0,,0,,0,
233154498875490304,<@233154498875490304>,Pleb,,no,unmanaged legacy,no-op,,,,,,,0,0,0.00,0,0,0.00,0.00,0,0,,0,,0,,0,,0,
233639392143605762,<@233639392143605762>,Pleb,,no,unmanaged legacy,no-op,,,,,,,0,0,0.00,0,0,0.00,0.00,0,0,,0,,0,,0,,0,
233690599042187264,<@233690599042187264>,Pleb,,no,unmanaged legacy,no-op,,,,,,,0,0,0.00,0,0,0.00,0.00,0,0,,0,,0,,0,,0,
233972077776863232,<@233972077776863232>,Pleb,,no,unmanaged legacy,no-op,,,,,,,0,0,0.00,0,0,0.00,0.00,0,0,,0,,0,,0,,0,
234023428498259969,<@234023428498259969>,Pleb,,no,unmanaged legacy,no-op,,,,,,,0,0,0.00,0,0,0.00,0.00,0,0,,0,,0,,0,,0,
234105053382705153,<@234105053382705153>,Pleb,,no,unmanaged legacy,no-op,,,,,,,0,0,0.00,0,0,0.00,0.00,0,0,,0,,0,,0,,0,
234240429170622464,<@234240429170622464>,Pleb,,no,unmanaged legacy,no-op,,,,,,,0,0,0.00,0,0,0.00,0.00,0,0,,0,,0,,0,,0,
234311646078697472,<@234311646078697472>,Pleb,,no,unmanaged legacy,no-op,,,,,,,0,0,0.00,0,0,0.00,0.00,0,0,,0,,0,,0,,0,
235137525088387072,<@235137525088387072>,Pleb,,no,unmanaged legacy,no-op,,,,,,,0,0,0.00,0,0,0.00,0.00,0,0,,0,,0,,0,,0,
235335822344323072,<@235335822344323072>,Pleb,,no,unmanaged legacy,no-op,,,,,,,0,0,0.00,0,0,0.00,0.00,0,0,,0,,0,,0,,0,
235959966177951745,<@235959966177951745>,Pleb,,no,unmanaged legacy,no-op,,,,,,,0,0,0.00,0,0,0.00,0.00,0,0,,0,,0,,0,,0,
236518317886668800,<@236518317886668800>,Pleb,,no,unmanaged legacy,no-op,,,,,,,0,0,0.00,0,0,0.00,0.00,0,0,,0,,0,,0,,0,
236653330749849600,<@236653330749849600>,Pleb,,no,unmanaged legacy,no-op,,,,,,,0,0,0.00,0,0,0.00,0.00,0,0,,0,,0,,0,,0,
236902091224907776,<@236902091224907776>,Pleb,,no,unmanaged legacy,no-op,,,,,,,0,0,0.00,0,0,0.00,0.00,0,0,,0,,0,,0,,0,
237062018018967555,<@237062018018967555>,Pleb,,no,unmanaged legacy,no-op,,,,,,,0,0,0.00,0,0,0.00,0.00,0,0,,0,,0,,0,,0,
238258822576209920,<@238258822576209920>,Pleb,,no,unmanaged legacy,no-op,,,,,,,0,0,0.00,0,0,0.00,0.00,0,0,,0,,0,,0,,0,
238735598498742274,<@238735598498742274>,Pleb,,no,unmanaged legacy,no-op,,,,,,,0,0,0.00,0,0,0.00,0.00,0,0,,0,,0,,0,,0,
238984830195335168,<@238984830195335168>,Pleb,,no,unmanaged legacy,no-op,,,,,,,0,0,0.00,0,0,0.00,0.00,0,0,,0,,0,,0,,0,
239024301934641154,<@239024301934641154>,Pleb,,no,unmanaged legacy,no-op,,,,,,,0,0,0.00,0,0,0.00,0.00,0,0,,0,,0,,0,,0,
239170946898984962,<@239170946898984962>,Pleb,,no,unmanaged legacy,no-op,,,,,,,0,0,0.00,0,0,0.00,0.00,0,0,,0,,0,,0,,0,
239403563304878080,<@239403563304878080>,Pleb,,no,unmanaged legacy,no-op,,,,,,,0,0,0.00,0,0,0.00,0.00,0,0,,0,,0,,0,,0,
239411469223985152,<@239411469223985152>,Pleb,,no,unmanaged legacy,no-op,,,,,,,0,0,0.00,0,0,0.00,0.00,0,0,,0,,0,,0,,0,
240506945008697344,<@240506945008697344>,Pleb,,no,unmanaged legacy,no-op,,,,,,,0,0,0.00,0,0,0.00,0.00,0,0,,0,,0,,0,,0,
240719162635321344,<@240719162635321344>,Pleb,,no,unmanaged legacy,no-op,,,,,,,0,0,0.00,0,0,0.00,0.00,0,0,,0,,0,,0,,0,
241145276713271300,<@241145276713271300>,Pleb,,no,unmanaged legacy,no-op,,,,,,,0,0,0.00,0,0,0.00,0.00,0,0,,0,,0,,0,,0,
241472237490798593,<@241472237490798593>,Pleb,,no,unmanaged legacy,no-op,,,,,,,0,0,0.00,0,0,0.00,0.00,0,0,,0,,0,,0,,0,
241550344402894848,<@241550344402894848>,Pleb,,no,unmanaged legacy,no-op,,,,,,,0,0,0.00,0,0,0.00,0.00,0,0,,0,,0,,0,,0,
242590675512590336,<@242590675512590336>,Pleb,,no,unmanaged legacy,no-op,,,,,,,0,0,0.00,0,0,0.00,0.00,0,0,,0,,0,,0,,0,
243355469148717056,<@243355469148717056>,Pleb,,no,unmanaged legacy,no-op,,,,,,,0,0,0.00,0,0,0.00,0.00,0,0,,0,,0,,0,,0,
244934786953641985,<@244934786953641985>,Pleb,,no,unmanaged legacy,no-op,,,,,,,0,0,0.00,0,0,0.00,0.00,0,0,,0,,0,,0,,0,
245285732527243264,<@245285732527243264>,Pleb,,no,unmanaged legacy,no-op,,,,,,,0,0,0.00,0,0,0.00,0.00,0,0,,0,,0,,0,,0,
245554357313994752,<@245554357313994752>,Pleb,,no,unmanaged legacy,no-op,,,,,,,0,0,0.00,0,0,0.00,0.00,0,0,,0,,0,,0,,0,
245578754686976011,<@245578754686976011>,Pleb,,no,unmanaged legacy,no-op,,,,,,,0,0,0.00,0,0,0.00,0.00,0,0,,0,,0,,0,,0,
245657150104403969,<@245657150104403969>,Pleb,,no,unmanaged legacy,no-op,,,,,,,0,0,0.00,0,0,0.00,0.00,0,0,,0,,0,,0,,0,
246196318366728192,<@246196318366728192>,Gladiator,,no,unmanaged legacy,no-op,,,,,,,0,0,0.00,0,0,0.00,0.00,0,0,,0,,0,,0,,0,
247162014781276160,<@247162014781276160>,Pleb,,no,unmanaged legacy,no-op,,,,,,,0,0,0.00,0,0,0.00,0.00,0,0,,0,,0,,0,,0,
248548257674952704,<@248548257674952704>,Pleb,,no,unmanaged legacy,no-op,,,,,,,0,0,0.00,0,0,0.00,0.00,0,0,,0,,0,,0,,0,
248869015823450112,<@248869015823450112>,Pleb,,no,unmanaged legacy,no-op,,,,,,,0,0,0.00,0,0,0.00,0.00,0,0,,0,,0,,0,,0,
248950616389451776,<@248950616389451776>,Pleb,,no,unmanaged legacy,no-op,,,,,,,0,0,0.00,0,0,0.00,0.00,0,0,,0,,0,,0,,0,
249331587316056066,<@249331587316056066>,Pleb,,no,unmanaged legacy,no-op,,,,,,,0,0,0.00,0,0,0.00,0.00,0,0,,0,,0,,0,,0,
249568114566496256,<@249568114566496256>,Pleb,,no,unmanaged legacy,no-op,,,,,,,0,0,0.00,0,0,0.00,0.00,0,0,,0,,0,,0,,0,
250522665910140936,<@250522665910140936>,Pleb,,no,unmanaged legacy,no-op,,,,,,,0,0,0.00,0,0,0.00,0.00,0,0,,0,,0,,0,,0,
251268651615780875,<@251268651615780875>,Pleb,,no,unmanaged legacy,no-op,,,,,,,0,0,0.00,0,0,0.00,0.00,0,0,,0,,0,,0,,0,
251375924929495042,<@251375924929495042>,Pleb,,no,unmanaged legacy,no-op,,,,,,,0,0,0.00,0,0,0.00,0.00,0,0,,0,,0,,0,,0,
252028364007669761,<@252028364007669761>,Pleb,,no,unmanaged legacy,no-op,,,,,,,0,0,0.00,0,0,0.00,0.00,0,0,,0,,0,,0,,0,
252367961480757248,<@252367961480757248>,Pleb,,no,unmanaged legacy,no-op,,,,,,,0,0,0.00,0,0,0.00,0.00,0,0,,0,,0,,0,,0,
252848833590067200,<@252848833590067200>,Pleb,,no,unmanaged legacy,no-op,,,,,,,0,0,0.00,0,0,0.00,0.00,0,0,,0,,0,,0,,0,
253635210027991040,<@253635210027991040>,Pleb,,no,unmanaged legacy,no-op,,,,,,,0,0,0.00,0,0,0.00,0.00,0,0,,0,,0,,0,,0,
253798957841383425,<@253798957841383425>,Pleb,,no,unmanaged legacy,no-op,,,,,,,0,0,0.00,0,0,0.00,0.00,0,0,,0,,0,,0,,0,
253816878579843072,<@253816878579843072>,Pleb,,no,unmanaged legacy,no-op,,,,,,,0,0,0.00,0,0,0.00,0.00,0,0,,0,,0,,0,,0,
253893865734537216,<@253893865734537216>,Pleb,,no,unmanaged legacy,no-op,,,,,,,0,0,0.00,0,0,0.00,0.00,0,0,,0,,0,,0,,0,
254439302786842624,<@254439302786842624>,Pleb,,no,unmanaged legacy,no-op,,,,,,,0,0,0.00,0,0,0.00,0.00,0,0,,0,,0,,0,,0,
254681147466842133,<@254681147466842133>,Pleb,,no,unmanaged legacy,no-op,,,,,,,0,0,0.00,0,0,0.00,0.00,0,0,,0,,0,,0,,0,
254756441343131648,<@254756441343131648>,Pleb,,no,unmanaged legacy,no-op,,,,,,,0,0,0.00,0,0,0.00,0.00,0,0,,0,,0,,0,,0,
254903076043882496,<@254903076043882496>,Pleb,,no,unmanaged legacy,no-op,,,,,,,0,0,0.00,0,0,0.00,0.00,0,0,,0,,0,,0,,0,
254931260630237185,<@254931260630237185>,Pleb,,no,unmanaged legacy,no-op,,,,,,,0,0,0.00,0,0,0.00,0.00,0,0,,0,,0,,0,,0,
254941357829783552,<@254941357829783552>,Pleb,,no,unmanaged legacy,no-op,,,,,,,0,0,0.00,0,0,0.00,0.00,0,0,,0,,0,,0,,0,
254995400241577985,<@254995400241577985>,Pleb,,no,unmanaged legacy,no-op,,,,,,,0,0,0.00,0,0,0.00,0.00,0,0,,0,,0,,0,,0,
255058317422886922,<@255058317422886922>,Pleb,,no,unmanaged legacy,no-op,,,,,,,0,0,0.00,0,0,0.00,0.00,0,0,,0,,0,,0,,0,
255219081580511241,<@255219081580511241>,Pleb,,no,unmanaged legacy,no-op,,,,,,,0,0,0.00,0,0,0.00,0.00,0,0,,0,,0,,0,,0,
255742155023319040,<@255742155023319040>,Pleb,,no,unmanaged legacy,no-op,,,,,,,0,0,0.00,0,0,0.00,0.00,0,0,,0,,0,,0,,0,
256576419595812865,<@256576419595812865>,Pleb,,no,unmanaged legacy,no-op,,,,,,,0,0,0.00,0,0,0.00,0.00,0,0,,0,,0,,0,,0,
256781150356242432,<@256781150356242432>,Pleb,,no,unmanaged legacy,no-op,,,,,,,0,0,0.00,0,0,0.00,0.00,0,0,,0,,0,,0,,0,
256894190045233155,<@256894190045233155>,Pleb,,no,unmanaged legacy,no-op,,,,,,,0,0,0.00,0,0,0.00,0.00,0,0,,0,,0,,0,,0,
257116228898783232,<@257116228898783232>,Pleb,,no,unmanaged legacy,no-op,,,,,,,0,0,0.00,0,0,0.00,0.00,0,0,,0,,0,,0,,0,
257496209126719489,<@257496209126719489>,Pleb,,no,unmanaged legacy,no-op,,,,,,,0,0,0.00,0,0,0.00,0.00,0,0,,0,,0,,0,,0,
257525652784152587,<@257525652784152587>,Pleb,,no,unmanaged legacy,no-op,,,,,,,0,0,0.00,0,0,0.00,0.00,0,0,,0,,0,,0,,0,
257550571832082432,<@257550571832082432>,Pleb,,no,unmanaged legacy,no-op,,,,,,,0,0,0.00,0,0,0.00,0.00,0,0,,0,,0,,0,,0,
257969292480348161,<@257969292480348161>,Pleb,,no,unmanaged legacy,no-op,,,,,,,0,0,0.00,0,0,0.00,0.00,0,0,,0,,0,,0,,0,
257997656788434945,<@257997656788434945>,Pleb,,no,unmanaged legacy,no-op,,,,,,,0,0,0.00,0,0,0.00,0.00,0,0,,0,,0,,0,,0,
258255731973685248,<@258255731973685248>,Pleb,,no,unmanaged legacy,no-op,,,,,,,0,0,0.00,0,0,0.00,0.00,0,0,,0,,0,,0,,0,
259342150414761984,<@259342150414761984>,Pleb,,no,unmanaged legacy,no-op,,,,,,,0,0,0.00,0,0,0.00,0.00,0,0,,0,,0,,0,,0,
259634235525169152,<@259634235525169152>,Pleb,,no,unmanaged legacy,no-op,,,,,,,0,0,0.00,0,0,0.00,0.00,0,0,,0,,0,,0,,0,
260561040075390988,<@260561040075390988>,Pleb,,no,unmanaged legacy,no-op,,,,,,,0,0,0.00,0,0,0.00,0.00,0,0,,0,,0,,0,,0,
260828347179728896,<@260828347179728896>,Pleb,,no,unmanaged legacy,no-op,,,,,,,0,0,0.00,0,0,0.00,0.00,0,0,,0,,0,,0,,0,
261082281828024320,<@261082281828024320>,Pleb,,no,unmanaged legacy,no-op,,,,,,,0,0,0.00,0,0,0.00,0.00,0,0,,0,,0,,0,,0,
261935283312918529,<@261935283312918529>,Pleb,,no,unmanaged legacy,no-op,,,,,,,0,0,0.00,0,0,0.00,0.00,0,0,,0,,0,,0,,0,
262598018627272704,<@262598018627272704>,Pleb,,no,unmanaged legacy,no-op,,,,,,,0,0,0.00,0,0,0.00,0.00,0,0,,0,,0,,0,,0,
262875383588847617,<@262875383588847617>,Pleb,,no,unmanaged legacy,no-op,,,,,,,0,0,0.00,0,0,0.00,0.00,0,0,,0,,0,,0,,0,
263007686688374785,<@263007686688374785>,Pleb,,no,unmanaged legacy,no-op,,,,,,,0,0,0.00,0,0,0.00,0.00,0,0,,0,,0,,0,,0,
263008169721200640,<@263008169721200640>,Pleb,,no,unmanaged legacy,no-op,,,,,,,0,0,0.00,0,0,0.00,0.00,0,0,,0,,0,,0,,0,
263312277703360512,<@263312277703360512>,Pleb,,no,unmanaged legacy,no-op,,,,,,,0,0,0.00,0,0,0.00,0.00,0,0,,0,,0,,0,,0,
263378861759135744,<@263378861759135744>,Pleb,,no,unmanaged legacy,no-op,,,,,,,0,0,0.00,0,0,0.00,0.00,0,0,,0,,0,,0,,0,
263410983106510860,<@263410983106510860>,Pleb,,no,unmanaged legacy,no-op,,,,,,,0,0,0.00,0,0,0.00,0.00,0,0,,0,,0,,0,,0,
263437005008928780,<@263437005008928780>,Pleb,,no,unmanaged legacy,no-op,,,,,,,0,0,0.00,0,0,0.00,0.00,0,0,,0,,0,,0,,0,
264014327009378304,<@264014327009378304>,Pleb,,no,unmanaged legacy,no-op,,,,,,,0,0,0.00,0,0,0.00,0.00,0,0,,0,,0,,0,,0,
264388068352589824,<@264388068352589824>,Pleb,,no,unmanaged legacy,no-op,,,,,,,0,0,0.00,0,0,0.00,0.00,0,0,,0,,0,,0,,0,
264827602152194048,<@264827602152194048>,Pleb,,no,unmanaged legacy,no-op,,,,,,,0,0,0.00,0,0,0.00,0.00,0,0,,0,,0,,0,,0,
265506857211133962,<@265506857211133962>,Pleb,,no,unmanaged legacy,no-op,,,,,,,0,0,0.00,0,0,0.00,0.00,0,0,,0,,0,,0,,0,
266263822740750336,<@266263822740750336>,Pleb,,no,unmanaged legacy,no-op,,,,,,,0,0,0.00,0,0,0.00,0.00,0,0,,0,,0,,0,,0,
266591668172619776,<@266591668172619776>,Pleb,,no,unmanaged legacy,no-op,,,,,,,0,0,0.00,0,0,0.00,0.00,0,0,,0,,0,,0,,0,
266916173822689280,<@266916173822689280>,Pleb,,no,unmanaged legacy,no-op,,,,,,,0,0,0.00,0,0,0.00,0.00,0,0,,0,,0,,0,,0,
266987438734442506,<@266987438734442506>,Pleb,,no,unmanaged legacy,no-op,,,,,,,0,0,0.00,0,0,0.00,0.00,0,0,,0,,0,,0,,0,
267011420674064384,<@267011420674064384>,Pleb,,no,unmanaged legacy,no-op,,,,,,,0,0,0.00,0,0,0.00,0.00,0,0,,0,,0,,0,,0,
267851006857969674,<@267851006857969674>,Pleb,,no,unmanaged legacy,no-op,,,,,,,0,0,0.00,0,0,0.00,0.00,0,0,,0,,0,,0,,0,
267990341418745856,<@267990341418745856>,Legion,,no,unmanaged legacy,no-op,,,,,,,0,0,0.00,0,0,0.00,0.00,0,0,,0,,0,,0,,0,
268161510398754817,<@268161510398754817>,Pleb,,no,unmanaged legacy,no-op,,,,,,,0,0,0.00,0,0,0.00,0.00,0,0,,0,,0,,0,,0,
268236374384181250,<@268236374384181250>,Pleb,,no,unmanaged legacy,no-op,,,,,,,0,0,0.00,0,0,0.00,0.00,0,0,,0,,0,,0,,0,
268369801326493696,<@268369801326493696>,Pleb,,no,unmanaged legacy,no-op,,,,,,,0,0,0.00,0,0,0.00,0.00,0,0,,0,,0,,0,,0,
268769950179655690,<@268769950179655690>,Pleb,,no,unmanaged legacy,no-op,,,,,,,0,0,0.00,0,0,0.00,0.00,0,0,,0,,0,,0,,0,
268774270195204097,<@268774270195204097>,Pleb,,no,unmanaged legacy,no-op,,,,,,,0,0,0.00,0,0,0.00,0.00,0,0,,0,,0,,0,,0,
268842241039138816,<@268842241039138816>,Pleb,,no,unmanaged legacy,no-op,,,,,,,0,0,0.00,0,0,0.00,0.00,0,0,,0,,0,,0,,0,
269155361817231360,<@269155361817231360>,Pleb,,no,unmanaged legacy,no-op,,,,,,,0,0,0.00,0,0,0.00,0.00,0,0,,0,,0,,0,,0,
269575992039702539,<@269575992039702539>,Gladiator,,no,unmanaged legacy,no-op,,,,,,,0,0,0.00,0,0,0.00,0.00,0,0,,0,,0,,0,,0,
269916682758127617,<@269916682758127617>,Pleb,,no,unmanaged legacy,no-op,,,,,,,0,0,0.00,0,0,0.00,0.00,0,0,,0,,0,,0,,0,
270264413632724993,<@270264413632724993>,Pleb,,no,unmanaged legacy,no-op,,,,,,,0,0,0.00,0,0,0.00,0.00,0,0,,0,,0,,0,,0,
270272788953038848,<@270272788953038848>,Pleb,,no,unmanaged legacy,no-op,,,,,,,0,0,0.00,0,0,0.00,0.00,0,0,,0,,0,,0,,0,
270357067942854657,<@270357067942854657>,Pleb,,no,unmanaged legacy,no-op,,,,,,,0,0,0.00,0,0,0.00,0.00,0,0,,0,,0,,0,,0,
270503360304644096,<@270503360304644096>,Gladiator,,no,unmanaged legacy,no-op,,,,,,,0,0,0.00,0,0,0.00,0.00,0,0,,0,,0,,0,,0,
270587098292158464,<@270587098292158464>,Pleb,,no,unmanaged legacy,no-op,,,,,,,0,0,0.00,0,0,0.00,0.00,0,0,,0,,0,,0,,0,
270642635713019904,<@270642635713019904>,Pleb,,no,unmanaged legacy,no-op,,,,,,,0,0,0.00,0,0,0.00,0.00,0,0,,0,,0,,0,,0,
271255292799352832,<@271255292799352832>,Pleb,,no,unmanaged legacy,no-op,,,,,,,0,0,0.00,0,0,0.00,0.00,0,0,,0,,0,,0,,0,
271277033030418433,<@271277033030418433>,Pleb,,no,unmanaged legacy,no-op,,,,,,,0,0,0.00,0,0,0.00,0.00,0,0,,0,,0,,0,,0,
271685546454155264,<@271685546454155264>,Pleb,,no,unmanaged legacy,no-op,,,,,,,0,0,0.00,0,0,0.00,0.00,0,0,,0,,0,,0,,0,
272030637630685184,<@272030637630685184>,Pleb,,no,unmanaged legacy,no-op,,,,,,,0,0,0.00,0,0,0.00,0.00,0,0,,0,,0,,0,,0,
272401133069402122,<@272401133069402122>,Pleb,,no,unmanaged legacy,no-op,,,,,,,0,0,0.00,0,0,0.00,0.00,0,0,,0,,0,,0,,0,
272467074062876672,<@272467074062876672>,Pleb,,no,unmanaged legacy,no-op,,,,,,,0,0,0.00,0,0,0.00,0.00,0,0,,0,,0,,0,,0,
273119755844583425,<@273119755844583425>,Pleb,,no,unmanaged legacy,no-op,,,,,,,0,0,0.00,0,0,0.00,0.00,0,0,,0,,0,,0,,0,
273182855595819008,<@273182855595819008>,Pleb,,no,unmanaged legacy,no-op,,,,,,,0,0,0.00,0,0,0.00,0.00,0,0,,0,,0,,0,,0,
273364612756537344,<@273364612756537344>,Pleb,,no,unmanaged legacy,no-op,,,,,,,0,0,0.00,0,0,0.00,0.00,0,0,,0,,0,,0,,0,
273669546773184512,<@273669546773184512>,Pleb,,no,unmanaged legacy,no-op,,,,,,,0,0,0.00,0,0,0.00,0.00,0,0,,0,,0,,0,,0,
274099427654762497,<@274099427654762497>,Pleb,,no,unmanaged legacy,no-op,,,,,,,0,0,0.00,0,0,0.00,0.00,0,0,,0,,0,,0,,0,
274103382296363009,<@274103382296363009>,Pleb,,no,unmanaged legacy,no-op,,,,,,,0,0,0.00,0,0,0.00,0.00,0,0,,0,,0,,0,,0,
274278880305741825,<@274278880305741825>,Pleb,,no,unmanaged legacy,no-op,,,,,,,0,0,0.00,0,0,0.00,0.00,0,0,,0,,0,,0,,0,
274985255604060160,<@274985255604060160>,Pleb,,no,unmanaged legacy,no-op,,,,,,,0,0,0.00,0,0,0.00,0.00,0,0,,0,,0,,0,,0,
275248141261864972,<@275248141261864972>,Pleb,,no,unmanaged legacy,no-op,,,,,,,0,0,0.00,0,0,0.00,0.00,0,0,,0,,0,,0,,0,
275328765192568832,<@275328765192568832>,Pleb,,no,unmanaged legacy,no-op,,,,,,,0,0,0.00,0,0,0.00,0.00,0,0,,0,,0,,0,,0,
275583446472982529,<@275583446472982529>,Pleb,,no,unmanaged legacy,no-op,,,,,,,0,0,0.00,0,0,0.00,0.00,0,0,,0,,0,,0,,0,
275765309049405441,<@275765309049405441>,Pleb,,no,unmanaged legacy,no-op,,,,,,,0,0,0.00,0,0,0.00,0.00,0,0,,0,,0,,0,,0,
276024101070569473,<@276024101070569473>,Pleb,,no,unmanaged legacy,no-op,,,,,,,0,0,0.00,0,0,0.00,0.00,0,0,,0,,0,,0,,0,
276055691935088641,<@276055691935088641>,Pleb,,no,unmanaged legacy,no-op,,,,,,,0,0,0.00,0,0,0.00,0.00,0,0,,0,,0,,0,,0,
276113067732107265,<@276113067732107265>,Legion,,no,unmanaged legacy,no-op,,,,,,,0,0,0.00,0,0,0.00,0.00,0,0,,0,,0,,0,,0,
276165840242475008,<@276165840242475008>,Pleb,,no,unmanaged legacy,no-op,,,,,,,0,0,0.00,0,0,0.00,0.00,0,0,,0,,0,,0,,0,
276447145513713664,<@276447145513713664>,Pleb,,no,unmanaged legacy,no-op,,,,,,,0,0,0.00,0,0,0.00,0.00,0,0,,0,,0,,0,,0,
276770707378012160,<@276770707378012160>,Pleb,,no,unmanaged legacy,no-op,,,,,,,0,0,0.00,0,0,0.00,0.00,0,0,,0,,0,,0,,0,
276789590436610059,<@276789590436610059>,Pleb,,no,unmanaged legacy,no-op,,,,,,,0,0,0.00,0,0,0.00,0.00,0,0,,0,,0,,0,,0,
277357363839631370,<@277357363839631370>,Pleb,,no,unmanaged legacy,no-op,,,,,,,0,0,0.00,0,0,0.00,0.00,0,0,,0,,0,,0,,0,
277439162179649537,<@277439162179649537>,Pleb,,no,unmanaged legacy,no-op,,,,,,,0,0,0.00,0,0,0.00,0.00,0,0,,0,,0,,0,,0,
277445524397752321,<@277445524397752321>,Pleb,,no,unmanaged legacy,no-op,,,,,,,0,0,0.00,0,0,0.00,0.00,0,0,,0,,0,,0,,0,
277877340351234070,<@277877340351234070>,Pleb,,no,unmanaged legacy,no-op,,,,,,,0,0,0.00,0,0,0.00,0.00,0,0,,0,,0,,0,,0,
278106189517029379,<@278106189517029379>,Pleb,,no,unmanaged legacy,no-op,,,,,,,0,0,0.00,0,0,0.00,0.00,0,0,,0,,0,,0,,0,
278720667917090817,<@278720667917090817>,Pleb,,no,unmanaged legacy,no-op,,,,,,,0,0,0.00,0,0,0.00,0.00,0,0,,0,,0,,0,,0,
278970201611960321,<@278970201611960321>,Pleb,,no,unmanaged legacy,no-op,,,,,,,0,0,0.00,0,0,0.00,0.00,0,0,,0,,0,,0,,0,
279200993080639489,<@279200993080639489>,Pleb,,no,unmanaged legacy,no-op,,,,,,,0,0,0.00,0,0,0.00,0.00,0,0,,0,,0,,0,,0,
279287228910403585,<@279287228910403585>,Pleb,,no,unmanaged legacy,no-op,,,,,,,0,0,0.00,0,0,0.00,0.00,0,0,,0,,0,,0,,0,
279342691479846912,<@279342691479846912>,Pleb,,no,unmanaged legacy,no-op,,,,,,,0,0,0.00,0,0,0.00,0.00,0,0,,0,,0,,0,,0,
279372212245626880,<@279372212245626880>,Pleb,,no,unmanaged legacy,no-op,,,,,,,0,0,0.00,0,0,0.00,0.00,0,0,,0,,0,,0,,0,
279377968823009281,<@279377968823009281>,Pleb,,no,unmanaged legacy,no-op,,,,,,,0,0,0.00,0,0,0.00,0.00,0,0,,0,,0,,0,,0,
279635632370745345,<@279635632370745345>,Pleb,,no,unmanaged legacy,no-op,,,,,,,0,0,0.00,0,0,0.00,0.00,0,0,,0,,0,,0,,0,
279796272901259265,<@279796272901259265>,Pleb,,no,unmanaged legacy,no-op,,,,,,,0,0,0.00,0,0,0.00,0.00,0,0,,0,,0,,0,,0,
280029053577330688,<@280029053577330688>,Pleb,,no,unmanaged legacy,no-op,,,,,,,0,0,0.00,0,0,0.00,0.00,0,0,,0,,0,,0,,0,
280879813236097025,<@280879813236097025>,Pleb,,no,unmanaged legacy,no-op,,,,,,,0,0,0.00,0,0,0.00,0.00,0,0,,0,,0,,0,,0,
281575760609935360,<@281575760609935360>,Pleb,,no,unmanaged legacy,no-op,,,,,,,0,0,0.00,0,0,0.00,0.00,0,0,,0,,0,,0,,0,
282508228741431297,<@282508228741431297>,Pleb,,no,unmanaged legacy,no-op,,,,,,,0,0,0.00,0,0,0.00,0.00,0,0,,0,,0,,0,,0,
282943363924099082,<@282943363924099082>,Pleb,,no,unmanaged legacy,no-op,,,,,,,0,0,0.00,0,0,0.00,0.00,0,0,,0,,0,,0,,0,
283667488539934720,<@283667488539934720>,Pleb,,no,unmanaged legacy,no-op,,,,,,,0,0,0.00,0,0,0.00,0.00,0,0,,0,,0,,0,,0,
284065893078663169,<@284065893078663169>,Pleb,,no,unmanaged legacy,no-op,,,,,,,0,0,0.00,0,0,0.00,0.00,0,0,,0,,0,,0,,0,
284482121169371146,<@284482121169371146>,Pleb,,no,unmanaged legacy,no-op,,,,,,,0,0,0.00,0,0,0.00,0.00,0,0,,0,,0,,0,,0,
284733093699518465,<@284733093699518465>,Pleb,,no,unmanaged legacy,no-op,,,,,,,0,0,0.00,0,0,0.00,0.00,0,0,,0,,0,,0,,0,
284772861594566657,<@284772861594566657>,Pleb,,no,unmanaged legacy,no-op,,,,,,,0,0,0.00,0,0,0.00,0.00,0,0,,0,,0,,0,,0,
284776905209544705,<@284776905209544705>,Pleb,,no,unmanaged legacy,no-op,,,,,,,0,0,0.00,0,0,0.00,0.00,0,0,,0,,0,,0,,0,
284868145406148609,<@284868145406148609>,Pleb,,no,unmanaged legacy,no-op,,,,,,,0,0,0.00,0,0,0.00,0.00,0,0,,0,,0,,0,,0,
284987571266912257,<@284987571266912257>,Pleb,,no,unmanaged legacy,no-op,,,,,,,0,0,0.00,0,0,0.00,0.00,0,0,,0,,0,,0,,0,
285653088499531776,<@285653088499531776>,Pleb,,no,unmanaged legacy,no-op,,,,,,,0,0,0.00,0,0,0.00,0.00,0,0,,0,,0,,0,,0,
286210396120023041,<@286210396120023041>,Pleb,,no,unmanaged legacy,no-op,,,,,,,0,0,0.00,0,0,0.00,0.00,0,0,,0,,0,,0,,0,
286281093882314762,<@286281093882314762>,Pleb,,no,unmanaged legacy,no-op,,,,,,,0,0,0.00,0,0,0.00,0.00,0,0,,0,,0,,0,,0,
286951904477446144,<@286951904477446144>,Pleb,,no,unmanaged legacy,no-op,,,,,,,0,0,0.00,0,0,0.00,0.00,0,0,,0,,0,,0,,0,
287231815503052801,<@287231815503052801>,Pleb,,no,unmanaged legacy,no-op,,,,,,,0,0,0.00,0,0,0.00,0.00,0,0,,0,,0,,0,,0,
287234011527380995,<@287234011527380995>,Pleb,,no,unmanaged legacy,no-op,,,,,,,0,0,0.00,0,0,0.00,0.00,0,0,,0,,0,,0,,0,
287271460970430474,<@287271460970430474>,Pleb,,no,unmanaged legacy,no-op,,,,,,,0,0,0.00,0,0,0.00,0.00,0,0,,0,,0,,0,,0,
287582237338370048,<@287582237338370048>,Pleb,,no,unmanaged legacy,no-op,,,,,,,0,0,0.00,0,0,0.00,0.00,0,0,,0,,0,,0,,0,
287668583801159680,<@287668583801159680>,Pleb,,no,unmanaged legacy,no-op,,,,,,,0,0,0.00,0,0,0.00,0.00,0,0,,0,,0,,0,,0,
287698907998453761,<@287698907998453761>,Pleb,,no,unmanaged legacy,no-op,,,,,,,0,0,0.00,0,0,0.00,0.00,0,0,,0,,0,,0,,0,
287708582751895554,<@287708582751895554>,Pleb,,no,unmanaged legacy,no-op,,,,,,,0,0,0.00,0,0,0.00,0.00,0,0,,0,,0,,0,,0,
287816116770701324,<@287816116770701324>,Pleb,,no,unmanaged legacy,no-op,,,,,,,0,0,0.00,0,0,0.00,0.00,0,0,,0,,0,,0,,0,
287931737722322955,<@287931737722322955>,Pleb,,no,unmanaged legacy,no-op,,,,,,,0,0,0.00,0,0,0.00,0.00,0,0,,0,,0,,0,,0,
288132947863666688,<@288132947863666688>,Pleb,,no,unmanaged legacy,no-op,,,,,,,0,0,0.00,0,0,0.00,0.00,0,0,,0,,0,,0,,0,
288379134776705025,<@288379134776705025>,Pleb,,no,unmanaged legacy,no-op,,,,,,,0,0,0.00,0,0,0.00,0.00,0,0,,0,,0,,0,,0,
288753404103229440,<@288753404103229440>,Pleb,,no,unmanaged legacy,no-op,,,,,,,0,0,0.00,0,0,0.00,0.00,0,0,,0,,0,,0,,0,
289082786659434496,<@289082786659434496>,Pleb,,no,unmanaged legacy,no-op,,,,,,,0,0,0.00,0,0,0.00,0.00,0,0,,0,,0,,0,,0,
290004683328847893,<@290004683328847893>,Pleb,,no,unmanaged legacy,no-op,,,,,,,0,0,0.00,0,0,0.00,0.00,0,0,,0,,0,,0,,0,
290034676259749889,<@290034676259749889>,Pleb,,no,unmanaged legacy,no-op,,,,,,,0,0,0.00,0,0,0.00,0.00,0,0,,0,,0,,0,,0,
291923710057644034,<@291923710057644034>,Pleb,,no,unmanaged legacy,no-op,,,,,,,0,0,0.00,0,0,0.00,0.00,0,0,,0,,0,,0,,0,
291931673480658944,<@291931673480658944>,Pleb,,no,unmanaged legacy,no-op,,,,,,,0,0,0.00,0,0,0.00,0.00,0,0,,0,,0,,0,,0,
292060673423179786,<@292060673423179786>,Pleb,,no,unmanaged legacy,no-op,,,,,,,0,0,0.00,0,0,0.00,0.00,0,0,,0,,0,,0,,0,
292614516343177219,<@292614516343177219>,Pleb,,no,unmanaged legacy,no-op,,,,,,,0,0,0.00,0,0,0.00,0.00,0,0,,0,,0,,0,,0,
292682734659305483,<@292682734659305483>,Pleb,,no,unmanaged legacy,no-op,,,,,,,0,0,0.00,0,0,0.00,0.00,0,0,,0,,0,,0,,0,
292769141603958784,<@292769141603958784>,Pleb,,no,unmanaged legacy,no-op,,,,,,,0,0,0.00,0,0,0.00,0.00,0,0,,0,,0,,0,,0,
294216423553761281,<@294216423553761281>,Pleb,,no,unmanaged legacy,no-op,,,,,,,0,0,0.00,0,0,0.00,0.00,0,0,,0,,0,,0,,0,
294217561086754816,<@294217561086754816>,Pleb,,no,unmanaged legacy,no-op,,,,,,,0,0,0.00,0,0,0.00,0.00,0,0,,0,,0,,0,,0,
294531342228783115,<@294531342228783115>,Pleb,,no,unmanaged legacy,no-op,,,,,,,0,0,0.00,0,0,0.00,0.00,0,0,,0,,0,,0,,0,
294703277746946049,<@294703277746946049>,Pleb,,no,unmanaged legacy,no-op,,,,,,,0,0,0.00,0,0,0.00,0.00,0,0,,0,,0,,0,,0,
294918144387055616,<@294918144387055616>,Pleb,,no,unmanaged legacy,no-op,,,,,,,0,0,0.00,0,0,0.00,0.00,0,0,,0,,0,,0,,0,
295252785954422785,<@295252785954422785>,Pleb,,no,unmanaged legacy,no-op,,,,,,,0,0,0.00,0,0,0.00,0.00,0,0,,0,,0,,0,,0,
296193293136560129,<@296193293136560129>,Pleb,,no,unmanaged legacy,no-op,,,,,,,0,0,0.00,0,0,0.00,0.00,0,0,,0,,0,,0,,0,
296202137992560650,<@296202137992560650>,Pleb,,no,unmanaged legacy,no-op,,,,,,,0,0,0.00,0,0,0.00,0.00,0,0,,0,,0,,0,,0,
297057256820965376,<@297057256820965376>,Pleb,,no,unmanaged legacy,no-op,,,,,,,0,0,0.00,0,0,0.00,0.00,0,0,,0,,0,,0,,0,
297369148424716288,<@297369148424716288>,Pleb,,no,unmanaged legacy,no-op,,,,,,,0,0,0.00,0,0,0.00,0.00,0,0,,0,,0,,0,,0,
297602911930810369,<@297602911930810369>,Pleb,,no,unmanaged legacy,no-op,,,,,,,0,0,0.00,0,0,0.00,0.00,0,0,,0,,0,,0,,0,
297788279665721344,<@297788279665721344>,Pleb,,no,unmanaged legacy,no-op,,,,,,,0,0,0.00,0,0,0.00,0.00,0,0,,0,,0,,0,,0,
297868168225882113,<@297868168225882113>,Pleb,,no,unmanaged legacy,no-op,,,,,,,0,0,0.00,0,0,0.00,0.00,0,0,,0,,0,,0,,0,
298326988660277260,<@298326988660277260>,Pleb,,no,unmanaged legacy,no-op,,,,,,,0,0,0.00,0,0,0.00,0.00,0,0,,0,,0,,0,,0,
298894283245748225,<@298894283245748225>,Pleb,,no,unmanaged legacy,no-op,,,,,,,0,0,0.00,0,0,0.00,0.00,0,0,,0,,0,,0,,0,
299262008354799626,<@299262008354799626>,Pleb,,no,unmanaged legacy,no-op,,,,,,,0,0,0.00,0,0,0.00,0.00,0,0,,0,,0,,0,,0,
299886028204933130,<@299886028204933130>,Pleb,,no,unmanaged legacy,no-op,,,,,,,0,0,0.00,0,0,0.00,0.00,0,0,,0,,0,,0,,0,
299994576637394945,<@299994576637394945>,Pleb,,no,unmanaged legacy,no-op,,,,,,,0,0,0.00,0,0,0.00,0.00,0,0,,0,,0,,0,,0,
300613645333954560,<@300613645333954560>,Pleb,,no,unmanaged legacy,no-op,,,,,,,0,0,0.00,0,0,0.00,0.00,0,0,,0,,0,,0,,0,
300618627525378049,<@300618627525378049>,Pleb,,no,unmanaged legacy,no-op,,,,,,,0,0,0.00,0,0,0.00,0.00,0,0,,0,,0,,0,,0,
300802244729896960,<@300802244729896960>,Pleb,,no,unmanaged legacy,no-op,,,,,,,0,0,0.00,0,0,0.00,0.00,0,0,,0,,0,,0,,0,
301490261580578826,<@301490261580578826>,Pleb,,no,unmanaged legacy,no-op,,,,,,,0,0,0.00,0,0,0.00,0.00,0,0,,0,,0,,0,,0,
302164967400931330,<@302164967400931330>,Pleb,,no,unmanaged legacy,no-op,,,,,,,0,0,0.00,0,0,0.00,0.00,0,0,,0,,0,,0,,0,
302445765458919424,<@302445765458919424>,Pleb,,no,unmanaged legacy,no-op,,,,,,,0,0,0.00,0,0,0.00,0.00,0,0,,0,,0,,0,,0,
302781794309373953,<@302781794309373953>,Pleb,,no,unmanaged legacy,no-op,,,,,,,0,0,0.00,0,0,0.00,0.00,0,0,,0,,0,,0,,0,
303122576903897088,<@303122576903897088>,Pleb,,no,unmanaged legacy,no-op,,,,,,,0,0,0.00,0,0,0.00,0.00,0,0,,0,,0,,0,,0,
303151474496503808,<@303151474496503808>,Pleb,,no,unmanaged legacy,no-op,,,,,,,0,0,0.00,0,0,0.00,0.00,0,0,,0,,0,,0,,0,
303206459481653250,<@303206459481653250>,Pleb,,no,unmanaged legacy,no-op,,,,,,,0,0,0.00,0,0,0.00,0.00,0,0,,0,,0,,0,,0,
303286414873985024,<@303286414873985024>,Pleb,,no,unmanaged legacy,no-op,,,,,,,0,0,0.00,0,0,0.00,0.00,0,0,,0,,0,,0,,0,
303673768478375947,<@303673768478375947>,Pleb,,no,unmanaged legacy,no-op,,,,,,,0,0,0.00,0,0,0.00,0.00,0,0,,0,,0,,0,,0,
303725924451614720,<@303725924451614720>,Pleb,,no,unmanaged legacy,no-op,,,,,,,0,0,0.00,0,0,0.00,0.00,0,0,,0,,0,,0,,0,
303974556761063445,<@303974556761063445>,Pleb,,no,unmanaged legacy,no-op,,,,,,,0,0,0.00,0,0,0.00,0.00,0,0,,0,,0,,0,,0,
304206830874394635,<@304206830874394635>,Pleb,,no,unmanaged legacy,no-op,,,,,,,0,0,0.00,0,0,0.00,0.00,0,0,,0,,0,,0,,0,
304341545367371798,<@304341545367371798>,Pleb,,no,unmanaged legacy,no-op,,,,,,,0,0,0.00,0,0,0.00,0.00,0,0,,0,,0,,0,,0,
305155737313738752,<@305155737313738752>,Pleb,,no,unmanaged legacy,no-op,,,,,,,0,0,0.00,0,0,0.00,0.00,0,0,,0,,0,,0,,0,
306433776072916992,<@306433776072916992>,Pleb,,no,unmanaged legacy,no-op,,,,,,,0,0,0.00,0,0,0.00,0.00,0,0,,0,,0,,0,,0,
306476365472071682,<@306476365472071682>,Pleb,,no,unmanaged legacy,no-op,,,,,,,0,0,0.00,0,0,0.00,0.00,0,0,,0,,0,,0,,0,
306482493236969484,<@306482493236969484>,Pleb,,no,unmanaged legacy,no-op,,,,,,,0,0,0.00,0,0,0.00,0.00,0,0,,0,,0,,0,,0,
308335619904634882,<@308335619904634882>,Pleb,,no,unmanaged legacy,no-op,,,,,,,0,0,0.00,0,0,0.00,0.00,0,0,,0,,0,,0,,0,
308635220746436609,<@308635220746436609>,Pleb,,no,unmanaged legacy,no-op,,,,,,,0,0,0.00,0,0,0.00,0.00,0,0,,0,,0,,0,,0,
308671389420748810,<@308671389420748810>,Pleb,,no,unmanaged legacy,no-op,,,,,,,0,0,0.00,0,0,0.00,0.00,0,0,,0,,0,,0,,0,
308760566070247424,<@308760566070247424>,Pleb,,no,unmanaged legacy,no-op,,,,,,,0,0,0.00,0,0,0.00,0.00,0,0,,0,,0,,0,,0,
308906197443149824,<@308906197443149824>,Pleb,,no,unmanaged legacy,no-op,,,,,,,0,0,0.00,0,0,0.00,0.00,0,0,,0,,0,,0,,0,
308997936715530241,<@308997936715530241>,Pleb,,no,unmanaged legacy,no-op,,,,,,,0,0,0.00,0,0,0.00,0.00,0,0,,0,,0,,0,,0,
309365089868447744,<@309365089868447744>,Pleb,,no,unmanaged legacy,no-op,,,,,,,0,0,0.00,0,0,0.00,0.00,0,0,,0,,0,,0,,0,
309975863439523843,<@309975863439523843>,Pleb,,no,unmanaged legacy,no-op,,,,,,,0,0,0.00,0,0,0.00,0.00,0,0,,0,,0,,0,,0,
310053720509513728,<@310053720509513728>,Pleb,,no,unmanaged legacy,no-op,,,,,,,0,0,0.00,0,0,0.00,0.00,0,0,,0,,0,,0,,0,
310083903870205952,<@310083903870205952>,Pleb,,no,unmanaged legacy,no-op,,,,,,,0,0,0.00,0,0,0.00,0.00,0,0,,0,,0,,0,,0,
311143568049831937,<@311143568049831937>,Pleb,,no,unmanaged legacy,no-op,,,,,,,0,0,0.00,0,0,0.00,0.00,0,0,,0,,0,,0,,0,
311822989685555203,<@311822989685555203>,Pleb,,no,unmanaged legacy,no-op,,,,,,,0,0,0.00,0,0,0.00,0.00,0,0,,0,,0,,0,,0,
312270325800763393,<@312270325800763393>,Pleb,,no,unmanaged legacy,no-op,,,,,,,0,0,0.00,0,0,0.00,0.00,0,0,,0,,0,,0,,0,
313038630530842625,<@313038630530842625>,Pleb,,no,unmanaged legacy,no-op,,,,,,,0,0,0.00,0,0,0.00,0.00,0,0,,0,,0,,0,,0,
314048975344893953,<@314048975344893953>,Pleb,,no,unmanaged legacy,no-op,,,,,,,0,0,0.00,0,0,0.00,0.00,0,0,,0,,0,,0,,0,
314406861681983488,<@314406861681983488>,Pleb,,no,unmanaged legacy,no-op,,,,,,,0,0,0.00,0,0,0.00,0.00,0,0,,0,,0,,0,,0,
314547122341019658,<@314547122341019658>,Pleb,,no,unmanaged legacy,no-op,,,,,,,0,0,0.00,0,0,0.00,0.00,0,0,,0,,0,,0,,0,
314846225696555008,<@314846225696555008>,Pleb,,no,unmanaged legacy,no-op,,,,,,,0,0,0.00,0,0,0.00,0.00,0,0,,0,,0,,0,,0,
315469172060454912,<@315469172060454912>,Pleb,,no,unmanaged legacy,no-op,,,,,,,0,0,0.00,0,0,0.00,0.00,0,0,,0,,0,,0,,0,
315536886842130445,<@315536886842130445>,Pleb,,no,unmanaged legacy,no-op,,,,,,,0,0,0.00,0,0,0.00,0.00,0,0,,0,,0,,0,,0,
315764252134604801,<@315764252134604801>,Pleb,,no,unmanaged legacy,no-op,,,,,,,0,0,0.00,0,0,0.00,0.00,0,0,,0,,0,,0,,0,
315928089802702850,<@315928089802702850>,Pleb,,no,unmanaged legacy,no-op,,,,,,,0,0,0.00,0,0,0.00,0.00,0,0,,0,,0,,0,,0,
315937696336052224,<@315937696336052224>,Pleb,,no,unmanaged legacy,no-op,,,,,,,0,0,0.00,0,0,0.00,0.00,0,0,,0,,0,,0,,0,
316579841015021572,<@316579841015021572>,Pleb,,no,unmanaged legacy,no-op,,,,,,,0,0,0.00,0,0,0.00,0.00,0,0,,0,,0,,0,,0,
317785486963769364,<@317785486963769364>,Pleb,,no,unmanaged legacy,no-op,,,,,,,0,0,0.00,0,0,0.00,0.00,0,0,,0,,0,,0,,0,
318103912676851712,<@318103912676851712>,Pleb,,no,unmanaged legacy,no-op,,,,,,,0,0,0.00,0,0,0.00,0.00,0,0,,0,,0,,0,,0,
318765260054200321,<@318765260054200321>,Pleb,,no,unmanaged legacy,no-op,,,,,,,0,0,0.00,0,0,0.00,0.00,0,0,,0,,0,,0,,0,
320613038195736577,<@320613038195736577>,Pleb,,no,unmanaged legacy,no-op,,,,,,,0,0,0.00,0,0,0.00,0.00,0,0,,0,,0,,0,,0,
320653331708248074,<@320653331708248074>,Pleb,,no,unmanaged legacy,no-op,,,,,,,0,0,0.00,0,0,0.00,0.00,0,0,,0,,0,,0,,0,
321157310712119296,<@321157310712119296>,Pleb,,no,unmanaged legacy,no-op,,,,,,,0,0,0.00,0,0,0.00,0.00,0,0,,0,,0,,0,,0,
321657224407810051,<@321657224407810051>,Pleb,,no,unmanaged legacy,no-op,,,,,,,0,0,0.00,0,0,0.00,0.00,0,0,,0,,0,,0,,0,
322078572657508354,<@322078572657508354>,Pleb,,no,unmanaged legacy,no-op,,,,,,,0,0,0.00,0,0,0.00,0.00,0,0,,0,,0,,0,,0,
322091678423056396,<@322091678423056396>,Pleb,,no,unmanaged legacy,no-op,,,,,,,0,0,0.00,0,0,0.00,0.00,0,0,,0,,0,,0,,0,
322553809408622592,<@322553809408622592>,Pleb,,no,unmanaged legacy,no-op,,,,,,,0,0,0.00,0,0,0.00,0.00,0,0,,0,,0,,0,,0,
322891583944916992,<@322891583944916992>,Pleb,,no,unmanaged legacy,no-op,,,,,,,0,0,0.00,0,0,0.00,0.00,0,0,,0,,0,,0,,0,
323115597036781568,<@323115597036781568>,Pleb,,no,unmanaged legacy,no-op,,,,,,,0,0,0.00,0,0,0.00,0.00,0,0,,0,,0,,0,,0,
323923432276361240,<@323923432276361240>,Pleb,,no,unmanaged legacy,no-op,,,,,,,0,0,0.00,0,0,0.00,0.00,0,0,,0,,0,,0,,0,
324742339849617408,<@324742339849617408>,Pleb,,no,unmanaged legacy,no-op,,,,,,,0,0,0.00,0,0,0.00,0.00,0,0,,0,,0,,0,,0,
324996289848672258,<@324996289848672258>,Pleb,,no,unmanaged legacy,no-op,,,,,,,0,0,0.00,0,0,0.00,0.00,0,0,,0,,0,,0,,0,
325657268433453056,<@325657268433453056>,Pleb,,no,unmanaged legacy,no-op,,,,,,,0,0,0.00,0,0,0.00,0.00,0,0,,0,,0,,0,,0,
325666405485772801,<@325666405485772801>,Pleb,,no,unmanaged legacy,no-op,,,,,,,0,0,0.00,0,0,0.00,0.00,0,0,,0,,0,,0,,0,
326642453182677002,<@326642453182677002>,Pleb,,no,unmanaged legacy,no-op,,,,,,,0,0,0.00,0,0,0.00,0.00,0,0,,0,,0,,0,,0,
326752280663818240,<@326752280663818240>,Pleb,,no,unmanaged legacy,no-op,,,,,,,0,0,0.00,0,0,0.00,0.00,0,0,,0,,0,,0,,0,
327488373621260290,<@327488373621260290>,Pleb,,no,unmanaged legacy,no-op,,,,,,,0,0,0.00,0,0,0.00,0.00,0,0,,0,,0,,0,,0,
327758895764209664,<@327758895764209664>,Pleb,,no,unmanaged legacy,no-op,,,,,,,0,0,0.00,0,0,0.00,0.00,0,0,,0,,0,,0,,0,
327852631244537857,<@327852631244537857>,Pleb,,no,unmanaged legacy,no-op,,,,,,,0,0,0.00,0,0,0.00,0.00,0,0,,0,,0,,0,,0,
327965541681856515,<@327965541681856515>,Pleb,,no,unmanaged legacy,no-op,,,,,,,0,0,0.00,0,0,0.00,0.00,0,0,,0,,0,,0,,0,
328137842746327044,<@328137842746327044>,Pleb,,no,unmanaged legacy,no-op,,,,,,,0,0,0.00,0,0,0.00,0.00,0,0,,0,,0,,0,,0,
328214279977172992,<@328214279977172992>,Pleb,,no,unmanaged legacy,no-op,,,,,,,0,0,0.00,0,0,0.00,0.00,0,0,,0,,0,,0,,0,
328637490615287809,<@328637490615287809>,Pleb,,no,unmanaged legacy,no-op,,,,,,,0,0,0.00,0,0,0.00,0.00,0,0,,0,,0,,0,,0,
329314205159260160,<@329314205159260160>,Gladiator,,no,unmanaged legacy,no-op,,,,,,,0,0,0.00,0,0,0.00,0.00,0,0,,0,,0,,0,,0,
329594095058157578,<@329594095058157578>,Pleb,,no,unmanaged legacy,no-op,,,,,,,0,0,0.00,0,0,0.00,0.00,0,0,,0,,0,,0,,0,
330067425058095104,<@330067425058095104>,Pleb,,no,unmanaged legacy,no-op,,,,,,,0,0,0.00,0,0,0.00,0.00,0,0,,0,,0,,0,,0,
330299430739640320,<@330299430739640320>,Pleb,,no,unmanaged legacy,no-op,,,,,,,0,0,0.00,0,0,0.00,0.00,0,0,,0,,0,,0,,0,
330436825237684226,<@330436825237684226>,Pleb,,no,unmanaged legacy,no-op,,,,,,,0,0,0.00,0,0,0.00,0.00,0,0,,0,,0,,0,,0,
330843012164747278,<@330843012164747278>,Pleb,,no,unmanaged legacy,no-op,,,,,,,0,0,0.00,0,0,0.00,0.00,0,0,,0,,0,,0,,0,
331164962577842207,<@331164962577842207>,Pleb,,no,unmanaged legacy,no-op,,,,,,,0,0,0.00,0,0,0.00,0.00,0,0,,0,,0,,0,,0,
331387131346026506,<@331387131346026506>,Pleb,,no,unmanaged legacy,no-op,,,,,,,0,0,0.00,0,0,0.00,0.00,0,0,,0,,0,,0,,0,
331886847674417162,<@331886847674417162>,Pleb,,no,unmanaged legacy,no-op,,,,,,,0,0,0.00,0,0,0.00,0.00,0,0,,0,,0,,0,,0,
332547449405177857,<@332547449405177857>,Pleb,,no,unmanaged legacy,no-op,,,,,,,0,0,0.00,0,0,0.00,0.00,0,0,,0,,0,,0,,0,
332837270283354125,<@332837270283354125>,Pleb,,no,unmanaged legacy,no-op,,,,,,,0,0,0.00,0,0,0.00,0.00,0,0,,0,,0,,0,,0,
332872498863407114,<@332872498863407114>,Pleb,,no,unmanaged legacy,no-op,,,,,,,0,0,0.00,0,0,0.00,0.00,0,0,,0,,0,,0,,0,
332879390998528003,<@332879390998528003>,Pleb,,no,unmanaged legacy,no-op,,,,,,,0,0,0.00,0,0,0.00,0.00,0,0,,0,,0,,0,,0,
332935845004705793,<@332935845004705793>,Pleb,,no,unmanaged legacy,no-op,,,,,,,0,0,0.00,0,0,0.00,0.00,0,0,,0,,0,,0,,0,
332989880949014529,<@332989880949014529>,Pleb,,no,unmanaged legacy,no-op,,,,,,,0,0,0.00,0,0,0.00,0.00,0,0,,0,,0,,0,,0,
333027036329410562,<@333027036329410562>,Pleb,,no,unmanaged legacy,no-op,,,,,,,0,0,0.00,0,0,0.00,0.00,0,0,,0,,0,,0,,0,
333275832464441346,<@333275832464441346>,Pleb,,no,unmanaged legacy,no-op,,,,,,,0,0,0.00,0,0,0.00,0.00,0,0,,0,,0,,0,,0,
334666076732522516,<@334666076732522516>,Pleb,,no,unmanaged legacy,no-op,,,,,,,0,0,0.00,0,0,0.00,0.00,0,0,,0,,0,,0,,0,
335779783772340224,<@335779783772340224>,Pleb,,no,unmanaged legacy,no-op,,,,,,,0,0,0.00,0,0,0.00,0.00,0,0,,0,,0,,0,,0,
337984854522200068,<@337984854522200068>,Pleb,,no,unmanaged legacy,no-op,,,,,,,0,0,0.00,0,0,0.00,0.00,0,0,,0,,0,,0,,0,
338220904070905856,<@338220904070905856>,Pleb,,no,unmanaged legacy,no-op,,,,,,,0,0,0.00,0,0,0.00,0.00,0,0,,0,,0,,0,,0,
338451948413911051,<@338451948413911051>,Pleb,,no,unmanaged legacy,no-op,,,,,,,0,0,0.00,0,0,0.00,0.00,0,0,,0,,0,,0,,0,
338595300484710400,<@338595300484710400>,Pleb,,no,unmanaged legacy,no-op,,,,,,,0,0,0.00,0,0,0.00,0.00,0,0,,0,,0,,0,,0,
339143292899950593,<@339143292899950593>,Pleb,,no,unmanaged legacy,no-op,,,,,,,0,0,0.00,0,0,0.00,0.00,0,0,,0,,0,,0,,0,
339840662880911360,<@339840662880911360>,Pleb,,no,unmanaged legacy,no-op,,,,,,,0,0,0.00,0,0,0.00,0.00,0,0,,0,,0,,0,,0,
339851469580795904,<@339851469580795904>,Pleb,,no,unmanaged legacy,no-op,,,,,,,0,0,0.00,0,0,0.00,0.00,0,0,,0,,0,,0,,0,
339880079624765440,<@339880079624765440>,Pleb,,no,unmanaged legacy,no-op,,,,,,,0,0,0.00,0,0,0.00,0.00,0,0,,0,,0,,0,,0,
340949782464036864,<@340949782464036864>,Pleb,,no,unmanaged legacy,no-op,,,,,,,0,0,0.00,0,0,0.00,0.00,0,0,,0,,0,,0,,0,
341220411662663691,<@341220411662663691>,Pleb,,no,unmanaged legacy,no-op,,,,,,,0,0,0.00,0,0,0.00,0.00,0,0,,0,,0,,0,,0,
341278377371631636,<@341278377371631636>,Pleb,,no,unmanaged legacy,no-op,,,,,,,0,0,0.00,0,0,0.00,0.00,0,0,,0,,0,,0,,0,
342172982271148032,<@342172982271148032>,Pleb,,no,unmanaged legacy,no-op,,,,,,,0,0,0.00,0,0,0.00,0.00,0,0,,0,,0,,0,,0,
342769042043699203,<@342769042043699203>,Pleb,,no,unmanaged legacy,no-op,,,,,,,0,0,0.00,0,0,0.00,0.00,0,0,,0,,0,,0,,0,
343365842739789834,<@343365842739789834>,Pleb,,no,unmanaged legacy,no-op,,,,,,,0,0,0.00,0,0,0.00,0.00,0,0,,0,,0,,0,,0,
343419054419214348,<@343419054419214348>,Pleb,,no,unmanaged legacy,no-op,,,,,,,0,0,0.00,0,0,0.00,0.00,0,0,,0,,0,,0,,0,
344136084701184001,<@344136084701184001>,Pleb,,no,unmanaged legacy,no-op,,,,,,,0,0,0.00,0,0,0.00,0.00,0,0,,0,,0,,0,,0,
344407267451469824,<@344407267451469824>,Pleb,,no,unmanaged legacy,no-op,,,,,,,0,0,0.00,0,0,0.00,0.00,0,0,,0,,0,,0,,0,
344926198620487681,<@344926198620487681>,Pleb,,no,unmanaged legacy,no-op,,,,,,,0,0,0.00,0,0,0.00,0.00,0,0,,0,,0,,0,,0,
345231339056005143,<@345231339056005143>,Pleb,,no,unmanaged legacy,no-op,,,,,,,0,0,0.00,0,0,0.00,0.00,0,0,,0,,0,,0,,0,
346289729316192256,<@346289729316192256>,Pleb,,no,unmanaged legacy,no-op,,,,,,,0,0,0.00,0,0,0.00,0.00,0,0,,0,,0,,0,,0,
346361906170429451,<@346361906170429451>,Pleb,,no,unmanaged legacy,no-op,,,,,,,0,0,0.00,0,0,0.00,0.00,0,0,,0,,0,,0,,0,
347247495115440140,<@347247495115440140>,Pleb,,no,unmanaged legacy,no-op,,,,,,,0,0,0.00,0,0,0.00,0.00,0,0,,0,,0,,0,,0,
348452283656437760,<@348452283656437760>,Pleb,,no,unmanaged legacy,no-op,,,,,,,0,0,0.00,0,0,0.00,0.00,0,0,,0,,0,,0,,0,
348569622875865089,<@348569622875865089>,Pleb,,no,unmanaged legacy,no-op,,,,,,,0,0,0.00,0,0,0.00,0.00,0,0,,0,,0,,0,,0,
348780449948237827,<@348780449948237827>,Pleb,,no,unmanaged legacy,no-op,,,,,,,0,0,0.00,0,0,0.00,0.00,0,0,,0,,0,,0,,0,
348907824467804160,<@348907824467804160>,Pleb,,no,unmanaged legacy,no-op,,,,,,,0,0,0.00,0,0,0.00,0.00,0,0,,0,,0,,0,,0,
349203452838019073,<@349203452838019073>,Pleb,,no,unmanaged legacy,no-op,,,,,,,0,0,0.00,0,0,0.00,0.00,0,0,,0,,0,,0,,0,
349537520758816768,<@349537520758816768>,Pleb,,no,unmanaged legacy,no-op,,,,,,,0,0,0.00,0,0,0.00,0.00,0,0,,0,,0,,0,,0,
349780147882164237,<@349780147882164237>,Pleb,,no,unmanaged legacy,no-op,,,,,,,0,0,0.00,0,0,0.00,0.00,0,0,,0,,0,,0,,0,
350001294871756802,<@350001294871756802>,Pleb,,no,unmanaged legacy,no-op,,,,,,,0,0,0.00,0,0,0.00,0.00,0,0,,0,,0,,0,,0,
350592004255776768,<@350592004255776768>,Pleb,,no,unmanaged legacy,no-op,,,,,,,0,0,0.00,0,0,0.00,0.00,0,0,,0,,0,,0,,0,
351064309180137474,<@351064309180137474>,Pleb,,no,unmanaged legacy,no-op,,,,,,,0,0,0.00,0,0,0.00,0.00,0,0,,0,,0,,0,,0,
351532029709385728,<@351532029709385728>,Pleb,,no,unmanaged legacy,no-op,,,,,,,0,0,0.00,0,0,0.00,0.00,0,0,,0,,0,,0,,0,
351700610225143819,<@351700610225143819>,Pleb,,no,unmanaged legacy,no-op,,,,,,,0,0,0.00,0,0,0.00,0.00,0,0,,0,,0,,0,,0,
352131031136075787,<@352131031136075787>,Pleb,,no,unmanaged legacy,no-op,,,,,,,0,0,0.00,0,0,0.00,0.00,0,0,,0,,0,,0,,0,
352174384309469184,<@352174384309469184>,Pleb,,no,unmanaged legacy,no-op,,,,,,,0,0,0.00,0,0,0.00,0.00,0,0,,0,,0,,0,,0,
353763646612176899,<@353763646612176899>,Pleb,,no,unmanaged legacy,no-op,,,,,,,0,0,0.00,0,0,0.00,0.00,0,0,,0,,0,,0,,0,
353828133318819843,<@353828133318819843>,Pleb,,no,unmanaged legacy,no-op,,,,,,,0,0,0.00,0,0,0.00,0.00,0,0,,0,,0,,0,,0,
354331651603693569,<@354331651603693569>,Pleb,,no,unmanaged legacy,no-op,,,,,,,0,0,0.00,0,0,0.00,0.00,0,0,,0,,0,,0,,0,
354996269015498753,<@354996269015498753>,Pleb,,no,unmanaged legacy,no-op,,,,,,,0,0,0.00,0,0,0.00,0.00,0,0,,0,,0,,0,,0,
355035903233622016,<@355035903233622016>,Pleb,,no,unmanaged legacy,no-op,,,,,,,0,0,0.00,0,0,0.00,0.00,0,0,,0,,0,,0,,0,
356025407889342475,<@356025407889342475>,Pleb,,no,unmanaged legacy,no-op,,,,,,,0,0,0.00,0,0,0.00,0.00,0,0,,0,,0,,0,,0,
356314846410571776,<@356314846410571776>,Pleb,,no,unmanaged legacy,no-op,,,,,,,0,0,0.00,0,0,0.00,0.00,0,0,,0,,0,,0,,0,
356383590046629888,<@356383590046629888>,Pleb,,no,unmanaged legacy,no-op,,,,,,,0,0,0.00,0,0,0.00,0.00,0,0,,0,,0,,0,,0,
357159474923962369,<@357159474923962369>,Pleb,,no,unmanaged legacy,no-op,,,,,,,0,0,0.00,0,0,0.00,0.00,0,0,,0,,0,,0,,0,
357326910864228352,<@357326910864228352>,Pleb,,no,unmanaged legacy,no-op,,,,,,,0,0,0.00,0,0,0.00,0.00,0,0,,0,,0,,0,,0,
357623615530729475,<@357623615530729475>,Pleb,,no,unmanaged legacy,no-op,,,,,,,0,0,0.00,0,0,0.00,0.00,0,0,,0,,0,,0,,0,
357934509527662596,<@357934509527662596>,Pleb,,no,unmanaged legacy,no-op,,,,,,,0,0,0.00,0,0,0.00,0.00,0,0,,0,,0,,0,,0,
358889215766822914,<@358889215766822914>,Pleb,,no,unmanaged legacy,no-op,,,,,,,0,0,0.00,0,0,0.00,0.00,0,0,,0,,0,,0,,0,
359213472166182912,<@359213472166182912>,Pleb,,no,unmanaged legacy,no-op,,,,,,,0,0,0.00,0,0,0.00,0.00,0,0,,0,,0,,0,,0,
360914179307077633,<@360914179307077633>,Pleb,,no,unmanaged legacy,no-op,,,,,,,0,0,0.00,0,0,0.00,0.00,0,0,,0,,0,,0,,0,
361717305857671170,<@361717305857671170>,Pleb,,no,unmanaged legacy,no-op,,,,,,,0,0,0.00,0,0,0.00,0.00,0,0,,0,,0,,0,,0,
362471945419096065,<@362471945419096065>,Pleb,,no,unmanaged legacy,no-op,,,,,,,0,0,0.00,0,0,0.00,0.00,0,0,,0,,0,,0,,0,
363083852782108693,<@363083852782108693>,Pleb,,no,unmanaged legacy,no-op,,,,,,,0,0,0.00,0,0,0.00,0.00,0,0,,0,,0,,0,,0,
363261957052301322,<@363261957052301322>,Pleb,,no,unmanaged legacy,no-op,,,,,,,0,0,0.00,0,0,0.00,0.00,0,0,,0,,0,,0,,0,
363407617466302475,<@363407617466302475>,Pleb,,no,unmanaged legacy,no-op,,,,,,,0,0,0.00,0,0,0.00,0.00,0,0,,0,,0,,0,,0,
363668677205426177,<@363668677205426177>,Pleb,,no,unmanaged legacy,no-op,,,,,,,0,0,0.00,0,0,0.00,0.00,0,0,,0,,0,,0,,0,
364074357187674113,<@364074357187674113>,Pleb,,no,unmanaged legacy,no-op,,,,,,,0,0,0.00,0,0,0.00,0.00,0,0,,0,,0,,0,,0,
365122191857025024,<@365122191857025024>,Pleb,,no,unmanaged legacy,no-op,,,,,,,0,0,0.00,0,0,0.00,0.00,0,0,,0,,0,,0,,0,
365144223802064896,<@365144223802064896>,Pleb,,no,unmanaged legacy,no-op,,,,,,,0,0,0.00,0,0,0.00,0.00,0,0,,0,,0,,0,,0,
365167556715216897,<@365167556715216897>,Pleb,,no,unmanaged legacy,no-op,,,,,,,0,0,0.00,0,0,0.00,0.00,0,0,,0,,0,,0,,0,
365944967132086274,<@365944967132086274>,Pleb,,no,unmanaged legacy,no-op,,,,,,,0,0,0.00,0,0,0.00,0.00,0,0,,0,,0,,0,,0,
366281092086366220,<@366281092086366220>,Pleb,,no,unmanaged legacy,no-op,,,,,,,0,0,0.00,0,0,0.00,0.00,0,0,,0,,0,,0,,0,
366630952346189824,<@366630952346189824>,Pleb,,no,unmanaged legacy,no-op,,,,,,,0,0,0.00,0,0,0.00,0.00,0,0,,0,,0,,0,,0,
367420627013074944,<@367420627013074944>,Pleb,,no,unmanaged legacy,no-op,,,,,,,0,0,0.00,0,0,0.00,0.00,0,0,,0,,0,,0,,0,
367675034681999371,<@367675034681999371>,Pleb,,no,unmanaged legacy,no-op,,,,,,,0,0,0.00,0,0,0.00,0.00,0,0,,0,,0,,0,,0,
368588270939930624,<@368588270939930624>,Pleb,,no,unmanaged legacy,no-op,,,,,,,0,0,0.00,0,0,0.00,0.00,0,0,,0,,0,,0,,0,
368943000501616640,<@368943000501616640>,Pleb,,no,unmanaged legacy,no-op,,,,,,,0,0,0.00,0,0,0.00,0.00,0,0,,0,,0,,0,,0,
369125068439289866,<@369125068439289866>,Pleb,,no,unmanaged legacy,no-op,,,,,,,0,0,0.00,0,0,0.00,0.00,0,0,,0,,0,,0,,0,
369149781882437644,<@369149781882437644>,Pleb,,no,unmanaged legacy,no-op,,,,,,,0,0,0.00,0,0,0.00,0.00,0,0,,0,,0,,0,,0,
369519899556708352,<@369519899556708352>,Pleb,,no,unmanaged legacy,no-op,,,,,,,0,0,0.00,0,0,0.00,0.00,0,0,,0,,0,,0,,0,
369538105297862658,<@369538105297862658>,Pleb,,no,unmanaged legacy,no-op,,,,,,,0,0,0.00,0,0,0.00,0.00,0,0,,0,,0,,0,,0,
369896466640142336,<@369896466640142336>,Pleb,,no,unmanaged legacy,no-op,,,,,,,0,0,0.00,0,0,0.00,0.00,0,0,,0,,0,,0,,0,
370904351016878081,<@370904351016878081>,Pleb,,no,unmanaged legacy,no-op,,,,,,,0,0,0.00,0,0,0.00,0.00,0,0,,0,,0,,0,,0,
371032596748173313,<@371032596748173313>,Pleb,,no,unmanaged legacy,no-op,,,,,,,0,0,0.00,0,0,0.00,0.00,0,0,,0,,0,,0,,0,
371350078885199882,<@371350078885199882>,Pleb,,no,unmanaged legacy,no-op,,,,,,,0,0,0.00,0,0,0.00,0.00,0,0,,0,,0,,0,,0,
372824158507237376,<@372824158507237376>,Pleb,,no,unmanaged legacy,no-op,,,,,,,0,0,0.00,0,0,0.00,0.00,0,0,,0,,0,,0,,0,
373144967029194762,<@373144967029194762>,Pleb,,no,unmanaged legacy,no-op,,,,,,,0,0,0.00,0,0,0.00,0.00,0,0,,0,,0,,0,,0,
373336941468450816,<@373336941468450816>,Pleb,,no,unmanaged legacy,no-op,,,,,,,0,0,0.00,0,0,0.00,0.00,0,0,,0,,0,,0,,0,
373555756626345984,<@373555756626345984>,Pleb,,no,unmanaged legacy,no-op,,,,,,,0,0,0.00,0,0,0.00,0.00,0,0,,0,,0,,0,,0,
373742881531232258,<@373742881531232258>,Pleb,,no,unmanaged legacy,no-op,,,,,,,0,0,0.00,0,0,0.00,0.00,0,0,,0,,0,,0,,0,
373961404056731649,<@373961404056731649>,Pleb,,no,unmanaged legacy,no-op,,,,,,,0,0,0.00,0,0,0.00,0.00,0,0,,0,,0,,0,,0,
374247480088592384,<@374247480088592384>,Pleb,,no,unmanaged legacy,no-op,,,,,,,0,0,0.00,0,0,0.00,0.00,0,0,,0,,0,,0,,0,
374504315022344202,<@374504315022344202>,Pleb,,no,unmanaged legacy,no-op,,,,,,,0,0,0.00,0,0,0.00,0.00,0,0,,0,,0,,0,,0,
375366568655323146,<@375366568655323146>,Pleb,,no,unmanaged legacy,no-op,,,,,,,0,0,0.00,0,0,0.00,0.00,0,0,,0,,0,,0,,0,
375824110183514114,<@375824110183514114>,Pleb,,no,unmanaged legacy,no-op,,,,,,,0,0,0.00,0,0,0.00,0.00,0,0,,0,,0,,0,,0,
376098401470644226,<@376098401470644226>,Pleb,,no,unmanaged legacy,no-op,,,,,,,0,0,0.00,0,0,0.00,0.00,0,0,,0,,0,,0,,0,
376387445840805889,<@376387445840805889>,Pleb,,no,unmanaged legacy,no-op,,,,,,,0,0,0.00,0,0,0.00,0.00,0,0,,0,,0,,0,,0,
376627570013372428,<@376627570013372428>,Pleb,,no,unmanaged legacy,no-op,,,,,,,0,0,0.00,0,0,0.00,0.00,0,0,,0,,0,,0,,0,
376771349122646017,<@376771349122646017>,Pleb,,no,unmanaged legacy,no-op,,,,,,,0,0,0.00,0,0,0.00,0.00,0,0,,0,,0,,0,,0,
377523589488050178,<@377523589488050178>,Pleb,,no,unmanaged legacy,no-op,,,,,,,0,0,0.00,0,0,0.00,0.00,0,0,,0,,0,,0,,0,
377552129696727042,<@377552129696727042>,Pleb,,no,unmanaged legacy,no-op,,,,,,,0,0,0.00,0,0,0.00,0.00,0,0,,0,,0,,0,,0,
377558639927492610,<@377558639927492610>,Pleb,,no,unmanaged legacy,no-op,,,,,,,0,0,0.00,0,0,0.00,0.00,0,0,,0,,0,,0,,0,
377587032295342081,<@377587032295342081>,Pleb,,no,unmanaged legacy,no-op,,,,,,,0,0,0.00,0,0,0.00,0.00,0,0,,0,,0,,0,,0,
377717079446650883,<@377717079446650883>,Pleb,,no,unmanaged legacy,no-op,,,,,,,0,0,0.00,0,0,0.00,0.00,0,0,,0,,0,,0,,0,
377827153968103426,<@377827153968103426>,Pleb,,no,unmanaged legacy,no-op,,,,,,,0,0,0.00,0,0,0.00,0.00,0,0,,0,,0,,0,,0,
377916819069206528,<@377916819069206528>,Pleb,,no,unmanaged legacy,no-op,,,,,,,0,0,0.00,0,0,0.00,0.00,0,0,,0,,0,,0,,0,
378290528363741185,<@378290528363741185>,Pleb,,no,unmanaged legacy,no-op,,,,,,,0,0,0.00,0,0,0.00,0.00,0,0,,0,,0,,0,,0,
379135504420962315,<@379135504420962315>,Pleb,,no,unmanaged legacy,no-op,,,,,,,0,0,0.00,0,0,0.00,0.00,0,0,,0,,0,,0,,0,
379682276381949952,<@379682276381949952>,Pleb,,no,unmanaged legacy,no-op,,,,,,,0,0,0.00,0,0,0.00,0.00,0,0,,0,,0,,0,,0,
379971109828689922,<@379971109828689922>,Pleb,,no,unmanaged legacy,no-op,,,,,,,0,0,0.00,0,0,0.00,0.00,0,0,,0,,0,,0,,0,
380004045676347395,<@380004045676347395>,Pleb,,no,unmanaged legacy,no-op,,,,,,,0,0,0.00,0,0,0.00,0.00,0,0,,0,,0,,0,,0,
380148539059208193,<@380148539059208193>,Pleb,,no,unmanaged legacy,no-op,,,,,,,0,0,0.00,0,0,0.00,0.00,0,0,,0,,0,,0,,0,
380644101625872384,<@380644101625872384>,Pleb,,no,unmanaged legacy,no-op,,,,,,,0,0,0.00,0,0,0.00,0.00,0,0,,0,,0,,0,,0,
380925537243365376,<@380925537243365376>,Pleb,,no,unmanaged legacy,no-op,,,,,,,0,0,0.00,0,0,0.00,0.00,0,0,,0,,0,,0,,0,
383106660853350412,<@383106660853350412>,Pleb,,no,unmanaged legacy,no-op,,,,,,,0,0,0.00,0,0,0.00,0.00,0,0,,0,,0,,0,,0,
384473794158395392,<@384473794158395392>,Pleb,,no,unmanaged legacy,no-op,,,,,,,0,0,0.00,0,0,0.00,0.00,0,0,,0,,0,,0,,0,
384599430894059520,<@384599430894059520>,Pleb,,no,unmanaged legacy,no-op,,,,,,,0,0,0.00,0,0,0.00,0.00,0,0,,0,,0,,0,,0,
384949562541867009,<@384949562541867009>,Pleb,,no,unmanaged legacy,no-op,,,,,,,0,0,0.00,0,0,0.00,0.00,0,0,,0,,0,,0,,0,
385559848110129173,<@385559848110129173>,Pleb,,no,unmanaged legacy,no-op,,,,,,,0,0,0.00,0,0,0.00,0.00,0,0,,0,,0,,0,,0,
386528906343219201,<@386528906343219201>,Pleb,,no,unmanaged legacy,no-op,,,,,,,0,0,0.00,0,0,0.00,0.00,0,0,,0,,0,,0,,0,
386613550971486210,<@386613550971486210>,Pleb,,no,unmanaged legacy,no-op,,,,,,,0,0,0.00,0,0,0.00,0.00,0,0,,0,,0,,0,,0,
386792568811159562,<@386792568811159562>,Pleb,,no,unmanaged legacy,no-op,,,,,,,0,0,0.00,0,0,0.00,0.00,0,0,,0,,0,,0,,0,
387642927385542657,<@387642927385542657>,Pleb,,no,unmanaged legacy,no-op,,,,,,,0,0,0.00,0,0,0.00,0.00,0,0,,0,,0,,0,,0,
388021526236233728,<@388021526236233728>,Pleb,,no,unmanaged legacy,no-op,,,,,,,0,0,0.00,0,0,0.00,0.00,0,0,,0,,0,,0,,0,
388446525866639360,<@388446525866639360>,Pleb,,no,unmanaged legacy,no-op,,,,,,,0,0,0.00,0,0,0.00,0.00,0,0,,0,,0,,0,,0,
388988038190989314,<@388988038190989314>,Pleb,,no,unmanaged legacy,no-op,,,,,,,0,0,0.00,0,0,0.00,0.00,0,0,,0,,0,,0,,0,
389016207329722370,<@389016207329722370>,Pleb,,no,unmanaged legacy,no-op,,,,,,,0,0,0.00,0,0,0.00,0.00,0,0,,0,,0,,0,,0,
389798529263992833,<@389798529263992833>,Pleb,,no,unmanaged legacy,no-op,,,,,,,0,0,0.00,0,0,0.00,0.00,0,0,,0,,0,,0,,0,
390170016382976009,<@390170016382976009>,Pleb,,no,unmanaged legacy,no-op,,,,,,,0,0,0.00,0,0,0.00,0.00,0,0,,0,,0,,0,,0,
390761015760912384,<@390761015760912384>,Pleb,,no,unmanaged legacy,no-op,,,,,,,0,0,0.00,0,0,0.00,0.00,0,0,,0,,0,,0,,0,
392039138179940362,<@392039138179940362>,Pleb,,no,unmanaged legacy,no-op,,,,,,,0,0,0.00,0,0,0.00,0.00,0,0,,0,,0,,0,,0,
392374042344292393,<@392374042344292393>,Pleb,,no,unmanaged legacy,no-op,,,,,,,0,0,0.00,0,0,0.00,0.00,0,0,,0,,0,,0,,0,
392380461982285824,<@392380461982285824>,Pleb,,no,unmanaged legacy,no-op,,,,,,,0,0,0.00,0,0,0.00,0.00,0,0,,0,,0,,0,,0,
392765517309673484,<@392765517309673484>,Pleb,,no,unmanaged legacy,no-op,,,,,,,0,0,0.00,0,0,0.00,0.00,0,0,,0,,0,,0,,0,
394256821810102283,<@394256821810102283>,Pleb,,no,unmanaged legacy,no-op,,,,,,,0,0,0.00,0,0,0.00,0.00,0,0,,0,,0,,0,,0,
394984189549871104,<@394984189549871104>,Pleb,,no,unmanaged legacy,no-op,,,,,,,0,0,0.00,0,0,0.00,0.00,0,0,,0,,0,,0,,0,
395071355030208534,<@395071355030208534>,Pleb,,no,unmanaged legacy,no-op,,,,,,,0,0,0.00,0,0,0.00,0.00,0,0,,0,,0,,0,,0,
396307890014781476,<@396307890014781476>,Pleb,,no,unmanaged legacy,no-op,,,,,,,0,0,0.00,0,0,0.00,0.00,0,0,,0,,0,,0,,0,
396735401299148801,<@396735401299148801>,Pleb,,no,unmanaged legacy,no-op,,,,,,,0,0,0.00,0,0,0.00,0.00,0,0,,0,,0,,0,,0,
397005868635258882,<@397005868635258882>,Pleb,,no,unmanaged legacy,no-op,,,,,,,0,0,0.00,0,0,0.00,0.00,0,0,,0,,0,,0,,0,
397217063493566464,<@397217063493566464>,Pleb,,no,unmanaged legacy,no-op,,,,,,,0,0,0.00,0,0,0.00,0.00,0,0,,0,,0,,0,,0,
397588860781199380,<@397588860781199380>,Pleb,,no,unmanaged legacy,no-op,,,,,,,0,0,0.00,0,0,0.00,0.00,0,0,,0,,0,,0,,0,
398462136680054784,<@398462136680054784>,Pleb,,no,unmanaged legacy,no-op,,,,,,,0,0,0.00,0,0,0.00,0.00,0,0,,0,,0,,0,,0,
399131576874696704,<@399131576874696704>,Pleb,,no,unmanaged legacy,no-op,,,,,,,0,0,0.00,0,0,0.00,0.00,0,0,,0,,0,,0,,0,
399559078185271306,<@399559078185271306>,Pleb,,no,unmanaged legacy,no-op,,,,,,,0,0,0.00,0,0,0.00,0.00,0,0,,0,,0,,0,,0,
400007880905981952,<@400007880905981952>,Pleb,,no,unmanaged legacy,no-op,,,,,,,0,0,0.00,0,0,0.00,0.00,0,0,,0,,0,,0,,0,
401729212597272577,<@401729212597272577>,Pleb,,no,unmanaged legacy,no-op,,,,,,,0,0,0.00,0,0,0.00,0.00,0,0,,0,,0,,0,,0,
402269843300155392,<@402269843300155392>,Pleb,,no,unmanaged legacy,no-op,,,,,,,0,0,0.00,0,0,0.00,0.00,0,0,,0,,0,,0,,0,
402497333725757450,<@402497333725757450>,Pleb,,no,unmanaged legacy,no-op,,,,,,,0,0,0.00,0,0,0.00,0.00,0,0,,0,,0,,0,,0,
402602202260045824,<@402602202260045824>,Pleb,,no,unmanaged legacy,no-op,,,,,,,0,0,0.00,0,0,0.00,0.00,0,0,,0,,0,,0,,0,
403239757489897482,<@403239757489897482>,Pleb,,no,unmanaged legacy,no-op,,,,,,,0,0,0.00,0,0,0.00,0.00,0,0,,0,,0,,0,,0,
403644846016823337,<@403644846016823337>,Pleb,,no,unmanaged legacy,no-op,,,,,,,0,0,0.00,0,0,0.00,0.00,0,0,,0,,0,,0,,0,
405621561224200194,<@405621561224200194>,Pleb,,no,unmanaged legacy,no-op,,,,,,,0,0,0.00,0,0,0.00,0.00,0,0,,0,,0,,0,,0,
406777508587896832,<@406777508587896832>,Pleb,,no,unmanaged legacy,no-op,,,,,,,0,0,0.00,0,0,0.00,0.00,0,0,,0,,0,,0,,0,
407167493698879511,<@407167493698879511>,Pleb,,no,unmanaged legacy,no-op,,,,,,,0,0,0.00,0,0,0.00,0.00,0,0,,0,,0,,0,,0,
408291970742485022,<@408291970742485022>,Pleb,,no,unmanaged legacy,no-op,,,,,,,0,0,0.00,0,0,0.00,0.00,0,0,,0,,0,,0,,0,
409023824395370498,<@409023824395370498>,Pleb,,no,unmanaged legacy,no-op,,,,,,,0,0,0.00,0,0,0.00,0.00,0,0,,0,,0,,0,,0,
409705618199412736,<@409705618199412736>,Pleb,,no,unmanaged legacy,no-op,,,,,,,0,0,0.00,0,0,0.00,0.00,0,0,,0,,0,,0,,0,
409707826559188992,<@409707826559188992>,Pleb,,no,unmanaged legacy,no-op,,,,,,,0,0,0.00,0,0,0.00,0.00,0,0,,0,,0,,0,,0,
411553142698934272,<@411553142698934272>,Squire,,no,unmanaged legacy,no-op,,,,,,,0,0,0.00,0,0,0.00,0.00,0,0,,0,,0,,0,,0,
413474101009711104,<@413474101009711104>,Pleb,,no,unmanaged legacy,no-op,,,,,,,0,0,0.00,0,0,0.00,0.00,0,0,,0,,0,,0,,0,
414236688152526850,<@414236688152526850>,Pleb,,no,unmanaged legacy,no-op,,,,,,,0,0,0.00,0,0,0.00,0.00,0,0,,0,,0,,0,,0,
415870237867507733,<@415870237867507733>,Pleb,,no,unmanaged legacy,no-op,,,,,,,0,0,0.00,0,0,0.00,0.00,0,0,,0,,0,,0,,0,
416353879123427338,<@416353879123427338>,Pleb,,no,unmanaged legacy,no-op,,,,,,,0,0,0.00,0,0,0.00,0.00,0,0,,0,,0,,0,,0,
416947191899488276,<@416947191899488276>,Squire,,no,unmanaged legacy,no-op,,,,,,,0,0,0.00,0,0,0.00,0.00,0,0,,0,,0,,0,,0,
417037997083459615,<@417037997083459615>,Pleb,,no,unmanaged legacy,no-op,,,,,,,0,0,0.00,0,0,0.00,0.00,0,0,,0,,0,,0,,0,
417381871815622657,<@417381871815622657>,Pleb,,no,unmanaged legacy,no-op,,,,,,,0,0,0.00,0,0,0.00,0.00,0,0,,0,,0,,0,,0,
417394322497863682,<@417394322497863682>,Pleb,,no,unmanaged legacy,no-op,,,,,,,0,0,0.00,0,0,0.00,0.00,0,0,,0,,0,,0,,0,
419141569204191232,<@419141569204191232>,Pleb,,no,unmanaged legacy,no-op,,,,,,,0,0,0.00,0,0,0.00,0.00,0,0,,0,,0,,0,,0,
419182869555052557,<@419182869555052557>,Pleb,,no,unmanaged legacy,no-op,,,,,,,0,0,0.00,0,0,0.00,0.00,0,0,,0,,0,,0,,0,
419921640386986004,<@419921640386986004>,Pleb,,no,unmanaged legacy,no-op,,,,,,,0,0,0.00,0,0,0.00,0.00,0,0,,0,,0,,0,,0,
420291403902615554,<@420291403902615554>,Pleb,,no,unmanaged legacy,no-op,,,,,,,0,0,0.00,0,0,0.00,0.00,0,0,,0,,0,,0,,0,
420357756676079616,<@420357756676079616>,Pleb,,no,unmanaged legacy,no-op,,,,,,,0,0,0.00,0,0,0.00,0.00,0,0,,0,,0,,0,,0,
420629701221154816,<@420629701221154816>,Pleb,,no,unmanaged legacy,no-op,,,,,,,0,0,0.00,0,0,0.00,0.00,0,0,,0,,0,,0,,0,
421274872786845696,<@421274872786845696>,Pleb,,no,unmanaged legacy,no-op,,,,,,,0,0,0.00,0,0,0.00,0.00,0,0,,0,,0,,0,,0,
422418298915782689,<@422418298915782689>,Pleb,,no,unmanaged legacy,no-op,,,,,,,0,0,0.00,0,0,0.00,0.00,0,0,,0,,0,,0,,0,
423493493776973834,<@423493493776973834>,Pleb,,no,unmanaged legacy,no-op,,,,,,,0,0,0.00,0,0,0.00,0.00,0,0,,0,,0,,0,,0,
423930585451593729,<@423930585451593729>,Pleb,,no,unmanaged legacy,no-op,,,,,,,0,0,0.00,0,0,0.00,0.00,0,0,,0,,0,,0,,0,
424212992025034752,<@424212992025034752>,Pleb,,no,unmanaged legacy,no-op,,,,,,,0,0,0.00,0,0,0.00,0.00,0,0,,0,,0,,0,,0,
424280936885125121,<@424280936885125121>,Pleb,,no,unmanaged legacy,no-op,,,,,,,0,0,0.00,0,0,0.00,0.00,0,0,,0,,0,,0,,0,
424670415588425729,<@424670415588425729>,Pleb,,no,unmanaged legacy,no-op,,,,,,,0,0,0.00,0,0,0.00,0.00,0,0,,0,,0,,0,,0,
425324848013770763,<@425324848013770763>,Pleb,,no,unmanaged legacy,no-op,,,,,,,0,0,0.00,0,0,0.00,0.00,0,0,,0,,0,,0,,0,
426406503314882570,<@426406503314882570>,Pleb,,no,unmanaged legacy,no-op,,,,,,,0,0,0.00,0,0,0.00,0.00,0,0,,0,,0,,0,,0,
426874371190030336,<@426874371190030336>,Pleb,,no,unmanaged legacy,no-op,,,,,,,0,0,0.00,0,0,0.00,0.00,0,0,,0,,0,,0,,0,
426974023604502528,<@426974023604502528>,Pleb,,no,unmanaged legacy,no-op,,,,,,,0,0,0.00,0,0,0.00,0.00,0,0,,0,,0,,0,,0,
427009426860277761,<@427009426860277761>,Pleb,,no,unmanaged legacy,no-op,,,,,,,0,0,0.00,0,0,0.00,0.00,0,0,,0,,0,,0,,0,
427132831303598085,<@427132831303598085>,Pleb,,no,unmanaged legacy,no-op,,,,,,,0,0,0.00,0,0,0.00,0.00,0,0,,0,,0,,0,,0,
427192833934360579,<@427192833934360579>,Pleb,,no,unmanaged legacy,no-op,,,,,,,0,0,0.00,0,0,0.00,0.00,0,0,,0,,0,,0,,0,
429041778046533645,<@429041778046533645>,Pleb,,no,unmanaged legacy,no-op,,,,,,,0,0,0.00,0,0,0.00,0.00,0,0,,0,,0,,0,,0,
429711397388156948,<@429711397388156948>,Pleb,,no,unmanaged legacy,no-op,,,,,,,0,0,0.00,0,0,0.00,0.00,0,0,,0,,0,,0,,0,
430096461032849418,<@430096461032849418>,Pleb,,no,unmanaged legacy,no-op,,,,,,,0,0,0.00,0,0,0.00,0.00,0,0,,0,,0,,0,,0,
430592855409557504,<@430592855409557504>,Pleb,,no,unmanaged legacy,no-op,,,,,,,0,0,0.00,0,0,0.00,0.00,0,0,,0,,0,,0,,0,
430717175741939713,<@430717175741939713>,Pleb,,no,unmanaged legacy,no-op,,,,,,,0,0,0.00,0,0,0.00,0.00,0,0,,0,,0,,0,,0,
430821068761071616,<@430821068761071616>,Pleb,,no,unmanaged legacy,no-op,,,,,,,0,0,0.00,0,0,0.00,0.00,0,0,,0,,0,,0,,0,
430859344989650954,<@430859344989650954>,Pleb,,no,unmanaged legacy,no-op,,,,,,,0,0,0.00,0,0,0.00,0.00,0,0,,0,,0,,0,,0,
431142517908570122,<@431142517908570122>,Pleb,,no,unmanaged legacy,no-op,,,,,,,0,0,0.00,0,0,0.00,0.00,0,0,,0,,0,,0,,0,
431582428495347732,<@431582428495347732>,Pleb,,no,unmanaged legacy,no-op,,,,,,,0,0,0.00,0,0,0.00,0.00,0,0,,0,,0,,0,,0,
432194658635087904,<@432194658635087904>,Pleb,,no,unmanaged legacy,no-op,,,,,,,0,0,0.00,0,0,0.00,0.00,0,0,,0,,0,,0,,0,
433278693880758323,<@433278693880758323>,Pleb,,no,unmanaged legacy,no-op,,,,,,,0,0,0.00,0,0,0.00,0.00,0,0,,0,,0,,0,,0,
435586628002512908,<@435586628002512908>,Pleb,,no,unmanaged legacy,no-op,,,,,,,0,0,0.00,0,0,0.00,0.00,0,0,,0,,0,,0,,0,
435846693892915210,<@435846693892915210>,Pleb,,no,unmanaged legacy,no-op,,,,,,,0,0,0.00,0,0,0.00,0.00,0,0,,0,,0,,0,,0,
436590856074690572,<@436590856074690572>,Pleb,,no,unmanaged legacy,no-op,,,,,,,0,0,0.00,0,0,0.00,0.00,0,0,,0,,0,,0,,0,
436604978757369867,<@436604978757369867>,Pleb,,no,unmanaged legacy,no-op,,,,,,,0,0,0.00,0,0,0.00,0.00,0,0,,0,,0,,0,,0,
436917040452993024,<@436917040452993024>,Pleb,,no,unmanaged legacy,no-op,,,,,,,0,0,0.00,0,0,0.00,0.00,0,0,,0,,0,,0,,0,
439149468441509908,<@439149468441509908>,Pleb,,no,unmanaged legacy,no-op,,,,,,,0,0,0.00,0,0,0.00,0.00,0,0,,0,,0,,0,,0,
439743533507805195,<@439743533507805195>,Pleb,,no,unmanaged legacy,no-op,,,,,,,0,0,0.00,0,0,0.00,0.00,0,0,,0,,0,,0,,0,
439815480027512845,<@439815480027512845>,Pleb,,no,unmanaged legacy,no-op,,,,,,,0,0,0.00,0,0,0.00,0.00,0,0,,0,,0,,0,,0,
442262335344607242,<@442262335344607242>,Pleb,,no,unmanaged legacy,no-op,,,,,,,0,0,0.00,0,0,0.00,0.00,0,0,,0,,0,,0,,0,
442489736792244247,<@442489736792244247>,Pleb,,no,unmanaged legacy,no-op,,,,,,,0,0,0.00,0,0,0.00,0.00,0,0,,0,,0,,0,,0,
442651981706952715,<@442651981706952715>,Pleb,,no,unmanaged legacy,no-op,,,,,,,0,0,0.00,0,0,0.00,0.00,0,0,,0,,0,,0,,0,
444366379273945100,<@444366379273945100>,Pleb,,no,unmanaged legacy,no-op,,,,,,,0,0,0.00,0,0,0.00,0.00,0,0,,0,,0,,0,,0,
444557163051089950,<@444557163051089950>,Pleb,,no,unmanaged legacy,no-op,,,,,,,0,0,0.00,0,0,0.00,0.00,0,0,,0,,0,,0,,0,
444660275153469440,<@444660275153469440>,Pleb,,no,unmanaged legacy,no-op,,,,,,,0,0,0.00,0,0,0.00,0.00,0,0,,0,,0,,0,,0,
445308717928284181,<@445308717928284181>,Pleb,,no,unmanaged legacy,no-op,,,,,,,0,0,0.00,0,0,0.00,0.00,0,0,,0,,0,,0,,0,
445958910344560641,<@445958910344560641>,Pleb,,no,unmanaged legacy,no-op,,,,,,,0,0,0.00,0,0,0.00,0.00,0,0,,0,,0,,0,,0,
446395406755299341,<@446395406755299341>,Pleb,,no,unmanaged legacy,no-op,,,,,,,0,0,0.00,0,0,0.00,0.00,0,0,,0,,0,,0,,0,
446472020390182933,<@446472020390182933>,Pleb,,no,unmanaged legacy,no-op,,,,,,,0,0,0.00,0,0,0.00,0.00,0,0,,0,,0,,0,,0,
446869108068319243,<@446869108068319243>,Pleb,,no,unmanaged legacy,no-op,,,,,,,0,0,0.00,0,0,0.00,0.00,0,0,,0,,0,,0,,0,
447342345453830154,<@447342345453830154>,Pleb,,no,unmanaged legacy,no-op,,,,,,,0,0,0.00,0,0,0.00,0.00,0,0,,0,,0,,0,,0,
448400406737846289,<@448400406737846289>,Pleb,,no,unmanaged legacy,no-op,,,,,,,0,0,0.00,0,0,0.00,0.00,0,0,,0,,0,,0,,0,
448980547239411733,<@448980547239411733>,Pleb,,no,unmanaged legacy,no-op,,,,,,,0,0,0.00,0,0,0.00,0.00,0,0,,0,,0,,0,,0,
449081246484660234,<@449081246484660234>,Pleb,,no,unmanaged legacy,no-op,,,,,,,0,0,0.00,0,0,0.00,0.00,0,0,,0,,0,,0,,0,
449248865988902932,<@449248865988902932>,Pleb,,no,unmanaged legacy,no-op,,,,,,,0,0,0.00,0,0,0.00,0.00,0,0,,0,,0,,0,,0,
449720706666594334,<@449720706666594334>,Pleb,,no,unmanaged legacy,no-op,,,,,,,0,0,0.00,0,0,0.00,0.00,0,0,,0,,0,,0,,0,
449771266900230145,<@449771266900230145>,Pleb,,no,unmanaged legacy,no-op,,,,,,,0,0,0.00,0,0,0.00,0.00,0,0,,0,,0,,0,,0,
450042298294599686,<@450042298294599686>,Pleb,,no,unmanaged legacy,no-op,,,,,,,0,0,0.00,0,0,0.00,0.00,0,0,,0,,0,,0,,0,
450713056121585664,<@450713056121585664>,Pleb,,no,unmanaged legacy,no-op,,,,,,,0,0,0.00,0,0,0.00,0.00,0,0,,0,,0,,0,,0,
451220864793575424,<@451220864793575424>,Pleb,,no,unmanaged legacy,no-op,,,,,,,0,0,0.00,0,0,0.00,0.00,0,0,,0,,0,,0,,0,
452235607280713728,<@452235607280713728>,Pleb,,no,unmanaged legacy,no-op,,,,,,,0,0,0.00,0,0,0.00,0.00,0,0,,0,,0,,0,,0,
452331658499063839,<@452331658499063839>,Pleb,,no,unmanaged legacy,no-op,,,,,,,0,0,0.00,0,0,0.00,0.00,0,0,,0,,0,,0,,0,
452678102397747201,<@452678102397747201>,Pleb,,no,unmanaged legacy,no-op,,,,,,,0,0,0.00,0,0,0.00,0.00,0,0,,0,,0,,0,,0,
454312983909367808,<@454312983909367808>,Elite,,no,unmanaged legacy,no-op,,,,,,,0,0,0.00,0,0,0.00,0.00,0,0,,0,,0,,0,,0,
454683623061323778,<@454683623061323778>,Pleb,,no,unmanaged legacy,no-op,,,,,,,0,0,0.00,0,0,0.00,0.00,0,0,,0,,0,,0,,0,
454708365915062272,<@454708365915062272>,Pleb,,no,unmanaged legacy,no-op,,,,,,,0,0,0.00,0,0,0.00,0.00,0,0,,0,,0,,0,,0,
456027795097649167,<@456027795097649167>,Pleb,,no,unmanaged legacy,no-op,,,,,,,0,0,0.00,0,0,0.00,0.00,0,0,,0,,0,,0,,0,
456108887201021963,<@456108887201021963>,Pleb,,no,unmanaged legacy,no-op,,,,,,,0,0,0.00,0,0,0.00,0.00,0,0,,0,,0,,0,,0,
456594420041646090,<@456594420041646090>,Pleb,,no,unmanaged legacy,no-op,,,,,,,0,0,0.00,0,0,0.00,0.00,0,0,,0,,0,,0,,0,
457154503188152320,<@457154503188152320>,Pleb,,no,unmanaged legacy,no-op,,,,,,,0,0,0.00,0,0,0.00,0.00,0,0,,0,,0,,0,,0,
457545230632091690,<@457545230632091690>,Pleb,,no,unmanaged legacy,no-op,,,,,,,0,0,0.00,0,0,0.00,0.00,0,0,,0,,0,,0,,0,
459092712952692780,<@459092712952692780>,Pleb,,no,unmanaged legacy,no-op,,,,,,,0,0,0.00,0,0,0.00,0.00,0,0,,0,,0,,0,,0,
459862925029408791,<@459862925029408791>,Pleb,,no,unmanaged legacy,no-op,,,,,,,0,0,0.00,0,0,0.00,0.00,0,0,,0,,0,,0,,0,
459981089989984256,<@459981089989984256>,Pleb,,no,unmanaged legacy,no-op,,,,,,,0,0,0.00,0,0,0.00,0.00,0,0,,0,,0,,0,,0,
461762551018160128,<@461762551018160128>,Pleb,,no,unmanaged legacy,no-op,,,,,,,0,0,0.00,0,0,0.00,0.00,0,0,,0,,0,,0,,0,
462177877501280277,<@462177877501280277>,Pleb,,no,unmanaged legacy,no-op,,,,,,,0,0,0.00,0,0,0.00,0.00,0,0,,0,,0,,0,,0,
463768796742680611,<@463768796742680611>,Pleb,,no,unmanaged legacy,no-op,,,,,,,0,0,0.00,0,0,0.00,0.00,0,0,,0,,0,,0,,0,
464024376384159744,<@464024376384159744>,Pleb,,no,unmanaged legacy,no-op,,,,,,,0,0,0.00,0,0,0.00,0.00,0,0,,0,,0,,0,,0,
464066791329497118,<@464066791329497118>,Pleb,,no,unmanaged legacy,no-op,,,,,,,0,0,0.00,0,0,0.00,0.00,0,0,,0,,0,,0,,0,
464761099405885440,<@464761099405885440>,Pleb,,no,unmanaged legacy,no-op,,,,,,,0,0,0.00,0,0,0.00,0.00,0,0,,0,,0,,0,,0,
465407367568424980,<@465407367568424980>,Pleb,,no,unmanaged legacy,no-op,,,,,,,0,0,0.00,0,0,0.00,0.00,0,0,,0,,0,,0,,0,
465897707593138182,<@465897707593138182>,Pleb,,no,unmanaged legacy,no-op,,,,,,,0,0,0.00,0,0,0.00,0.00,0,0,,0,,0,,0,,0,
467275557747294218,<@467275557747294218>,Pleb,,no,unmanaged legacy,no-op,,,,,,,0,0,0.00,0,0,0.00,0.00,0,0,,0,,0,,0,,0,
467524522741071903,<@467524522741071903>,Pleb,,no,unmanaged legacy,no-op,,,,,,,0,0,0.00,0,0,0.00,0.00,0,0,,0,,0,,0,,0,
467777895092453396,<@467777895092453396>,Pleb,,no,unmanaged legacy,no-op,,,,,,,0,0,0.00,0,0,0.00,0.00,0,0,,0,,0,,0,,0,
467950570402217984,<@467950570402217984>,Pleb,,no,unmanaged legacy,no-op,,,,,,,0,0,0.00,0,0,0.00,0.00,0,0,,0,,0,,0,,0,
468449439988580352,<@468449439988580352>,Pleb,,no,unmanaged legacy,no-op,,,,,,,0,0,0.00,0,0,0.00,0.00,0,0,,0,,0,,0,,0,
468487154180292618,<@468487154180292618>,Pleb,,no,unmanaged legacy,no-op,,,,,,,0,0,0.00,0,0,0.00,0.00,0,0,,0,,0,,0,,0,
468590607162540032,<@468590607162540032>,Pleb,,no,unmanaged legacy,no-op,,,,,,,0,0,0.00,0,0,0.00,0.00,0,0,,0,,0,,0,,0,
469372333090537472,<@469372333090537472>,Pleb,,no,unmanaged legacy,no-op,,,,,,,0,0,0.00,0,0,0.00,0.00,0,0,,0,,0,,0,,0,
470509004041486337,<@470509004041486337>,Pleb,,no,unmanaged legacy,no-op,,,,,,,0,0,0.00,0,0,0.00,0.00,0,0,,0,,0,,0,,0,
470647240415772690,<@470647240415772690>,Pleb,,no,unmanaged legacy,no-op,,,,,,,0,0,0.00,0,0,0.00,0.00,0,0,,0,,0,,0,,0,
470774189012549635,<@470774189012549635>,Pleb,,no,unmanaged legacy,no-op,,,,,,,0,0,0.00,0,0,0.00,0.00,0,0,,0,,0,,0,,0,
471726363762622485,<@471726363762622485>,Pleb,,no,unmanaged legacy,no-op,,,,,,,0,0,0.00,0,0,0.00,0.00,0,0,,0,,0,,0,,0,
472720478839111691,<@472720478839111691>,Pleb,,no,unmanaged legacy,no-op,,,,,,,0,0,0.00,0,0,0.00,0.00,0,0,,0,,0,,0,,0,
472950864747823105,<@472950864747823105>,Pleb,,no,unmanaged legacy,no-op,,,,,,,0,0,0.00,0,0,0.00,0.00,0,0,,0,,0,,0,,0,
473489684568473604,<@473489684568473604>,Pleb,,no,unmanaged legacy,no-op,,,,,,,0,0,0.00,0,0,0.00,0.00,0,0,,0,,0,,0,,0,
473677371615084545,<@473677371615084545>,Pleb,,no,unmanaged legacy,no-op,,,,,,,0,0,0.00,0,0,0.00,0.00,0,0,,0,,0,,0,,0,
474668707927425032,<@474668707927425032>,Pleb,,no,unmanaged legacy,no-op,,,,,,,0,0,0.00,0,0,0.00,0.00,0,0,,0,,0,,0,,0,
476026483744178187,<@476026483744178187>,Pleb,,no,unmanaged legacy,no-op,,,,,,,0,0,0.00,0,0,0.00,0.00,0,0,,0,,0,,0,,0,
476321544000372736,<@476321544000372736>,Pleb,,no,unmanaged legacy,no-op,,,,,,,0,0,0.00,0,0,0.00,0.00,0,0,,0,,0,,0,,0,
477581564562243594,<@477581564562243594>,Pleb,,no,unmanaged legacy,no-op,,,,,,,0,0,0.00,0,0,0.00,0.00,0,0,,0,,0,,0,,0,
481143295829868564,<@481143295829868564>,Pleb,,no,unmanaged legacy,no-op,,,,,,,0,0,0.00,0,0,0.00,0.00,0,0,,0,,0,,0,,0,
481511505393614869,<@481511505393614869>,Pleb,,no,unmanaged legacy,no-op,,,,,,,0,0,0.00,0,0,0.00,0.00,0,0,,0,,0,,0,,0,
481809971193970688,<@481809971193970688>,Pleb,,no,unmanaged legacy,no-op,,,,,,,0,0,0.00,0,0,0.00,0.00,0,0,,0,,0,,0,,0,
481899228956983318,<@481899228956983318>,Pleb,,no,unmanaged legacy,no-op,,,,,,,0,0,0.00,0,0,0.00,0.00,0,0,,0,,0,,0,,0,
482172267879464978,<@482172267879464978>,Pleb,,no,unmanaged legacy,no-op,,,,,,,0,0,0.00,0,0,0.00,0.00,0,0,,0,,0,,0,,0,
482985966181548050,<@482985966181548050>,Pleb,,no,unmanaged legacy,no-op,,,,,,,0,0,0.00,0,0,0.00,0.00,0,0,,0,,0,,0,,0,
483003667222626326,<@483003667222626326>,Pleb,,no,unmanaged legacy,no-op,,,,,,,0,0,0.00,0,0,0.00,0.00,0,0,,0,,0,,0,,0,
483712019900661761,<@483712019900661761>,Pleb,,no,unmanaged legacy,no-op,,,,,,,0,0,0.00,0,0,0.00,0.00,0,0,,0,,0,,0,,0,
484006608842784779,<@484006608842784779>,Pleb,,no,unmanaged legacy,no-op,,,,,,,0,0,0.00,0,0,0.00,0.00,0,0,,0,,0,,0,,0,
484052935781908481,<@484052935781908481>,Pleb,,no,unmanaged legacy,no-op,,,,,,,0,0,0.00,0,0,0.00,0.00,0,0,,0,,0,,0,,0,
484241025569652766,<@484241025569652766>,Legion,,no,unmanaged legacy,no-op,,,,,,,0,0,0.00,0,0,0.00,0.00,0,0,,0,,0,,0,,0,
484322532355211264,<@484322532355211264>,Pleb,,no,unmanaged legacy,no-op,,,,,,,0,0,0.00,0,0,0.00,0.00,0,0,,0,,0,,0,,0,
485030265496797211,<@485030265496797211>,Pleb,,no,unmanaged legacy,no-op,,,,,,,0,0,0.00,0,0,0.00,0.00,0,0,,0,,0,,0,,0,
485754587811282947,<@485754587811282947>,Pleb,,no,unmanaged legacy,no-op,,,,,,,0,0,0.00,0,0,0.00,0.00,0,0,,0,,0,,0,,0,
486561555660537866,<@486561555660537866>,Pleb,,no,unmanaged legacy,no-op,,,,,,,0,0,0.00,0,0,0.00,0.00,0,0,,0,,0,,0,,0,
486568230870056981,<@486568230870056981>,Pleb,,no,unmanaged legacy,no-op,,,,,,,0,0,0.00,0,0,0.00,0.00,0,0,,0,,0,,0,,0,
486865973224407041,<@486865973224407041>,Pleb,,no,unmanaged legacy,no-op,,,,,,,0,0,0.00,0,0,0.00,0.00,0,0,,0,,0,,0,,0,
487660330743496715,<@487660330743496715>,Pleb,,no,unmanaged legacy,no-op,,,,,,,0,0,0.00,0,0,0.00,0.00,0,0,,0,,0,,0,,0,
487723278333509632,<@487723278333509632>,Gladiator,,no,unmanaged legacy,no-op,,,,,,,0,0,0.00,0,0,0.00,0.00,0,0,,0,,0,,0,,0,
488373477846286348,<@488373477846286348>,Pleb,,no,unmanaged legacy,no-op,,,,,,,0,0,0.00,0,0,0.00,0.00,0,0,,0,,0,,0,,0,
489131396292673538,<@489131396292673538>,Pleb,,no,unmanaged legacy,no-op,,,,,,,0,0,0.00,0,0,0.00,0.00,0,0,,0,,0,,0,,0,
489974618019594251,<@489974618019594251>,Pleb,,no,unmanaged legacy,no-op,,,,,,,0,0,0.00,0,0,0.00,0.00,0,0,,0,,0,,0,,0,
490027431655243787,<@490027431655243787>,Pleb,,no,unmanaged legacy,no-op,,,,,,,0,0,0.00,0,0,0.00,0.00,0,0,,0,,0,,0,,0,
490450647737434122,<@490450647737434122>,Pleb,,no,unmanaged legacy,no-op,,,,,,,0,0,0.00,0,0,0.00,0.00,0,0,,0,,0,,0,,0,
492246287794700290,<@492246287794700290>,Pleb,,no,unmanaged legacy,no-op,,,,,,,0,0,0.00,0,0,0.00,0.00,0,0,,0,,0,,0,,0,
492691295471403010,<@492691295471403010>,Pleb,,no,unmanaged legacy,no-op,,,,,,,0,0,0.00,0,0,0.00,0.00,0,0,,0,,0,,0,,0,
493016156261580822,<@493016156261580822>,Pleb,,no,unmanaged legacy,no-op,,,,,,,0,0,0.00,0,0,0.00,0.00,0,0,,0,,0,,0,,0,
493283040236273674,<@493283040236273674>,Pleb,,no,unmanaged legacy,no-op,,,,,,,0,0,0.00,0,0,0.00,0.00,0,0,,0,,0,,0,,0,
494549269907374083,<@494549269907374083>,Pleb,,no,unmanaged legacy,no-op,,,,,,,0,0,0.00,0,0,0.00,0.00,0,0,,0,,0,,0,,0,
494893875891142656,<@494893875891142656>,Pleb,,no,unmanaged legacy,no-op,,,,,,,0,0,0.00,0,0,0.00,0.00,0,0,,0,,0,,0,,0,
495737168010936340,<@495737168010936340>,Pleb,,no,unmanaged legacy,no-op,,,,,,,0,0,0.00,0,0,0.00,0.00,0,0,,0,,0,,0,,0,
495860848816947210,<@495860848816947210>,Pleb,,no,unmanaged legacy,no-op,,,,,,,0,0,0.00,0,0,0.00,0.00,0,0,,0,,0,,0,,0,
497044556970328064,<@497044556970328064>,Pleb,,no,unmanaged legacy,no-op,,,,,,,0,0,0.00,0,0,0.00,0.00,0,0,,0,,0,,0,,0,
497088180030275596,<@497088180030275596>,Pleb,,no,unmanaged legacy,no-op,,,,,,,0,0,0.00,0,0,0.00,0.00,0,0,,0,,0,,0,,0,
497224587394678812,<@497224587394678812>,Pleb,,no,unmanaged legacy,no-op,,,,,,,0,0,0.00,0,0,0.00,0.00,0,0,,0,,0,,0,,0,
497421234657689600,<@497421234657689600>,Pleb,,no,unmanaged legacy,no-op,,,,,,,0,0,0.00,0,0,0.00,0.00,0,0,,0,,0,,0,,0,
497902675552239616,<@497902675552239616>,Pleb,,no,unmanaged legacy,no-op,,,,,,,0,0,0.00,0,0,0.00,0.00,0,0,,0,,0,,0,,0,
498406428202237952,<@498406428202237952>,Pleb,,no,unmanaged legacy,no-op,,,,,,,0,0,0.00,0,0,0.00,0.00,0,0,,0,,0,,0,,0,
498468555239718922,<@498468555239718922>,Pleb,,no,unmanaged legacy,no-op,,,,,,,0,0,0.00,0,0,0.00,0.00,0,0,,0,,0,,0,,0,
498797198709096457,<@498797198709096457>,Pleb,,no,unmanaged legacy,no-op,,,,,,,0,0,0.00,0,0,0.00,0.00,0,0,,0,,0,,0,,0,
498896668175892480,<@498896668175892480>,Pleb,,no,unmanaged legacy,no-op,,,,,,,0,0,0.00,0,0,0.00,0.00,0,0,,0,,0,,0,,0,
499008426597416970,<@499008426597416970>,Pleb,,no,unmanaged legacy,no-op,,,,,,,0,0,0.00,0,0,0.00,0.00,0,0,,0,,0,,0,,0,
499016118355099648,<@499016118355099648>,Pleb,,no,unmanaged legacy,no-op,,,,,,,0,0,0.00,0,0,0.00,0.00,0,0,,0,,0,,0,,0,
499268083391660040,<@499268083391660040>,Pleb,,no,unmanaged legacy,no-op,,,,,,,0,0,0.00,0,0,0.00,0.00,0,0,,0,,0,,0,,0,
499687254629941277,<@499687254629941277>,Pleb,,no,unmanaged legacy,no-op,,,,,,,0,0,0.00,0,0,0.00,0.00,0,0,,0,,0,,0,,0,
500065998389510144,<@500065998389510144>,Pleb,,no,unmanaged legacy,no-op,,,,,,,0,0,0.00,0,0,0.00,0.00,0,0,,0,,0,,0,,0,
500081694674649088,<@500081694674649088>,Pleb,,no,unmanaged legacy,no-op,,,,,,,0,0,0.00,0,0,0.00,0.00,0,0,,0,,0,,0,,0,
500198210816704513,<@500198210816704513>,Pleb,,no,unmanaged legacy,no-op,,,,,,,0,0,0.00,0,0,0.00,0.00,0,0,,0,,0,,0,,0,
500366414511734790,<@500366414511734790>,Pleb,,no,unmanaged legacy,no-op,,,,,,,0,0,0.00,0,0,0.00,0.00,0,0,,0,,0,,0,,0,
500864070145277964,<@500864070145277964>,Gladiator,,no,unmanaged legacy,no-op,,,,,,,0,0,0.00,0,0,0.00,0.00,0,0,,0,,0,,0,,0,
501754205678075940,<@501754205678075940>,Pleb,,no,unmanaged legacy,no-op,,,,,,,0,0,0.00,0,0,0.00,0.00,0,0,,0,,0,,0,,0,
503237191627964427,<@503237191627964427>,Pleb,,no,unmanaged legacy,no-op,,,,,,,0,0,0.00,0,0,0.00,0.00,0,0,,0,,0,,0,,0,
503978704293199883,<@503978704293199883>,Pleb,,no,unmanaged legacy,no-op,,,,,,,0,0,0.00,0,0,0.00,0.00,0,0,,0,,0,,0,,0,
504374150820003851,<@504374150820003851>,Pleb,,no,unmanaged legacy,no-op,,,,,,,0,0,0.00,0,0,0.00,0.00,0,0,,0,,0,,0,,0,
506387100439019542,<@506387100439019542>,Pleb,,no,unmanaged legacy,no-op,,,,,,,0,0,0.00,0,0,0.00,0.00,0,0,,0,,0,,0,,0,
507582535862059030,<@507582535862059030>,Pleb,,no,unmanaged legacy,no-op,,,,,,,0,0,0.00,0,0,0.00,0.00,0,0,,0,,0,,0,,0,
507912446388862987,<@507912446388862987>,Pleb,,no,unmanaged legacy,no-op,,,,,,,0,0,0.00,0,0,0.00,0.00,0,0,,0,,0,,0,,0,
508823513197707274,<@508823513197707274>,Pleb,,no,unmanaged legacy,no-op,,,,,,,0,0,0.00,0,0,0.00,0.00,0,0,,0,,0,,0,,0,
510422443874189313,<@510422443874189313>,Pleb,,no,unmanaged legacy,no-op,,,,,,,0,0,0.00,0,0,0.00,0.00,0,0,,0,,0,,0,,0,
510560470512435211,<@510560470512435211>,Pleb,,no,unmanaged legacy,no-op,,,,,,,0,0,0.00,0,0,0.00,0.00,0,0,,0,,0,,0,,0,
510962917571690506,<@510962917571690506>,Pleb,,no,unmanaged legacy,no-op,,,,,,,0,0,0.00,0,0,0.00,0.00,0,0,,0,,0,,0,,0,
512198926737211393,<@512198926737211393>,Pleb,,no,unmanaged legacy,no-op,,,,,,,0,0,0.00,0,0,0.00,0.00,0,0,,0,,0,,0,,0,
513315046659588116,<@513315046659588116>,Pleb,,no,unmanaged legacy,no-op,,,,,,,0,0,0.00,0,0,0.00,0.00,0,0,,0,,0,,0,,0,
513347277440548864,<@513347277440548864>,Gladiator,,no,unmanaged legacy,no-op,,,,,,,0,0,0.00,0,0,0.00,0.00,0,0,,0,,0,,0,,0,
513681383000899585,<@513681383000899585>,Pleb,,no,unmanaged legacy,no-op,,,,,,,0,0,0.00,0,0,0.00,0.00,0,0,,0,,0,,0,,0,
514817104655155201,<@514817104655155201>,Pleb,,no,unmanaged legacy,no-op,,,,,,,0,0,0.00,0,0,0.00,0.00,0,0,,0,,0,,0,,0,
514910384008724490,<@514910384008724490>,Pleb,,no,unmanaged legacy,no-op,,,,,,,0,0,0.00,0,0,0.00,0.00,0,0,,0,,0,,0,,0,
515042417225760786,<@515042417225760786>,Pleb,,no,unmanaged legacy,no-op,,,,,,,0,0,0.00,0,0,0.00,0.00,0,0,,0,,0,,0,,0,
515875997841752094,<@515875997841752094>,Pleb,,no,unmanaged legacy,no-op,,,,,,,0,0,0.00,0,0,0.00,0.00,0,0,,0,,0,,0,,0,
516154018586689541,<@516154018586689541>,Pleb,,no,unmanaged legacy,no-op,,,,,,,0,0,0.00,0,0,0.00,0.00,0,0,,0,,0,,0,,0,
517013217927757846,<@517013217927757846>,Pleb,,no,unmanaged legacy,no-op,,,,,,,0,0,0.00,0,0,0.00,0.00,0,0,,0,,0,,0,,0,
517561156974411776,<@517561156974411776>,Pleb,,no,unmanaged legacy,no-op,,,,,,,0,0,0.00,0,0,0.00,0.00,0,0,,0,,0,,0,,0,
517611748757471243,<@517611748757471243>,Pleb,,no,unmanaged legacy,no-op,,,,,,,0,0,0.00,0,0,0.00,0.00,0,0,,0,,0,,0,,0,
517669403827896340,<@517669403827896340>,Pleb,,no,unmanaged legacy,no-op,,,,,,,0,0,0.00,0,0,0.00,0.00,0,0,,0,,0,,0,,0,
518169824795295746,<@518169824795295746>,Pleb,,no,unmanaged legacy,no-op,,,,,,,0,0,0.00,0,0,0.00,0.00,0,0,,0,,0,,0,,0,
518675770273693696,<@518675770273693696>,Pleb,,no,unmanaged legacy,no-op,,,,,,,0,0,0.00,0,0,0.00,0.00,0,0,,0,,0,,0,,0,
520493109373566986,<@520493109373566986>,Pleb,,no,unmanaged legacy,no-op,,,,,,,0,0,0.00,0,0,0.00,0.00,0,0,,0,,0,,0,,0,
521663351542251522,<@521663351542251522>,Pleb,,no,unmanaged legacy,no-op,,,,,,,0,0,0.00,0,0,0.00,0.00,0,0,,0,,0,,0,,0,
521800704374079495,<@521800704374079495>,Pleb,,no,unmanaged legacy,no-op,,,,,,,0,0,0.00,0,0,0.00,0.00,0,0,,0,,0,,0,,0,
521892850317656067,<@521892850317656067>,Pleb,,no,unmanaged legacy,no-op,,,,,,,0,0,0.00,0,0,0.00,0.00,0,0,,0,,0,,0,,0,
522110416835575812,<@522110416835575812>,Pleb,,no,unmanaged legacy,no-op,,,,,,,0,0,0.00,0,0,0.00,0.00,0,0,,0,,0,,0,,0,
522560402551210005,<@522560402551210005>,Pleb,,no,unmanaged legacy,no-op,,,,,,,0,0,0.00,0,0,0.00,0.00,0,0,,0,,0,,0,,0,
522958721731657758,<@522958721731657758>,Pleb,,no,unmanaged legacy,no-op,,,,,,,0,0,0.00,0,0,0.00,0.00,0,0,,0,,0,,0,,0,
522982692908957697,<@522982692908957697>,Pleb,,no,unmanaged legacy,no-op,,,,,,,0,0,0.00,0,0,0.00,0.00,0,0,,0,,0,,0,,0,
523134279220199424,<@523134279220199424>,Pleb,,no,unmanaged legacy,no-op,,,,,,,0,0,0.00,0,0,0.00,0.00,0,0,,0,,0,,0,,0,
523227590031441941,<@523227590031441941>,Pleb,,no,unmanaged legacy,no-op,,,,,,,0,0,0.00,0,0,0.00,0.00,0,0,,0,,0,,0,,0,
523916902263816194,<@523916902263816194>,Pleb,,no,unmanaged legacy,no-op,,,,,,,0,0,0.00,0,0,0.00,0.00,0,0,,0,,0,,0,,0,
524675136171933698,<@524675136171933698>,Gladiator,,no,unmanaged legacy,no-op,,,,,,,0,0,0.00,0,0,0.00,0.00,0,0,,0,,0,,0,,0,
525336380667199498,<@525336380667199498>,Pleb,,no,unmanaged legacy,no-op,,,,,,,0,0,0.00,0,0,0.00,0.00,0,0,,0,,0,,0,,0,
526128847343714349,<@526128847343714349>,Pleb,,no,unmanaged legacy,no-op,,,,,,,0,0,0.00,0,0,0.00,0.00,0,0,,0,,0,,0,,0,
526695524783620097,<@526695524783620097>,Pleb,,no,unmanaged legacy,no-op,,,,,,,0,0,0.00,0,0,0.00,0.00,0,0,,0,,0,,0,,0,
526714611333070861,<@526714611333070861>,Pleb,,no,unmanaged legacy,no-op,,,,,,,0,0,0.00,0,0,0.00,0.00,0,0,,0,,0,,0,,0,
527865982014849024,<@527865982014849024>,Pleb,,no,unmanaged legacy,no-op,,,,,,,0,0,0.00,0,0,0.00,0.00,0,0,,0,,0,,0,,0,
528071135317721088,<@528071135317721088>,Pleb,,no,unmanaged legacy,no-op,,,,,,,0,0,0.00,0,0,0.00,0.00,0,0,,0,,0,,0,,0,
528762656673366019,<@528762656673366019>,Pleb,,no,unmanaged legacy,no-op,,,,,,,0,0,0.00,0,0,0.00,0.00,0,0,,0,,0,,0,,0,
529025032786149376,<@529025032786149376>,Pleb,,no,unmanaged legacy,no-op,,,,,,,0,0,0.00,0,0,0.00,0.00,0,0,,0,,0,,0,,0,
529370725505826819,<@529370725505826819>,Pleb,,no,unmanaged legacy,no-op,,,,,,,0,0,0.00,0,0,0.00,0.00,0,0,,0,,0,,0,,0,
529793186038677550,<@529793186038677550>,Pleb,,no,unmanaged legacy,no-op,,,,,,,0,0,0.00,0,0,0.00,0.00,0,0,,0,,0,,0,,0,
530365710635892737,<@530365710635892737>,Pleb,,no,unmanaged legacy,no-op,,,,,,,0,0,0.00,0,0,0.00,0.00,0,0,,0,,0,,0,,0,
530474919197409291,<@530474919197409291>,Pleb,,no,unmanaged legacy,no-op,,,,,,,0,0,0.00,0,0,0.00,0.00,0,0,,0,,0,,0,,0,
530817694459625472,<@530817694459625472>,Pleb,,no,unmanaged legacy,no-op,,,,,,,0,0,0.00,0,0,0.00,0.00,0,0,,0,,0,,0,,0,
530977754481426433,<@530977754481426433>,Pleb,,no,unmanaged legacy,no-op,,,,,,,0,0,0.00,0,0,0.00,0.00,0,0,,0,,0,,0,,0,
531535530085580842,<@531535530085580842>,Pleb,,no,unmanaged legacy,no-op,,,,,,,0,0,0.00,0,0,0.00,0.00,0,0,,0,,0,,0,,0,
531727006870536193,<@531727006870536193>,Pleb,,no,unmanaged legacy,no-op,,,,,,,0,0,0.00,0,0,0.00,0.00,0,0,,0,,0,,0,,0,
533095162532855809,<@533095162532855809>,Pleb,,no,unmanaged legacy,no-op,,,,,,,0,0,0.00,0,0,0.00,0.00,0,0,,0,,0,,0,,0,
534524707261906945,<@534524707261906945>,Pleb,,no,unmanaged legacy,no-op,,,,,,,0,0,0.00,0,0,0.00,0.00,0,0,,0,,0,,0,,0,
535673246419255318,<@535673246419255318>,Pleb,,no,unmanaged legacy,no-op,,,,,,,0,0,0.00,0,0,0.00,0.00,0,0,,0,,0,,0,,0,
536267080014495766,<@536267080014495766>,Pleb,,no,unmanaged legacy,no-op,,,,,,,0,0,0.00,0,0,0.00,0.00,0,0,,0,,0,,0,,0,
536472659920420864,<@536472659920420864>,Pleb,,no,unmanaged legacy,no-op,,,,,,,0,0,0.00,0,0,0.00,0.00,0,0,,0,,0,,0,,0,
538846671409381395,<@538846671409381395>,Pleb,,no,unmanaged legacy,no-op,,,,,,,0,0,0.00,0,0,0.00,0.00,0,0,,0,,0,,0,,0,
538930829804699648,<@538930829804699648>,Pleb,,no,unmanaged legacy,no-op,,,,,,,0,0,0.00,0,0,0.00,0.00,0,0,,0,,0,,0,,0,
539693364921106443,<@539693364921106443>,Pleb,,no,unmanaged legacy,no-op,,,,,,,0,0,0.00,0,0,0.00,0.00,0,0,,0,,0,,0,,0,
539821272436178971,<@539821272436178971>,Pleb,,no,unmanaged legacy,no-op,,,,,,,0,0,0.00,0,0,0.00,0.00,0,0,,0,,0,,0,,0,
541624819796672522,<@541624819796672522>,Pleb,,no,unmanaged legacy,no-op,,,,,,,0,0,0.00,0,0,0.00,0.00,0,0,,0,,0,,0,,0,
541693213174661151,<@541693213174661151>,Pleb,,no,unmanaged legacy,no-op,,,,,,,0,0,0.00,0,0,0.00,0.00,0,0,,0,,0,,0,,0,
542244404652408850,<@542244404652408850>,Pleb,,no,unmanaged legacy,no-op,,,,,,,0,0,0.00,0,0,0.00,0.00,0,0,,0,,0,,0,,0,
543398227156926464,<@543398227156926464>,Pleb,,no,unmanaged legacy,no-op,,,,,,,0,0,0.00,0,0,0.00,0.00,0,0,,0,,0,,0,,0,
543503421961928719,<@543503421961928719>,Pleb,,no,unmanaged legacy,no-op,,,,,,,0,0,0.00,0,0,0.00,0.00,0,0,,0,,0,,0,,0,
544347507912605699,<@544347507912605699>,Pleb,,no,unmanaged legacy,no-op,,,,,,,0,0,0.00,0,0,0.00,0.00,0,0,,0,,0,,0,,0,
544546262415048708,<@544546262415048708>,Pleb,,no,unmanaged legacy,no-op,,,,,,,0,0,0.00,0,0,0.00,0.00,0,0,,0,,0,,0,,0,
544962990592753664,<@544962990592753664>,Pleb,,no,unmanaged legacy,no-op,,,,,,,0,0,0.00,0,0,0.00,0.00,0,0,,0,,0,,0,,0,
545246240766689300,<@545246240766689300>,Pleb,,no,unmanaged legacy,no-op,,,,,,,0,0,0.00,0,0,0.00,0.00,0,0,,0,,0,,0,,0,
547882351389048842,<@547882351389048842>,Pleb,,no,unmanaged legacy,no-op,,,,,,,0,0,0.00,0,0,0.00,0.00,0,0,,0,,0,,0,,0,
548179616481935423,<@548179616481935423>,Pleb,,no,unmanaged legacy,no-op,,,,,,,0,0,0.00,0,0,0.00,0.00,0,0,,0,,0,,0,,0,
548903534062469163,<@548903534062469163>,Pleb,,no,unmanaged legacy,no-op,,,,,,,0,0,0.00,0,0,0.00,0.00,0,0,,0,,0,,0,,0,
551140412493004800,<@551140412493004800>,Pleb,,no,unmanaged legacy,no-op,,,,,,,0,0,0.00,0,0,0.00,0.00,0,0,,0,,0,,0,,0,
551763170172338188,<@551763170172338188>,Pleb,,no,unmanaged legacy,no-op,,,,,,,0,0,0.00,0,0,0.00,0.00,0,0,,0,,0,,0,,0,
552486838774923274,<@552486838774923274>,Pleb,,no,unmanaged legacy,no-op,,,,,,,0,0,0.00,0,0,0.00,0.00,0,0,,0,,0,,0,,0,
553672315028897803,<@553672315028897803>,Pleb,,no,unmanaged legacy,no-op,,,,,,,0,0,0.00,0,0,0.00,0.00,0,0,,0,,0,,0,,0,
554033929321971732,<@554033929321971732>,Pleb,,no,unmanaged legacy,no-op,,,,,,,0,0,0.00,0,0,0.00,0.00,0,0,,0,,0,,0,,0,
555059882068279299,<@555059882068279299>,Pleb,,no,unmanaged legacy,no-op,,,,,,,0,0,0.00,0,0,0.00,0.00,0,0,,0,,0,,0,,0,
557552388236378133,<@557552388236378133>,Pleb,,no,unmanaged legacy,no-op,,,,,,,0,0,0.00,0,0,0.00,0.00,0,0,,0,,0,,0,,0,
557775454883282944,<@557775454883282944>,Pleb,,no,unmanaged legacy,no-op,,,,,,,0,0,0.00,0,0,0.00,0.00,0,0,,0,,0,,0,,0,
557855621513347073,<@557855621513347073>,Pleb,,no,unmanaged legacy,no-op,,,,,,,0,0,0.00,0,0,0.00,0.00,0,0,,0,,0,,0,,0,
559123511411474454,<@559123511411474454>,Pleb,,no,unmanaged legacy,no-op,,,,,,,0,0,0.00,0,0,0.00,0.00,0,0,,0,,0,,0,,0,
560809777052123148,<@560809777052123148>,Pleb,,no,unmanaged legacy,no-op,,,,,,,0,0,0.00,0,0,0.00,0.00,0,0,,0,,0,,0,,0,
562234726354780180,<@562234726354780180>,Pleb,,no,unmanaged legacy,no-op,,,,,,,0,0,0.00,0,0,0.00,0.00,0,0,,0,,0,,0,,0,
565233179569553436,<@565233179569553436>,Pleb,,no,unmanaged legacy,no-op,,,,,,,0,0,0.00,0,0,0.00,0.00,0,0,,0,,0,,0,,0,
565293879021273088,<@565293879021273088>,Pleb,,no,unmanaged legacy,no-op,,,,,,,0,0,0.00,0,0,0.00,0.00,0,0,,0,,0,,0,,0,
565494465327005709,<@565494465327005709>,Pleb,,no,unmanaged legacy,no-op,,,,,,,0,0,0.00,0,0,0.00,0.00,0,0,,0,,0,,0,,0,
566232205538361344,<@566232205538361344>,Pleb,,no,unmanaged legacy,no-op,,,,,,,0,0,0.00,0,0,0.00,0.00,0,0,,0,,0,,0,,0,
567422472861908999,<@567422472861908999>,Pleb,,no,unmanaged legacy,no-op,,,,,,,0,0,0.00,0,0,0.00,0.00,0,0,,0,,0,,0,,0,
567516917728935938,<@567516917728935938>,Pleb,,no,unmanaged legacy,no-op,,,,,,,0,0,0.00,0,0,0.00,0.00,0,0,,0,,0,,0,,0,
569225094724059208,<@569225094724059208>,Pleb,,no,unmanaged legacy,no-op,,,,,,,0,0,0.00,0,0,0.00,0.00,0,0,,0,,0,,0,,0,
569557825144225802,<@569557825144225802>,Pleb,,no,unmanaged legacy,no-op,,,,,,,0,0,0.00,0,0,0.00,0.00,0,0,,0,,0,,0,,0,
571331019857199104,<@571331019857199104>,Pleb,,no,unmanaged legacy,no-op,,,,,,,0,0,0.00,0,0,0.00,0.00,0,0,,0,,0,,0,,0,
571476711422689284,<@571476711422689284>,Pleb,,no,unmanaged legacy,no-op,,,,,,,0,0,0.00,0,0,0.00,0.00,0,0,,0,,0,,0,,0,
572468391135412235,<@572468391135412235>,Pleb,,no,unmanaged legacy,no-op,,,,,,,0,0,0.00,0,0,0.00,0.00,0,0,,0,,0,,0,,0,
574150633607659541,<@574150633607659541>,Pleb,,no,unmanaged legacy,no-op,,,,,,,0,0,0.00,0,0,0.00,0.00,0,0,,0,,0,,0,,0,
575462635093622790,<@575462635093622790>,Pleb,,no,unmanaged legacy,no-op,,,,,,,0,0,0.00,0,0,0.00,0.00,0,0,,0,,0,,0,,0,
578224734739759116,<@578224734739759116>,Pleb,,no,unmanaged legacy,no-op,,,,,,,0,0,0.00,0,0,0.00,0.00,0,0,,0,,0,,0,,0,
578273753776128005,<@578273753776128005>,Pleb,,no,unmanaged legacy,no-op,,,,,,,0,0,0.00,0,0,0.00,0.00,0,0,,0,,0,,0,,0,
580812349687201792,<@580812349687201792>,Pleb,,no,unmanaged legacy,no-op,,,,,,,0,0,0.00,0,0,0.00,0.00,0,0,,0,,0,,0,,0,
581135186478104578,<@581135186478104578>,Pleb,,no,unmanaged legacy,no-op,,,,,,,0,0,0.00,0,0,0.00,0.00,0,0,,0,,0,,0,,0,
581509028706910211,<@581509028706910211>,Pleb,,no,unmanaged legacy,no-op,,,,,,,0,0,0.00,0,0,0.00,0.00,0,0,,0,,0,,0,,0,
582595600634347540,<@582595600634347540>,Pleb,,no,unmanaged legacy,no-op,,,,,,,0,0,0.00,0,0,0.00,0.00,0,0,,0,,0,,0,,0,
585072729716424715,<@585072729716424715>,Pleb,,no,unmanaged legacy,no-op,,,,,,,0,0,0.00,0,0,0.00,0.00,0,0,,0,,0,,0,,0,
587111628890308609,<@587111628890308609>,Pleb,,no,unmanaged legacy,no-op,,,,,,,0,0,0.00,0,0,0.00,0.00,0,0,,0,,0,,0,,0,
588097762424258605,<@588097762424258605>,Pleb,,no,unmanaged legacy,no-op,,,,,,,0,0,0.00,0,0,0.00,0.00,0,0,,0,,0,,0,,0,
589110475170643986,<@589110475170643986>,Pleb,,no,unmanaged legacy,no-op,,,,,,,0,0,0.00,0,0,0.00,0.00,0,0,,0,,0,,0,,0,
589451676935782401,<@589451676935782401>,Pleb,,no,unmanaged legacy,no-op,,,,,,,0,0,0.00,0,0,0.00,0.00,0,0,,0,,0,,0,,0,
590132580351868938,<@590132580351868938>,Pleb,,no,unmanaged legacy,no-op,,,,,,,0,0,0.00,0,0,0.00,0.00,0,0,,0,,0,,0,,0,
591661050324320267,<@591661050324320267>,Pleb,,no,unmanaged legacy,no-op,,,,,,,0,0,0.00,0,0,0.00,0.00,0,0,,0,,0,,0,,0,
591692786919800832,<@591692786919800832>,Pleb,,no,unmanaged legacy,no-op,,,,,,,0,0,0.00,0,0,0.00,0.00,0,0,,0,,0,,0,,0,
593124359867203625,<@593124359867203625>,Pleb,,no,unmanaged legacy,no-op,,,,,,,0,0,0.00,0,0,0.00,0.00,0,0,,0,,0,,0,,0,
596650568727134209,<@596650568727134209>,Pleb,,no,unmanaged legacy,no-op,,,,,,,0,0,0.00,0,0,0.00,0.00,0,0,,0,,0,,0,,0,
596954945702330369,<@596954945702330369>,Pleb,,no,unmanaged legacy,no-op,,,,,,,0,0,0.00,0,0,0.00,0.00,0,0,,0,,0,,0,,0,
598202198123479051,<@598202198123479051>,Pleb,,no,unmanaged legacy,no-op,,,,,,,0,0,0.00,0,0,0.00,0.00,0,0,,0,,0,,0,,0,
599569697427423232,<@599569697427423232>,Pleb,,no,unmanaged legacy,no-op,,,,,,,0,0,0.00,0,0,0.00,0.00,0,0,,0,,0,,0,,0,
599598948692394025,<@599598948692394025>,Pleb,,no,unmanaged legacy,no-op,,,,,,,0,0,0.00,0,0,0.00,0.00,0,0,,0,,0,,0,,0,
601520688246947860,<@601520688246947860>,Pleb,,no,unmanaged legacy,no-op,,,,,,,0,0,0.00,0,0,0.00,0.00,0,0,,0,,0,,0,,0,
602592838890291200,<@602592838890291200>,Pleb,,no,unmanaged legacy,no-op,,,,,,,0,0,0.00,0,0,0.00,0.00,0,0,,0,,0,,0,,0,
602894380730286080,<@602894380730286080>,Pleb,,no,unmanaged legacy,no-op,,,,,,,0,0,0.00,0,0,0.00,0.00,0,0,,0,,0,,0,,0,
603175344794501151,<@603175344794501151>,Pleb,,no,unmanaged legacy,no-op,,,,,,,0,0,0.00,0,0,0.00,0.00,0,0,,0,,0,,0,,0,
604015754945495046,<@604015754945495046>,Pleb,,no,unmanaged legacy,no-op,,,,,,,0,0,0.00,0,0,0.00,0.00,0,0,,0,,0,,0,,0,
604397209030623243,<@604397209030623243>,Pleb,,no,unmanaged legacy,no-op,,,,,,,0,0,0.00,0,0,0.00,0.00,0,0,,0,,0,,0,,0,
604779485098803209,<@604779485098803209>,Pleb,,no,unmanaged legacy,no-op,,,,,,,0,0,0.00,0,0,0.00,0.00,0,0,,0,,0,,0,,0,
607835372063555624,<@607835372063555624>,Pleb,,no,unmanaged legacy,no-op,,,,,,,0,0,0.00,0,0,0.00,0.00,0,0,,0,,0,,0,,0,
608159020980764712,<@608159020980764712>,Pleb,,no,unmanaged legacy,no-op,,,,,,,0,0,0.00,0,0,0.00,0.00,0,0,,0,,0,,0,,0,
611172141471236138,<@611172141471236138>,Pleb,,no,unmanaged legacy,no-op,,,,,,,0,0,0.00,0,0,0.00,0.00,0,0,,0,,0,,0,,0,
611635031110320147,<@611635031110320147>,Pleb,,no,unmanaged legacy,no-op,,,,,,,0,0,0.00,0,0,0.00,0.00,0,0,,0,,0,,0,,0,
614833581478641674,<@614833581478641674>,Pleb,,no,unmanaged legacy,no-op,,,,,,,0,0,0.00,0,0,0.00,0.00,0,0,,0,,0,,0,,0,
615988161335525383,<@615988161335525383>,Pleb,,no,unmanaged legacy,no-op,,,,,,,0,0,0.00,0,0,0.00,0.00,0,0,,0,,0,,0,,0,
616257534549819394,<@616257534549819394>,Pleb,,no,unmanaged legacy,no-op,,,,,,,0,0,0.00,0,0,0.00,0.00,0,0,,0,,0,,0,,0,
616616915112034305,<@616616915112034305>,Pleb,,no,unmanaged legacy,no-op,,,,,,,0,0,0.00,0,0,0.00,0.00,0,0,,0,,0,,0,,0,
619766266944815115,<@619766266944815115>,Pleb,,no,unmanaged legacy,no-op,,,,,,,0,0,0.00,0,0,0.00,0.00,0,0,,0,,0,,0,,0,
620513857005289492,<@620513857005289492>,Pleb,,no,unmanaged legacy,no-op,,,,,,,0,0,0.00,0,0,0.00,0.00,0,0,,0,,0,,0,,0,
621481109473067028,<@621481109473067028>,Pleb,,no,unmanaged legacy,no-op,,,,,,,0,0,0.00,0,0,0.00,0.00,0,0,,0,,0,,0,,0,
622164442741735434,<@622164442741735434>,Gladiator,,no,unmanaged legacy,no-op,,,,,,,0,0,0.00,0,0,0.00,0.00,0,0,,0,,0,,0,,0,
623186554558349332,<@623186554558349332>,Pleb,,no,unmanaged legacy,no-op,,,,,,,0,0,0.00,0,0,0.00,0.00,0,0,,0,,0,,0,,0,
623527448948113439,<@623527448948113439>,Pleb,,no,unmanaged legacy,no-op,,,,,,,0,0,0.00,0,0,0.00,0.00,0,0,,0,,0,,0,,0,
624288477881565214,<@624288477881565214>,Pleb,,no,unmanaged legacy,no-op,,,,,,,0,0,0.00,0,0,0.00,0.00,0,0,,0,,0,,0,,0,
624651400592359444,<@624651400592359444>,Pleb,,no,unmanaged legacy,no-op,,,,,,,0,0,0.00,0,0,0.00,0.00,0,0,,0,,0,,0,,0,
624964877877772288,<@624964877877772288>,Pleb,,no,unmanaged legacy,no-op,,,,,,,0,0,0.00,0,0,0.00,0.00,0,0,,0,,0,,0,,0,
625068280805326859,<@625068280805326859>,Pleb,,no,unmanaged legacy,no-op,,,,,,,0,0,0.00,0,0,0.00,0.00,0,0,,0,,0,,0,,0,
626270950689603586,<@626270950689603586>,Pleb,,no,unmanaged legacy,no-op,,,,,,,0,0,0.00,0,0,0.00,0.00,0,0,,0,,0,,0,,0,
627135410115575814,<@627135410115575814>,Pleb,,no,unmanaged legacy,no-op,,,,,,,0,0,0.00,0,0,0.00,0.00,0,0,,0,,0,,0,,0,
627533566393319434,<@627533566393319434>,Pleb,,no,unmanaged legacy,no-op,,,,,,,0,0,0.00,0,0,0.00,0.00,0,0,,0,,0,,0,,0,
629803822855880726,<@629803822855880726>,Pleb,,no,unmanaged legacy,no-op,,,,,,,0,0,0.00,0,0,0.00,0.00,0,0,,0,,0,,0,,0,
630127248111960064,<@630127248111960064>,Pleb,,no,unmanaged legacy,no-op,,,,,,,0,0,0.00,0,0,0.00,0.00,0,0,,0,,0,,0,,0,
631723387357626379,<@631723387357626379>,Pleb,,no,unmanaged legacy,no-op,,,,,,,0,0,0.00,0,0,0.00,0.00,0,0,,0,,0,,0,,0,
633796365159366686,<@633796365159366686>,Pleb,,no,unmanaged legacy,no-op,,,,,,,0,0,0.00,0,0,0.00,0.00,0,0,,0,,0,,0,,0,
635783623676657665,<@635783623676657665>,Pleb,,no,unmanaged legacy,no-op,,,,,,,0,0,0.00,0,0,0.00,0.00,0,0,,0,,0,,0,,0,
636612955718549516,<@636612955718549516>,Pleb,,no,unmanaged legacy,no-op,,,,,,,0,0,0.00,0,0,0.00,0.00,0,0,,0,,0,,0,,0,
637642373626855446,<@637642373626855446>,Pleb,,no,unmanaged legacy,no-op,,,,,,,0,0,0.00,0,0,0.00,0.00,0,0,,0,,0,,0,,0,
639040749761069076,<@639040749761069076>,Pleb,,no,unmanaged legacy,no-op,,,,,,,0,0,0.00,0,0,0.00,0.00,0,0,,0,,0,,0,,0,
639155832428167178,<@639155832428167178>,Pleb,,no,unmanaged legacy,no-op,,,,,,,0,0,0.00,0,0,0.00,0.00,0,0,,0,,0,,0,,0,
639868583496646694,<@639868583496646694>,Pleb,,no,unmanaged legacy,no-op,,,,,,,0,0,0.00,0,0,0.00,0.00,0,0,,0,,0,,0,,0,
640349951641124885,<@640349951641124885>,Pleb,,no,unmanaged legacy,no-op,,,,,,,0,0,0.00,0,0,0.00,0.00,0,0,,0,,0,,0,,0,
642028334850768907,<@642028334850768907>,Pleb,,no,unmanaged legacy,no-op,,,,,,,0,0,0.00,0,0,0.00,0.00,0,0,,0,,0,,0,,0,
642217567930286080,<@642217567930286080>,Pleb,,no,unmanaged legacy,no-op,,,,,,,0,0,0.00,0,0,0.00,0.00,0,0,,0,,0,,0,,0,
642523816265777172,<@642523816265777172>,Pleb,,no,unmanaged legacy,no-op,,,,,,,0,0,0.00,0,0,0.00,0.00,0,0,,0,,0,,0,,0,
644180244403716136,<@644180244403716136>,Pleb,,no,unmanaged legacy,no-op,,,,,,,0,0,0.00,0,0,0.00,0.00,0,0,,0,,0,,0,,0,
644954296055627786,<@644954296055627786>,Pleb,,no,unmanaged legacy,no-op,,,,,,,0,0,0.00,0,0,0.00,0.00,0,0,,0,,0,,0,,0,
647873790906335242,<@647873790906335242>,Pleb,,no,unmanaged legacy,no-op,,,,,,,0,0,0.00,0,0,0.00,0.00,0,0,,0,,0,,0,,0,
648223648930332704,<@648223648930332704>,Pleb,,no,unmanaged legacy,no-op,,,,,,,0,0,0.00,0,0,0.00,0.00,0,0,,0,,0,,0,,0,
651629094923927573,<@651629094923927573>,Pleb,,no,unmanaged legacy,no-op,,,,,,,0,0,0.00,0,0,0.00,0.00,0,0,,0,,0,,0,,0,
654128102019956795,<@654128102019956795>,Pleb,,no,unmanaged legacy,no-op,,,,,,,0,0,0.00,0,0,0.00,0.00,0,0,,0,,0,,0,,0,
656907065972883477,<@656907065972883477>,Pleb,,no,unmanaged legacy,no-op,,,,,,,0,0,0.00,0,0,0.00,0.00,0,0,,0,,0,,0,,0,
657887842118402079,<@657887842118402079>,Pleb,,no,unmanaged legacy,no-op,,,,,,,0,0,0.00,0,0,0.00,0.00,0,0,,0,,0,,0,,0,
657931432467103755,<@657931432467103755>,Pleb,,no,unmanaged legacy,no-op,,,,,,,0,0,0.00,0,0,0.00,0.00,0,0,,0,,0,,0,,0,
659329285206704128,<@659329285206704128>,Pleb,,no,unmanaged legacy,no-op,,,,,,,0,0,0.00,0,0,0.00,0.00,0,0,,0,,0,,0,,0,
660874352224501790,<@660874352224501790>,Pleb,,no,unmanaged legacy,no-op,,,,,,,0,0,0.00,0,0,0.00,0.00,0,0,,0,,0,,0,,0,
660987438113751069,<@660987438113751069>,Pleb,,no,unmanaged legacy,no-op,,,,,,,0,0,0.00,0,0,0.00,0.00,0,0,,0,,0,,0,,0,
662344478824202256,<@662344478824202256>,Pleb,,no,unmanaged legacy,no-op,,,,,,,0,0,0.00,0,0,0.00,0.00,0,0,,0,,0,,0,,0,
664340620441288737,<@664340620441288737>,Pleb,,no,unmanaged legacy,no-op,,,,,,,0,0,0.00,0,0,0.00,0.00,0,0,,0,,0,,0,,0,
664806101040234504,<@664806101040234504>,Pleb,,no,unmanaged legacy,no-op,,,,,,,0,0,0.00,0,0,0.00,0.00,0,0,,0,,0,,0,,0,
665269648521953290,<@665269648521953290>,Pleb,,no,unmanaged legacy,no-op,,,,,,,0,0,0.00,0,0,0.00,0.00,0,0,,0,,0,,0,,0,
666639657965977603,<@666639657965977603>,Pleb,,no,unmanaged legacy,no-op,,,,,,,0,0,0.00,0,0,0.00,0.00,0,0,,0,,0,,0,,0,
667402947227025468,<@667402947227025468>,Pleb,,no,unmanaged legacy,no-op,,,,,,,0,0,0.00,0,0,0.00,0.00,0,0,,0,,0,,0,,0,
667429381307891713,<@667429381307891713>,Pleb,,no,unmanaged legacy,no-op,,,,,,,0,0,0.00,0,0,0.00,0.00,0,0,,0,,0,,0,,0,
669208822258335787,<@669208822258335787>,Pleb,,no,unmanaged legacy,no-op,,,,,,,0,0,0.00,0,0,0.00,0.00,0,0,,0,,0,,0,,0,
670150627816505374,<@670150627816505374>,Pleb,,no,unmanaged legacy,no-op,,,,,,,0,0,0.00,0,0,0.00,0.00,0,0,,0,,0,,0,,0,
670348748492374024,<@670348748492374024>,Pleb,,no,unmanaged legacy,no-op,,,,,,,0,0,0.00,0,0,0.00,0.00,0,0,,0,,0,,0,,0,
670811875847438377,<@670811875847438377>,Pleb,,no,unmanaged legacy,no-op,,,,,,,0,0,0.00,0,0,0.00,0.00,0,0,,0,,0,,0,,0,
671090558613192734,<@671090558613192734>,Pleb,,no,unmanaged legacy,no-op,,,,,,,0,0,0.00,0,0,0.00,0.00,0,0,,0,,0,,0,,0,
672411484633956373,<@672411484633956373>,Pleb,,no,unmanaged legacy,no-op,,,,,,,0,0,0.00,0,0,0.00,0.00,0,0,,0,,0,,0,,0,
677256829209804820,<@677256829209804820>,Pleb,,no,unmanaged legacy,no-op,,,,,,,0,0,0.00,0,0,0.00,0.00,0,0,,0,,0,,0,,0,
678215483060912140,<@678215483060912140>,Pleb,,no,unmanaged legacy,no-op,,,,,,,0,0,0.00,0,0,0.00,0.00,0,0,,0,,0,,0,,0,
679045589320859702,<@679045589320859702>,Pleb,,no,unmanaged legacy,no-op,,,,,,,0,0,0.00,0,0,0.00,0.00,0,0,,0,,0,,0,,0,
680621882600456214,<@680621882600456214>,Pleb,,no,unmanaged legacy,no-op,,,,,,,0,0,0.00,0,0,0.00,0.00,0,0,,0,,0,,0,,0,
681470963149438981,<@681470963149438981>,Pleb,,no,unmanaged legacy,no-op,,,,,,,0,0,0.00,0,0,0.00,0.00,0,0,,0,,0,,0,,0,
682478993580359689,<@682478993580359689>,Pleb,,no,unmanaged legacy,no-op,,,,,,,0,0,0.00,0,0,0.00,0.00,0,0,,0,,0,,0,,0,
684228166247514129,<@684228166247514129>,Pleb,,no,unmanaged legacy,no-op,,,,,,,0,0,0.00,0,0,0.00,0.00,0,0,,0,,0,,0,,0,
685585597053665294,<@685585597053665294>,Pleb,,no,unmanaged legacy,no-op,,,,,,,0,0,0.00,0,0,0.00,0.00,0,0,,0,,0,,0,,0,
686898038576250882,<@686898038576250882>,Pleb,,no,unmanaged legacy,no-op,,,,,,,0,0,0.00,0,0,0.00,0.00,0,0,,0,,0,,0,,0,
687415757675429964,<@687415757675429964>,Pleb,,no,unmanaged legacy,no-op,,,,,,,0,0,0.00,0,0,0.00,0.00,0,0,,0,,0,,0,,0,
687514317335429198,<@687514317335429198>,Pleb,,no,unmanaged legacy,no-op,,,,,,,0,0,0.00,0,0,0.00,0.00,0,0,,0,,0,,0,,0,
688116457174859910,<@688116457174859910>,Pleb,,no,unmanaged legacy,no-op,,,,,,,0,0,0.00,0,0,0.00,0.00,0,0,,0,,0,,0,,0,
688372718797586533,<@688372718797586533>,Pleb,,no,unmanaged legacy,no-op,,,,,,,0,0,0.00,0,0,0.00,0.00,0,0,,0,,0,,0,,0,
688377585025286194,<@688377585025286194>,Pleb,,no,unmanaged legacy,no-op,,,,,,,0,0,0.00,0,0,0.00,0.00,0,0,,0,,0,,0,,0,
688407497068904519,<@688407497068904519>,Pleb,,no,unmanaged legacy,no-op,,,,,,,0,0,0.00,0,0,0.00,0.00,0,0,,0,,0,,0,,0,
688856381524148414,<@688856381524148414>,Pleb,,no,unmanaged legacy,no-op,,,,,,,0,0,0.00,0,0,0.00,0.00,0,0,,0,,0,,0,,0,
689091938468626478,<@689091938468626478>,Pleb,,no,unmanaged legacy,no-op,,,,,,,0,0,0.00,0,0,0.00,0.00,0,0,,0,,0,,0,,0,
689141747296895087,<@689141747296895087>,Pleb,,no,unmanaged legacy,no-op,,,,,,,0,0,0.00,0,0,0.00,0.00,0,0,,0,,0,,0,,0,
689200468056211663,<@689200468056211663>,Pleb,,no,unmanaged legacy,no-op,,,,,,,0,0,0.00,0,0,0.00,0.00,0,0,,0,,0,,0,,0,
689412410746208286,<@689412410746208286>,Pleb,,no,unmanaged legacy,no-op,,,,,,,0,0,0.00,0,0,0.00,0.00,0,0,,0,,0,,0,,0,
689417305138266230,<@689417305138266230>,Pleb,,no,unmanaged legacy,no-op,,,,,,,0,0,0.00,0,0,0.00,0.00,0,0,,0,,0,,0,,0,
689971258284310568,<@689971258284310568>,Pleb,,no,unmanaged legacy,no-op,,,,,,,0,0,0.00,0,0,0.00,0.00,0,0,,0,,0,,0,,0,
690219879701544981,<@690219879701544981>,Pleb,,no,unmanaged legacy,no-op,,,,,,,0,0,0.00,0,0,0.00,0.00,0,0,,0,,0,,0,,0,
690653812007895080,<@690653812007895080>,Pleb,,no,unmanaged legacy,no-op,,,,,,,0,0,0.00,0,0,0.00,0.00,0,0,,0,,0,,0,,0,
690762862679031869,<@690762862679031869>,Pleb,,no,unmanaged legacy,no-op,,,,,,,0,0,0.00,0,0,0.00,0.00,0,0,,0,,0,,0,,0,
691007093167227010,<@691007093167227010>,Pleb,,no,unmanaged legacy,no-op,,,,,,,0,0,0.00,0,0,0.00,0.00,0,0,,0,,0,,0,,0,
691818749606494290,<@691818749606494290>,Pleb,,no,unmanaged legacy,no-op,,,,,,,0,0,0.00,0,0,0.00,0.00,0,0,,0,,0,,0,,0,
692102606503411734,<@692102606503411734>,Pleb,,no,unmanaged legacy,no-op,,,,,,,0,0,0.00,0,0,0.00,0.00,0,0,,0,,0,,0,,0,
692393865331736636,<@692393865331736636>,Pleb,,no,unmanaged legacy,no-op,,,,,,,0,0,0.00,0,0,0.00,0.00,0,0,,0,,0,,0,,0,
692478379001118790,<@692478379001118790>,Pleb,,no,unmanaged legacy,no-op,,,,,,,0,0,0.00,0,0,0.00,0.00,0,0,,0,,0,,0,,0,
693067628675072090,<@693067628675072090>,Pleb,,no,unmanaged legacy,no-op,,,,,,,0,0,0.00,0,0,0.00,0.00,0,0,,0,,0,,0,,0,
693124583951171644,<@693124583951171644>,Pleb,,no,unmanaged legacy,no-op,,,,,,,0,0,0.00,0,0,0.00,0.00,0,0,,0,,0,,0,,0,
693129784703844363,<@693129784703844363>,Pleb,,no,unmanaged legacy,no-op,,,,,,,0,0,0.00,0,0,0.00,0.00,0,0,,0,,0,,0,,0,
693493843449872434,<@693493843449872434>,Pleb,,no,unmanaged legacy,no-op,,,,,,,0,0,0.00,0,0,0.00,0.00,0,0,,0,,0,,0,,0,
693535297979547728,<@693535297979547728>,Pleb,,no,unmanaged legacy,no-op,,,,,,,0,0,0.00,0,0,0.00,0.00,0,0,,0,,0,,0,,0,
693805506296545371,<@693805506296545371>,Pleb,,no,unmanaged legacy,no-op,,,,,,,0,0,0.00,0,0,0.00,0.00,0,0,,0,,0,,0,,0,
693899041376829563,<@693899041376829563>,Gladiator,,no,unmanaged legacy,no-op,,,,,,,0,0,0.00,0,0,0.00,0.00,0,0,,0,,0,,0,,0,
694387821297008641,<@694387821297008641>,Pleb,,no,unmanaged legacy,no-op,,,,,,,0,0,0.00,0,0,0.00,0.00,0,0,,0,,0,,0,,0,
694555339349033000,<@694555339349033000>,Pleb,,no,unmanaged legacy,no-op,,,,,,,0,0,0.00,0,0,0.00,0.00,0,0,,0,,0,,0,,0,
694944067003482112,<@694944067003482112>,Pleb,,no,unmanaged legacy,no-op,,,,,,,0,0,0.00,0,0,0.00,0.00,0,0,,0,,0,,0,,0,
696013328413229066,<@696013328413229066>,Pleb,,no,unmanaged legacy,no-op,,,,,,,0,0,0.00,0,0,0.00,0.00,0,0,,0,,0,,0,,0,
696047303282262112,<@696047303282262112>,Pleb,,no,unmanaged legacy,no-op,,,,,,,0,0,0.00,0,0,0.00,0.00,0,0,,0,,0,,0,,0,
696086642703728741,<@696086642703728741>,Pleb,,no,unmanaged legacy,no-op,,,,,,,0,0,0.00,0,0,0.00,0.00,0,0,,0,,0,,0,,0,
696154168989057114,<@696154168989057114>,Pleb,,no,unmanaged legacy,no-op,,,,,,,0,0,0.00,0,0,0.00,0.00,0,0,,0,,0,,0,,0,
696826721831354518,<@696826721831354518>,Pleb,,no,unmanaged legacy,no-op,,,,,,,0,0,0.00,0,0,0.00,0.00,0,0,,0,,0,,0,,0,
697899980907872316,<@697899980907872316>,Pleb,,no,unmanaged legacy,no-op,,,,,,,0,0,0.00,0,0,0.00,0.00,0,0,,0,,0,,0,,0,
701077101033291878,<@701077101033291878>,Pleb,,no,unmanaged legacy,no-op,,,,,,,0,0,0.00,0,0,0.00,0.00,0,0,,0,,0,,0,,0,
701315138837544970,<@701315138837544970>,Pleb,,no,unmanaged legacy,no-op,,,,,,,0,0,0.00,0,0,0.00,0.00,0,0,,0,,0,,0,,0,
701774363057193042,<@701774363057193042>,Pleb,,no,unmanaged legacy,no-op,,,,,,,0,0,0.00,0,0,0.00,0.00,0,0,,0,,0,,0,,0,
703140727818944512,<@703140727818944512>,Pleb,,no,unmanaged legacy,no-op,,,,,,,0,0,0.00,0,0,0.00,0.00,0,0,,0,,0,,0,,0,
703548397755433000,<@703548397755433000>,Pleb,,no,unmanaged legacy,no-op,,,,,,,0,0,0.00,0,0,0.00,0.00,0,0,,0,,0,,0,,0,
703674891773411348,<@703674891773411348>,Pleb,,no,unmanaged legacy,no-op,,,,,,,0,0,0.00,0,0,0.00,0.00,0,0,,0,,0,,0,,0,
704342757627396106,<@704342757627396106>,Pleb,,no,unmanaged legacy,no-op,,,,,,,0,0,0.00,0,0,0.00,0.00,0,0,,0,,0,,0,,0,
705431666881069136,<@705431666881069136>,Pleb,,no,unmanaged legacy,no-op,,,,,,,0,0,0.00,0,0,0.00,0.00,0,0,,0,,0,,0,,0,
705465602512388177,<@705465602512388177>,Pleb,,no,unmanaged legacy,no-op,,,,,,,0,0,0.00,0,0,0.00,0.00,0,0,,0,,0,,0,,0,
705854841586712617,<@705854841586712617>,Pleb,,no,unmanaged legacy,no-op,,,,,,,0,0,0.00,0,0,0.00,0.00,0,0,,0,,0,,0,,0,
707028638377443358,<@707028638377443358>,Pleb,,no,unmanaged legacy,no-op,,,,,,,0,0,0.00,0,0,0.00,0.00,0,0,,0,,0,,0,,0,
707929315937091594,<@707929315937091594>,Pleb,,no,unmanaged legacy,no-op,,,,,,,0,0,0.00,0,0,0.00,0.00,0,0,,0,,0,,0,,0,
708708816748937290,<@708708816748937290>,Pleb,,no,unmanaged legacy,no-op,,,,,,,0,0,0.00,0,0,0.00,0.00,0,0,,0,,0,,0,,0,
709209182309711942,<@709209182309711942>,Pleb,,no,unmanaged legacy,no-op,,,,,,,0,0,0.00,0,0,0.00,0.00,0,0,,0,,0,,0,,0,
709409054371348541,<@709409054371348541>,Pleb,,no,unmanaged legacy,no-op,,,,,,,0,0,0.00,0,0,0.00,0.00,0,0,,0,,0,,0,,0,
711198786059239485,<@711198786059239485>,Pleb,,no,unmanaged legacy,no-op,,,,,,,0,0,0.00,0,0,0.00,0.00,0,0,,0,,0,,0,,0,
711575334130286676,<@711575334130286676>,Pleb,,no,unmanaged legacy,no-op,,,,,,,0,0,0.00,0,0,0.00,0.00,0,0,,0,,0,,0,,0,
711831300692115497,<@711831300692115497>,Pleb,,no,unmanaged legacy,no-op,,,,,,,0,0,0.00,0,0,0.00,0.00,0,0,,0,,0,,0,,0,
712297007569567774,<@712297007569567774>,Pleb,,no,unmanaged legacy,no-op,,,,,,,0,0,0.00,0,0,0.00,0.00,0,0,,0,,0,,0,,0,
713218378554146868,<@713218378554146868>,Pleb,,no,unmanaged legacy,no-op,,,,,,,0,0,0.00,0,0,0.00,0.00,0,0,,0,,0,,0,,0,
713838877462364220,<@713838877462364220>,Pleb,,no,unmanaged legacy,no-op,,,,,,,0,0,0.00,0,0,0.00,0.00,0,0,,0,,0,,0,,0,
714256458958635098,<@714256458958635098>,Pleb,,no,unmanaged legacy,no-op,,,,,,,0,0,0.00,0,0,0.00,0.00,0,0,,0,,0,,0,,0,
714499711565824073,<@714499711565824073>,Pleb,,no,unmanaged legacy,no-op,,,,,,,0,0,0.00,0,0,0.00,0.00,0,0,,0,,0,,0,,0,
715761802138615968,<@715761802138615968>,Pleb,,no,unmanaged legacy,no-op,,,,,,,0,0,0.00,0,0,0.00,0.00,0,0,,0,,0,,0,,0,
716328864715898931,<@716328864715898931>,Pleb,,no,unmanaged legacy,no-op,,,,,,,0,0,0.00,0,0,0.00,0.00,0,0,,0,,0,,0,,0,
716495250847301713,<@716495250847301713>,Pleb,,no,unmanaged legacy,no-op,,,,,,,0,0,0.00,0,0,0.00,0.00,0,0,,0,,0,,0,,0,
717125900541493371,<@717125900541493371>,Pleb,,no,unmanaged legacy,no-op,,,,,,,0,0,0.00,0,0,0.00,0.00,0,0,,0,,0,,0,,0,
717461078484975717,<@717461078484975717>,Pleb,,no,unmanaged legacy,no-op,,,,,,,0,0,0.00,0,0,0.00,0.00,0,0,,0,,0,,0,,0,
718353305046089739,<@718353305046089739>,Pleb,,no,unmanaged legacy,no-op,,,,,,,0,0,0.00,0,0,0.00,0.00,0,0,,0,,0,,0,,0,
718627809139884063,<@718627809139884063>,Pleb,,no,unmanaged legacy,no-op,,,,,,,0,0,0.00,0,0,0.00,0.00,0,0,,0,,0,,0,,0,
721320397936525312,<@721320397936525312>,Pleb,,no,unmanaged legacy,no-op,,,,,,,0,0,0.00,0,0,0.00,0.00,0,0,,0,,0,,0,,0,
722351552513310782,<@722351552513310782>,Pleb,,no,unmanaged legacy,no-op,,,,,,,0,0,0.00,0,0,0.00,0.00,0,0,,0,,0,,0,,0,
724036320044908645,<@724036320044908645>,Pleb,,no,unmanaged legacy,no-op,,,,,,,0,0,0.00,0,0,0.00,0.00,0,0,,0,,0,,0,,0,
724378389418344530,<@724378389418344530>,Pleb,,no,unmanaged legacy,no-op,,,,,,,0,0,0.00,0,0,0.00,0.00,0,0,,0,,0,,0,,0,
726109167038758922,<@726109167038758922>,Pleb,,no,unmanaged legacy,no-op,,,,,,,0,0,0.00,0,0,0.00,0.00,0,0,,0,,0,,0,,0,
726832352357122099,<@726832352357122099>,Pleb,,no,unmanaged legacy,no-op,,,,,,,0,0,0.00,0,0,0.00,0.00,0,0,,0,,0,,0,,0,
727000210219335790,<@727000210219335790>,Pleb,,no,unmanaged legacy,no-op,,,,,,,0,0,0.00,0,0,0.00,0.00,0,0,,0,,0,,0,,0,
727708515229237260,<@727708515229237260>,Pleb,,no,unmanaged legacy,no-op,,,,,,,0,0,0.00,0,0,0.00,0.00,0,0,,0,,0,,0,,0,
727969673026601050,<@727969673026601050>,Pleb,,no,unmanaged legacy,no-op,,,,,,,0,0,0.00,0,0,0.00,0.00,0,0,,0,,0,,0,,0,
732936075542003822,<@732936075542003822>,Pleb,,no,unmanaged legacy,no-op,,,,,,,0,0,0.00,0,0,0.00,0.00,0,0,,0,,0,,0,,0,
733270337038450688,<@733270337038450688>,Pleb,,no,unmanaged legacy,no-op,,,,,,,0,0,0.00,0,0,0.00,0.00,0,0,,0,,0,,0,,0,
738439412110721044,<@738439412110721044>,Pleb,,no,unmanaged legacy,no-op,,,,,,,0,0,0.00,0,0,0.00,0.00,0,0,,0,,0,,0,,0,
740815202135572550,<@740815202135572550>,Pleb,,no,unmanaged legacy,no-op,,,,,,,0,0,0.00,0,0,0.00,0.00,0,0,,0,,0,,0,,0,
740886298092634153,<@740886298092634153>,Pleb,,no,unmanaged legacy,no-op,,,,,,,0,0,0.00,0,0,0.00,0.00,0,0,,0,,0,,0,,0,
741775411775537212,<@741775411775537212>,Pleb,,no,unmanaged legacy,no-op,,,,,,,0,0,0.00,0,0,0.00,0.00,0,0,,0,,0,,0,,0,
745265282796355676,<@745265282796355676>,Pleb,,no,unmanaged legacy,no-op,,,,,,,0,0,0.00,0,0,0.00,0.00,0,0,,0,,0,,0,,0,
747490694373048440,<@747490694373048440>,Pleb,,no,unmanaged legacy,no-op,,,,,,,0,0,0.00,0,0,0.00,0.00,0,0,,0,,0,,0,,0,
747757740805455882,<@747757740805455882>,Pleb,,no,unmanaged legacy,no-op,,,,,,,0,0,0.00,0,0,0.00,0.00,0,0,,0,,0,,0,,0,
750255745114570894,<@750255745114570894>,Pleb,,no,unmanaged legacy,no-op,,,,,,,0,0,0.00,0,0,0.00,0.00,0,0,,0,,0,,0,,0,
750466484849082448,<@750466484849082448>,Pleb,,no,unmanaged legacy,no-op,,,,,,,0,0,0.00,0,0,0.00,0.00,0,0,,0,,0,,0,,0,
752674816078774364,<@752674816078774364>,Pleb,,no,unmanaged legacy,no-op,,,,,,,0,0,0.00,0,0,0.00,0.00,0,0,,0,,0,,0,,0,
754553858939682828,<@754553858939682828>,Pleb,,no,unmanaged legacy,no-op,,,,,,,0,0,0.00,0,0,0.00,0.00,0,0,,0,,0,,0,,0,
756223754341711874,<@756223754341711874>,Pleb,,no,unmanaged legacy,no-op,,,,,,,0,0,0.00,0,0,0.00,0.00,0,0,,0,,0,,0,,0,
756565283858153633,<@756565283858153633>,Pleb,,no,unmanaged legacy,no-op,,,,,,,0,0,0.00,0,0,0.00,0.00,0,0,,0,,0,,0,,0,
758642263470506005,<@758642263470506005>,Pleb,,no,unmanaged legacy,no-op,,,,,,,0,0,0.00,0,0,0.00,0.00,0,0,,0,,0,,0,,0,
759502617004212234,<@759502617004212234>,Pleb,,no,unmanaged legacy,no-op,,,,,,,0,0,0.00,0,0,0.00,0.00,0,0,,0,,0,,0,,0,
761175382627581974,<@761175382627581974>,Pleb,,no,unmanaged legacy,no-op,,,,,,,0,0,0.00,0,0,0.00,0.00,0,0,,0,,0,,0,,0,
761211124095516702,<@761211124095516702>,Pleb,,no,unmanaged legacy,no-op,,,,,,,0,0,0.00,0,0,0.00,0.00,0,0,,0,,0,,0,,0,
761689277544398858,<@761689277544398858>,Pleb,,no,unmanaged legacy,no-op,,,,,,,0,0,0.00,0,0,0.00,0.00,0,0,,0,,0,,0,,0,
761860271487582229,<@761860271487582229>,Pleb,,no,unmanaged legacy,no-op,,,,,,,0,0,0.00,0,0,0.00,0.00,0,0,,0,,0,,0,,0,
763071589792874586,<@763071589792874586>,Pleb,,no,unmanaged legacy,no-op,,,,,,,0,0,0.00,0,0,0.00,0.00,0,0,,0,,0,,0,,0,
764433493466939394,<@764433493466939394>,Pleb,,no,unmanaged legacy,no-op,,,,,,,0,0,0.00,0,0,0.00,0.00,0,0,,0,,0,,0,,0,
764503191126802442,<@764503191126802442>,Pleb,,no,unmanaged legacy,no-op,,,,,,,0,0,0.00,0,0,0.00,0.00,0,0,,0,,0,,0,,0,
765364783771025439,<@765364783771025439>,Pleb,,no,unmanaged legacy,no-op,,,,,,,0,0,0.00,0,0,0.00,0.00,0,0,,0,,0,,0,,0,
765517666092974100,<@765517666092974100>,Pleb,,no,unmanaged legacy,no-op,,,,,,,0,0,0.00,0,0,0.00,0.00,0,0,,0,,0,,0,,0,
767868018272632832,<@767868018272632832>,Pleb,,no,unmanaged legacy,no-op,,,,,,,0,0,0.00,0,0,0.00,0.00,0,0,,0,,0,,0,,0,
769932692133249054,<@769932692133249054>,Pleb,,no,unmanaged legacy,no-op,,,,,,,0,0,0.00,0,0,0.00,0.00,0,0,,0,,0,,0,,0,
770707304999944193,<@770707304999944193>,Pleb,,no,unmanaged legacy,no-op,,,,,,,0,0,0.00,0,0,0.00,0.00,0,0,,0,,0,,0,,0,
771341074819055617,<@771341074819055617>,Pleb,,no,unmanaged legacy,no-op,,,,,,,0,0,0.00,0,0,0.00,0.00,0,0,,0,,0,,0,,0,
771802862783168522,<@771802862783168522>,Pleb,,no,unmanaged legacy,no-op,,,,,,,0,0,0.00,0,0,0.00,0.00,0,0,,0,,0,,0,,0,
772151810009989140,<@772151810009989140>,Pleb,,no,unmanaged legacy,no-op,,,,,,,0,0,0.00,0,0,0.00,0.00,0,0,,0,,0,,0,,0,
772858558672797707,<@772858558672797707>,Pleb,,no,unmanaged legacy,no-op,,,,,,,0,0,0.00,0,0,0.00,0.00,0,0,,0,,0,,0,,0,
774377500515500052,<@774377500515500052>,Pleb,,no,unmanaged legacy,no-op,,,,,,,0,0,0.00,0,0,0.00,0.00,0,0,,0,,0,,0,,0,
775706800846012436,<@775706800846012436>,Pleb,,no,unmanaged legacy,no-op,,,,,,,0,0,0.00,0,0,0.00,0.00,0,0,,0,,0,,0,,0,
776524547692298292,<@776524547692298292>,Pleb,,no,unmanaged legacy,no-op,,,,,,,0,0,0.00,0,0,0.00,0.00,0,0,,0,,0,,0,,0,
776748831055282177,<@776748831055282177>,Pleb,,no,unmanaged legacy,no-op,,,,,,,0,0,0.00,0,0,0.00,0.00,0,0,,0,,0,,0,,0,
776787489410514945,<@776787489410514945>,Pleb,,no,unmanaged legacy,no-op,,,,,,,0,0,0.00,0,0,0.00,0.00,0,0,,0,,0,,0,,0,
778364934131417139,<@778364934131417139>,Pleb,,no,unmanaged legacy,no-op,,,,,,,0,0,0.00,0,0,0.00,0.00,0,0,,0,,0,,0,,0,
779230025924214785,<@779230025924214785>,Pleb,,no,unmanaged legacy,no-op,,,,,,,0,0,0.00,0,0,0.00,0.00,0,0,,0,,0,,0,,0,
779364265877962774,<@779364265877962774>,Pleb,,no,unmanaged legacy,no-op,,,,,,,0,0,0.00,0,0,0.00,0.00,0,0,,0,,0,,0,,0,
781276462350991391,<@781276462350991391>,Pleb,,no,unmanaged legacy,no-op,,,,,,,0,0,0.00,0,0,0.00,0.00,0,0,,0,,0,,0,,0,
782872064813957141,<@782872064813957141>,Pleb,,no,unmanaged legacy,no-op,,,,,,,0,0,0.00,0,0,0.00,0.00,0,0,,0,,0,,0,,0,
783326521993592842,<@783326521993592842>,Pleb,,no,unmanaged legacy,no-op,,,,,,,0,0,0.00,0,0,0.00,0.00,0,0,,0,,0,,0,,0,
784867527037419582,<@784867527037419582>,Pleb,,no,unmanaged legacy,no-op,,,,,,,0,0,0.00,0,0,0.00,0.00,0,0,,0,,0,,0,,0,
785945674389651466,<@785945674389651466>,Pleb,,no,unmanaged legacy,no-op,,,,,,,0,0,0.00,0,0,0.00,0.00,0,0,,0,,0,,0,,0,
787362034659885126,<@787362034659885126>,Pleb,,no,unmanaged legacy,no-op,,,,,,,0,0,0.00,0,0,0.00,0.00,0,0,,0,,0,,0,,0,
788633620666777630,<@788633620666777630>,Pleb,,no,unmanaged legacy,no-op,,,,,,,0,0,0.00,0,0,0.00,0.00,0,0,,0,,0,,0,,0,
788733495857512480,<@788733495857512480>,Pleb,,no,unmanaged legacy,no-op,,,,,,,0,0,0.00,0,0,0.00,0.00,0,0,,0,,0,,0,,0,
789825747472220162,<@789825747472220162>,Pleb,,no,unmanaged legacy,no-op,,,,,,,0,0,0.00,0,0,0.00,0.00,0,0,,0,,0,,0,,0,
790678051947675728,<@790678051947675728>,Pleb,,no,unmanaged legacy,no-op,,,,,,,0,0,0.00,0,0,0.00,0.00,0,0,,0,,0,,0,,0,
790989816254562334,<@790989816254562334>,Pleb,,no,unmanaged legacy,no-op,,,,,,,0,0,0.00,0,0,0.00,0.00,0,0,,0,,0,,0,,0,
791047070420828201,<@791047070420828201>,Pleb,,no,unmanaged legacy,no-op,,,,,,,0,0,0.00,0,0,0.00,0.00,0,0,,0,,0,,0,,0,
791465885130293248,<@791465885130293248>,Pleb,,no,unmanaged legacy,no-op,,,,,,,0,0,0.00,0,0,0.00,0.00,0,0,,0,,0,,0,,0,
792124902835748886,<@792124902835748886>,Pleb,,no,unmanaged legacy,no-op,,,,,,,0,0,0.00,0,0,0.00,0.00,0,0,,0,,0,,0,,0,
792740395389288458,<@792740395389288458>,Pleb,,no,unmanaged legacy,no-op,,,,,,,0,0,0.00,0,0,0.00,0.00,0,0,,0,,0,,0,,0,
793238422113484801,<@793238422113484801>,Pleb,,no,unmanaged legacy,no-op,,,,,,,0,0,0.00,0,0,0.00,0.00,0,0,,0,,0,,0,,0,
794055567928721429,<@794055567928721429>,Pleb,,no,unmanaged legacy,no-op,,,,,,,0,0,0.00,0,0,0.00,0.00,0,0,,0,,0,,0,,0,
797856348095774720,<@797856348095774720>,Pleb,,no,unmanaged legacy,no-op,,,,,,,0,0,0.00,0,0,0.00,0.00,0,0,,0,,0,,0,,0,
798023519136383028,<@798023519136383028>,Pleb,,no,unmanaged legacy,no-op,,,,,,,0,0,0.00,0,0,0.00,0.00,0,0,,0,,0,,0,,0,
798228819433619476,<@798228819433619476>,Pleb,,no,unmanaged legacy,no-op,,,,,,,0,0,0.00,0,0,0.00,0.00,0,0,,0,,0,,0,,0,
798722255613460510,<@798722255613460510>,Pleb,,no,unmanaged legacy,no-op,,,,,,,0,0,0.00,0,0,0.00,0.00,0,0,,0,,0,,0,,0,
799859356732096543,<@799859356732096543>,Pleb,,no,unmanaged legacy,no-op,,,,,,,0,0,0.00,0,0,0.00,0.00,0,0,,0,,0,,0,,0,
800099830944628767,<@800099830944628767>,Pleb,,no,unmanaged legacy,no-op,,,,,,,0,0,0.00,0,0,0.00,0.00,0,0,,0,,0,,0,,0,
80122013221400576,<@80122013221400576>,Pleb,,no,unmanaged legacy,no-op,,,,,,,0,0,0.00,0,0,0.00,0.00,0,0,,0,,0,,0,,0,
801677122410250250,<@801677122410250250>,Pleb,,no,unmanaged legacy,no-op,,,,,,,0,0,0.00,0,0,0.00,0.00,0,0,,0,,0,,0,,0,
802197841812389908,<@802197841812389908>,Pleb,,no,unmanaged legacy,no-op,,,,,,,0,0,0.00,0,0,0.00,0.00,0,0,,0,,0,,0,,0,
807342716333457449,<@807342716333457449>,Pleb,,no,unmanaged legacy,no-op,,,,,,,0,0,0.00,0,0,0.00,0.00,0,0,,0,,0,,0,,0,
808397111313039450,<@808397111313039450>,Pleb,,no,unmanaged legacy,no-op,,,,,,,0,0,0.00,0,0,0.00,0.00,0,0,,0,,0,,0,,0,
811308576479379466,<@811308576479379466>,Pleb,,no,unmanaged legacy,no-op,,,,,,,0,0,0.00,0,0,0.00,0.00,0,0,,0,,0,,0,,0,
812704419753230397,<@812704419753230397>,Pleb,,no,unmanaged legacy,no-op,,,,,,,0,0,0.00,0,0,0.00,0.00,0,0,,0,,0,,0,,0,
815769866274340896,<@815769866274340896>,Pleb,,no,unmanaged legacy,no-op,,,,,,,0,0,0.00,0,0,0.00,0.00,0,0,,0,,0,,0,,0,
818264416340541500,<@818264416340541500>,Pleb,,no,unmanaged legacy,no-op,,,,,,,0,0,0.00,0,0,0.00,0.00,0,0,,0,,0,,0,,0,
818661677222461462,<@818661677222461462>,Pleb,,no,unmanaged legacy,no-op,,,,,,,0,0,0.00,0,0,0.00,0.00,0,0,,0,,0,,0,,0,
821711844825759814,<@821711844825759814>,Pleb,,no,unmanaged legacy,no-op,,,,,,,0,0,0.00,0,0,0.00,0.00,0,0,,0,,0,,0,,0,
822914399441387560,<@822914399441387560>,Pleb,,no,unmanaged legacy,no-op,,,,,,,0,0,0.00,0,0,0.00,0.00,0,0,,0,,0,,0,,0,
823854667192074240,<@823854667192074240>,Pleb,,no,unmanaged legacy,no-op,,,,,,,0,0,0.00,0,0,0.00,0.00,0,0,,0,,0,,0,,0,
824274866659917845,<@824274866659917845>,Pleb,,no,unmanaged legacy,no-op,,,,,,,0,0,0.00,0,0,0.00,0.00,0,0,,0,,0,,0,,0,
824920735041847336,<@824920735041847336>,Pleb,,no,unmanaged legacy,no-op,,,,,,,0,0,0.00,0,0,0.00,0.00,0,0,,0,,0,,0,,0,
826468379954511902,<@826468379954511902>,Pleb,,no,unmanaged legacy,no-op,,,,,,,0,0,0.00,0,0,0.00,0.00,0,0,,0,,0,,0,,0,
826509348569350185,<@826509348569350185>,Pleb,,no,unmanaged legacy,no-op,,,,,,,0,0,0.00,0,0,0.00,0.00,0,0,,0,,0,,0,,0,
829299703509155842,<@829299703509155842>,Pleb,,no,unmanaged legacy,no-op,,,,,,,0,0,0.00,0,0,0.00,0.00,0,0,,0,,0,,0,,0,
82987058573869056,<@82987058573869056>,Pleb,,no,unmanaged legacy,no-op,,,,,,,0,0,0.00,0,0,0.00,0.00,0,0,,0,,0,,0,,0,
830770032682336297,<@830770032682336297>,Pleb,,no,unmanaged legacy,no-op,,,,,,,0,0,0.00,0,0,0.00,0.00,0,0,,0,,0,,0,,0,
831442327163109387,<@831442327163109387>,Pleb,,no,unmanaged legacy,no-op,,,,,,,0,0,0.00,0,0,0.00,0.00,0,0,,0,,0,,0,,0,
831770432683245619,<@831770432683245619>,Pleb,,no,unmanaged legacy,no-op,,,,,,,0,0,0.00,0,0,0.00,0.00,0,0,,0,,0,,0,,0,
832420938091855902,<@832420938091855902>,Pleb,,no,unmanaged legacy,no-op,,,,,,,0,0,0.00,0,0,0.00,0.00,0,0,,0,,0,,0,,0,
833275920592011284,<@833275920592011284>,Pleb,,no,unmanaged legacy,no-op,,,,,,,0,0,0.00,0,0,0.00,0.00,0,0,,0,,0,,0,,0,
837968226137800734,<@837968226137800734>,Pleb,,no,unmanaged legacy,no-op,,,,,,,0,0,0.00,0,0,0.00,0.00,0,0,,0,,0,,0,,0,
843003879503429662,<@843003879503429662>,Pleb,,no,unmanaged legacy,no-op,,,,,,,0,0,0.00,0,0,0.00,0.00,0,0,,0,,0,,0,,0,
843530312163131404,<@843530312163131404>,Pleb,,no,unmanaged legacy,no-op,,,,,,,0,0,0.00,0,0,0.00,0.00,0,0,,0,,0,,0,,0,
843927935093178400,<@843927935093178400>,Pleb,,no,unmanaged legacy,no-op,,,,,,,0,0,0.00,0,0,0.00,0.00,0,0,,0,,0,,0,,0,
851123139345121290,<@851123139345121290>,Pleb,,no,unmanaged legacy,no-op,,,,,,,0,0,0.00,0,0,0.00,0.00,0,0,,0,,0,,0,,0,
854275177612050432,<@854275177612050432>,Pleb,,no,unmanaged legacy,no-op,,,,,,,0,0,0.00,0,0,0.00,0.00,0,0,,0,,0,,0,,0,
854395769304645652,<@854395769304645652>,Pleb,,no,unmanaged legacy,no-op,,,,,,,0,0,0.00,0,0,0.00,0.00,0,0,,0,,0,,0,,0,
854584270637760523,<@854584270637760523>,Pleb,,no,unmanaged legacy,no-op,,,,,,,0,0,0.00,0,0,0.00,0.00,0,0,,0,,0,,0,,0,
855595375543975958,<@855595375543975958>,Pleb,,no,unmanaged legacy,no-op,,,,,,,0,0,0.00,0,0,0.00,0.00,0,0,,0,,0,,0,,0,
856107076837179422,<@856107076837179422>,Pleb,,no,unmanaged legacy,no-op,,,,,,,0,0,0.00,0,0,0.00,0.00,0,0,,0,,0,,0,,0,
859933298359795752,<@859933298359795752>,Pleb,,no,unmanaged legacy,no-op,,,,,,,0,0,0.00,0,0,0.00,0.00,0,0,,0,,0,,0,,0,
860620773747195916,<@860620773747195916>,Pleb,,no,unmanaged legacy,no-op,,,,,,,0,0,0.00,0,0,0.00,0.00,0,0,,0,,0,,0,,0,
862016483906420746,<@862016483906420746>,Gladiator,,no,unmanaged legacy,no-op,,,,,,,0,0,0.00,0,0,0.00,0.00,0,0,,0,,0,,0,,0,
86238227266043904,<@86238227266043904>,Pleb,,no,unmanaged legacy,no-op,,,,,,,0,0,0.00,0,0,0.00,0.00,0,0,,0,,0,,0,,0,
867843478109421619,<@867843478109421619>,Pleb,,no,unmanaged legacy,no-op,,,,,,,0,0,0.00,0,0,0.00,0.00,0,0,,0,,0,,0,,0,
869155633319002173,<@869155633319002173>,Pleb,,no,unmanaged legacy,no-op,,,,,,,0,0,0.00,0,0,0.00,0.00,0,0,,0,,0,,0,,0,
873212454002389033,<@873212454002389033>,Pleb,,no,unmanaged legacy,no-op,,,,,,,0,0,0.00,0,0,0.00,0.00,0,0,,0,,0,,0,,0,
874064869685596251,<@874064869685596251>,Pleb,,no,unmanaged legacy,no-op,,,,,,,0,0,0.00,0,0,0.00,0.00,0,0,,0,,0,,0,,0,
874316698566660116,<@874316698566660116>,Pleb,,no,unmanaged legacy,no-op,,,,,,,0,0,0.00,0,0,0.00,0.00,0,0,,0,,0,,0,,0,
875038116086439966,<@875038116086439966>,Pleb,,no,unmanaged legacy,no-op,,,,,,,0,0,0.00,0,0,0.00,0.00,0,0,,0,,0,,0,,0,
876942027105906779,<@876942027105906779>,Pleb,,no,unmanaged legacy,no-op,,,,,,,0,0,0.00,0,0,0.00,0.00,0,0,,0,,0,,0,,0,
879789579740262511,<@879789579740262511>,Pleb,,no,unmanaged legacy,no-op,,,,,,,0,0,0.00,0,0,0.00,0.00,0,0,,0,,0,,0,,0,
880550786684309565,<@880550786684309565>,Pleb,,no,unmanaged legacy,no-op,,,,,,,0,0,0.00,0,0,0.00,0.00,0,0,,0,,0,,0,,0,
883298340178112512,<@883298340178112512>,Pleb,,no,unmanaged legacy,no-op,,,,,,,0,0,0.00,0,0,0.00,0.00,0,0,,0,,0,,0,,0,
885782692879278081,<@885782692879278081>,Pleb,,no,unmanaged legacy,no-op,,,,,,,0,0,0.00,0,0,0.00,0.00,0,0,,0,,0,,0,,0,
888103321552965644,<@888103321552965644>,Pleb,,no,unmanaged legacy,no-op,,,,,,,0,0,0.00,0,0,0.00,0.00,0,0,,0,,0,,0,,0,
890810943834062849,<@890810943834062849>,Pleb,,no,unmanaged legacy,no-op,,,,,,,0,0,0.00,0,0,0.00,0.00,0,0,,0,,0,,0,,0,
892463477451534426,<@892463477451534426>,Pleb,,no,unmanaged legacy,no-op,,,,,,,0,0,0.00,0,0,0.00,0.00,0,0,,0,,0,,0,,0,
893714335002681385,<@893714335002681385>,Pleb,,no,unmanaged legacy,no-op,,,,,,,0,0,0.00,0,0,0.00,0.00,0,0,,0,,0,,0,,0,
897088244099993612,<@897088244099993612>,Pleb,,no,unmanaged legacy,no-op,,,,,,,0,0,0.00,0,0,0.00,0.00,0,0,,0,,0,,0,,0,
899266941334736957,<@899266941334736957>,Pleb,,no,unmanaged legacy,no-op,,,,,,,0,0,0.00,0,0,0.00,0.00,0,0,,0,,0,,0,,0,
903457637864198144,<@903457637864198144>,Gladiator,,no,unmanaged legacy,no-op,,,,,,,0,0,0.00,0,0,0.00,0.00,0,0,,0,,0,,0,,0,
907548087462027274,<@907548087462027274>,Pleb,,no,unmanaged legacy,no-op,,,,,,,0,0,0.00,0,0,0.00,0.00,0,0,,0,,0,,0,,0,
908958381384040498,<@908958381384040498>,Pleb,,no,unmanaged legacy,no-op,,,,,,,0,0,0.00,0,0,0.00,0.00,0,0,,0,,0,,0,,0,
909161684457885736,<@909161684457885736>,Pleb,,no,unmanaged legacy,no-op,,,,,,,0,0,0.00,0,0,0.00,0.00,0,0,,0,,0,,0,,0,
913802835374792725,<@913802835374792725>,Pleb,,no,unmanaged legacy,no-op,,,,,,,0,0,0.00,0,0,0.00,0.00,0,0,,0,,0,,0,,0,
916283784305983538,<@916283784305983538>,Pleb,,no,unmanaged legacy,no-op,,,,,,,0,0,0.00,0,0,0.00,0.00,0,0,,0,,0,,0,,0,
916681126570000424,<@916681126570000424>,Pleb,,no,unmanaged legacy,no-op,,,,,,,0,0,0.00,0,0,0.00,0.00,0,0,,0,,0,,0,,0,
917521702223765514,<@917521702223765514>,Gladiator,,no,unmanaged legacy,no-op,,,,,,,0,0,0.00,0,0,0.00,0.00,0,0,,0,,0,,0,,0,
919033512710012959,<@919033512710012959>,Pleb,,no,unmanaged legacy,no-op,,,,,,,0,0,0.00,0,0,0.00,0.00,0,0,,0,,0,,0,,0,
920799321706872832,<@920799321706872832>,Pleb,,no,unmanaged legacy,no-op,,,,,,,0,0,0.00,0,0,0.00,0.00,0,0,,0,,0,,0,,0,
924670431863128205,<@924670431863128205>,Pleb,,no,unmanaged legacy,no-op,,,,,,,0,0,0.00,0,0,0.00,0.00,0,0,,0,,0,,0,,0,
925329314990407682,<@925329314990407682>,Pleb,,no,unmanaged legacy,no-op,,,,,,,0,0,0.00,0,0,0.00,0.00,0,0,,0,,0,,0,,0,
925808275566506014,<@925808275566506014>,Pleb,,no,unmanaged legacy,no-op,,,,,,,0,0,0.00,0,0,0.00,0.00,0,0,,0,,0,,0,,0,
926289638245695578,<@926289638245695578>,Pleb,,no,unmanaged legacy,no-op,,,,,,,0,0,0.00,0,0,0.00,0.00,0,0,,0,,0,,0,,0,
926588045640233011,<@926588045640233011>,Pleb,,no,unmanaged legacy,no-op,,,,,,,0,0,0.00,0,0,0.00,0.00,0,0,,0,,0,,0,,0,
928658102067269654,<@928658102067269654>,Pleb,,no,unmanaged legacy,no-op,,,,,,,0,0,0.00,0,0,0.00,0.00,0,0,,0,,0,,0,,0,
929220030015623259,<@929220030015623259>,Pleb,,no,unmanaged legacy,no-op,,,,,,,0,0,0.00,0,0,0.00,0.00,0,0,,0,,0,,0,,0,
929556115484737576,<@929556115484737576>,Pleb,,no,unmanaged legacy,no-op,,,,,,,0,0,0.00,0,0,0.00,0.00,0,0,,0,,0,,0,,0,
930110806278946837,<@930110806278946837>,Pleb,,no,unmanaged legacy,no-op,,,,,,,0,0,0.00,0,0,0.00,0.00,0,0,,0,,0,,0,,0,
930957383746854973,<@930957383746854973>,Pleb,,no,unmanaged legacy,no-op,,,,,,,0,0,0.00,0,0,0.00,0.00,0,0,,0,,0,,0,,0,
931551159234203679,<@931551159234203679>,Pleb,,no,unmanaged legacy,no-op,,,,,,,0,0,0.00,0,0,0.00,0.00,0,0,,0,,0,,0,,0,
932423384267100220,<@932423384267100220>,Pleb,,no,unmanaged legacy,no-op,,,,,,,0,0,0.00,0,0,0.00,0.00,0,0,,0,,0,,0,,0,
932944070953803826,<@932944070953803826>,Pleb,,no,unmanaged legacy,no-op,,,,,,,0,0,0.00,0,0,0.00,0.00,0,0,,0,,0,,0,,0,
934102032829251694,<@934102032829251694>,Pleb,,no,unmanaged legacy,no-op,,,,,,,0,0,0.00,0,0,0.00,0.00,0,0,,0,,0,,0,,0,
934111529408819270,<@934111529408819270>,Pleb,,no,unmanaged legacy,no-op,,,,,,,0,0,0.00,0,0,0.00,0.00,0,0,,0,,0,,0,,0,
936265217418072125,<@936265217418072125>,Pleb,,no,unmanaged legacy,no-op,,,,,,,0,0,0.00,0,0,0.00,0.00,0,0,,0,,0,,0,,0,
940641826182930452,<@940641826182930452>,Pleb,,no,unmanaged legacy,no-op,,,,,,,0,0,0.00,0,0,0.00,0.00,0,0,,0,,0,,0,,0,
941592804377894942,<@941592804377894942>,Pleb,,no,unmanaged legacy,no-op,,,,,,,0,0,0.00,0,0,0.00,0.00,0,0,,0,,0,,0,,0,
942821038285287454,<@942821038285287454>,Pleb,,no,unmanaged legacy,no-op,,,,,,,0,0,0.00,0,0,0.00,0.00,0,0,,0,,0,,0,,0,
948998734195335259,<@948998734195335259>,Pleb,,no,unmanaged legacy,no-op,,,,,,,0,0,0.00,0,0,0.00,0.00,0,0,,0,,0,,0,,0,
952558796423721040,<@952558796423721040>,Pleb,,no,unmanaged legacy,no-op,,,,,,,0,0,0.00,0,0,0.00,0.00,0,0,,0,,0,,0,,0,
953903405737345068,<@953903405737345068>,Pleb,,no,unmanaged legacy,no-op,,,,,,,0,0,0.00,0,0,0.00,0.00,0,0,,0,,0,,0,,0,
954827570040410122,<@954827570040410122>,Pleb,,no,unmanaged legacy,no-op,,,,,,,0,0,0.00,0,0,0.00,0.00,0,0,,0,,0,,0,,0,
960050655760883762,<@960050655760883762>,Pleb,,no,unmanaged legacy,no-op,,,,,,,0,0,0.00,0,0,0.00,0.00,0,0,,0,,0,,0,,0,
960946768198135838,<@960946768198135838>,Pleb,,no,unmanaged legacy,no-op,,,,,,,0,0,0.00,0,0,0.00,0.00,0,0,,0,,0,,0,,0,
961025696170377328,<@961025696170377328>,Pleb,,no,unmanaged legacy,no-op,,,,,,,0,0,0.00,0,0,0.00,0.00,0,0,,0,,0,,0,,0,
963136116389728367,<@963136116389728367>,Pleb,,no,unmanaged legacy,no-op,,,,,,,0,0,0.00,0,0,0.00,0.00,0,0,,0,,0,,0,,0,
964602222845521971,<@964602222845521971>,Pleb,,no,unmanaged legacy,no-op,,,,,,,0,0,0.00,0,0,0.00,0.00,0,0,,0,,0,,0,,0,
965224571588456448,<@965224571588456448>,Pleb,,no,unmanaged legacy,no-op,,,,,,,0,0,0.00,0,0,0.00,0.00,0,0,,0,,0,,0,,0,
965345457524064356,<@965345457524064356>,Pleb,,no,unmanaged legacy,no-op,,,,,,,0,0,0.00,0,0,0.00,0.00,0,0,,0,,0,,0,,0,
965828914360496139,<@965828914360496139>,Pleb,,no,unmanaged legacy,no-op,,,,,,,0,0,0.00,0,0,0.00,0.00,0,0,,0,,0,,0,,0,
967087551905153035,<@967087551905153035>,Pleb,,no,unmanaged legacy,no-op,,,,,,,0,0,0.00,0,0,0.00,0.00,0,0,,0,,0,,0,,0,
970381934423326750,<@970381934423326750>,Pleb,,no,unmanaged legacy,no-op,,,,,,,0,0,0.00,0,0,0.00,0.00,0,0,,0,,0,,0,,0,
970997543376920616,<@970997543376920616>,Pleb,,no,unmanaged legacy,no-op,,,,,,,0,0,0.00,0,0,0.00,0.00,0,0,,0,,0,,0,,0,
977197697767473193,<@977197697767473193>,Pleb,,no,unmanaged legacy,no-op,,,,,,,0,0,0.00,0,0,0.00,0.00,0,0,,0,,0,,0,,0,
977848128411676692,<@977848128411676692>,Pleb,,no,unmanaged legacy,no-op,,,,,,,0,0,0.00,0,0,0.00,0.00,0,0,,0,,0,,0,,0,
978028946539028611,<@978028946539028611>,Pleb,,no,unmanaged legacy,no-op,,,,,,,0,0,0.00,0,0,0.00,0.00,0,0,,0,,0,,0,,0,
98184787692371968,<@98184787692371968>,Pleb,,no,unmanaged legacy,no-op,,,,,,,0,0,0.00,0,0,0.00,0.00,0,0,,0,,0,,0,,0,
986554952216359003,<@986554952216359003>,Pleb,,no,unmanaged legacy,no-op,,,,,,,0,0,0.00,0,0,0.00,0.00,0,0,,0,,0,,0,,0,
99363571791577088,<@99363571791577088>,Pleb,,no,unmanaged legacy,no-op,,,,,,,0,0,0.00,0,0,0.00,0.00,0,0,,0,,0,,0,,0,
996736205666402355,<@996736205666402355>,Pleb,,no,unmanaged legacy,no-op,,,,,,,0,0,0.00,0,0,0.00,0.00,0,0,,0,,0,,0,,0,
99951246772805632,<@99951246772805632>,Pleb,,no,unmanaged legacy,no-op,,,,,,,0,0,0.00,0,0,0.00,0.00,0,0,,0,,0,,0,,0,
497819343137275934,➔Тварь макеевского родничка,Pleb,,no,unmanaged legacy,no-op,,,1102,887,27.8379,7.9747,6,1,5.50,1,3,0.17,0.58,5,0,,0,,6,1109,0,,0,
201984861353803776,🐒Monkey Style🐒,Pleb,,no,unmanaged legacy,no-op,,,859,672,21.0893,6.9335,6,0,6.00,0,0,0.00,0.00,3,6,924,0,,0,,0,,0,
230022822842335232,0721,Pleb,,no,unmanaged legacy,no-op,,,790,587,19.1705,7.5058,6,0,6.00,0,0,0.00,0.00,1,1,884,2,921,3,976,0,,0,
1007705241577340984,1007705241577340984,Pleb,,no,unmanaged legacy,no-op,,,975,755,24.3132,8.1569,3,3,1.50,1,1,0.17,0.17,1,0,,0,,3,974,0,,0,
1099392392051839028,1099392392051839028,Pleb,,no,unmanaged legacy,no-op,,,1025,806,25.7029,8.1353,3,3,1.50,0,1,0.00,0.17,2,0,,1,1035,2,997,0,,0,
1228842868026904627,1228842868026904627,,,no,calibrating,no-op,,,1046,823,26.2700,8.2364,2,2,1.00,0,1,0.00,0.17,2,0,,0,,2,1056,0,,0,
130637505773961216,130637505773961216,Pleb,,no,unmanaged legacy,no-op,,,1057,836,26.5823,8.1904,2,2,1.00,0,0,0.00,0.00,2,0,,2,1054,0,,0,,0,
183517371057700864,183517371057700864,Pleb,,no,unmanaged legacy,no-op,,,971,748,24.1935,8.2461,1,1,0.50,0,0,0.00,0.00,0,0,,1,967,0,,0,,0,
216755727501492226,216755727501492226,Squire,,no,unmanaged legacy,no-op,,,959,740,23.8547,8.0882,2,1,1.50,0,0,0.00,0.00,0,0,,1,967,0,,1,992,0,
241866900991115264,241866900991115264,Pleb,,no,unmanaged legacy,no-op,,,1034,811,25.9456,8.2496,1,1,0.50,1,2,0.25,0.50,1,0,,1,1037,0,,0,,0,
245282338504835073,245282338504835073,Pleb,,no,unmanaged legacy,no-op,,,970,746,24.1667,8.2780,1,1,0.50,0,0,0.00,0.00,0,0,,0,,1,970,0,,0,
276390577082335232,276390577082335232,Pleb,,no,unmanaged legacy,no-op,,,899,680,22.1807,8.0913,3,3,1.50,0,0,0.00,0.00,0,0,,3,897,0,,0,,0,
277107529236873216,277107529236873216,Pleb,,no,unmanaged legacy,no-op,,,986,775,24.6185,7.8328,5,4,3.00,0,0,0.00,0.00,3,0,,5,993,0,,0,,0,
293593676947390467,293593676947390467,Pleb,,no,unmanaged legacy,no-op,,,1034,811,25.9395,8.2354,1,1,0.50,0,1,0.00,0.25,1,0,,1,1037,0,,0,,0,
299525686148857856,299525686148857856,Pleb,,no,unmanaged legacy,no-op,,,926,706,22.9539,8.1663,2,2,1.00,0,0,0.00,0.00,0,0,,2,933,0,,0,,0,
668505869696106504,2ch,Pleb,,no,unmanaged legacy,no-op,,,1025,821,25.6855,7.5268,2,0,2.00,0,0,0.00,0.00,1,2,1002,0,,0,,0,,0,
301694398507384832,301694398507384832,,,no,calibrating,no-op,,,797,584,19.3527,7.8828,5,2,4.00,0,0,0.00,0.00,0,0,,1,965,4,808,0,,0,
303328772004773888,303328772004773888,Pleb,,no,unmanaged legacy,no-op,,,974,750,24.2652,8.2713,1,1,0.50,0,0,0.00,0.00,0,0,,0,,1,972,0,,0,
312614485930147841,312614485930147841,Pleb,,no,unmanaged legacy,no-op,,,962,739,23.9477,8.2724,1,1,0.50,0,0,0.00,0.00,0,0,,0,,1,965,0,,0,
318466857407479809,318466857407479809,,,no,calibrating,no-op,,,938,717,23.2749,8.1787,3,3,1.50,0,0,0.00,0.00,0,0,,2,953,1,967,0,,0,
328103761128194049,328103761128194049,Gladiator,,no,unmanaged legacy,no-op,,,974,751,24.2912,8.2770,1,1,0.50,0,0,0.00,0.00,0,0,,0,,1,971,0,,0,
343320670228316160,343320670228316160,Pleb,,no,unmanaged legacy,no-op,,,965,743,24.0367,8.2507,1,1,0.50,0,0,0.00,0.00,0,0,,1,964,0,,0,,0,
387680847764914186,387680847764914186,Pleb,,no,unmanaged legacy,no-op,,,1051,847,26.4076,7.5552,12,11,6.50,1,3,0.17,0.58,7,0,,7,1085,5,979,0,,0,
389043636517470209,389043636517470209,Pleb,,no,unmanaged legacy,no-op,,,950,728,23.6132,8.2167,2,2,1.00,0,0,0.00,0.00,0,0,,2,951,0,,0,,0,
398226260179943424,398226260179943424,Gladiator,,no,unmanaged legacy,no-op,,,965,742,24.0195,8.2508,1,1,0.50,0,0,0.00,0.00,0,0,,1,965,0,,0,,0,
400626149644042240,400626149644042240,Squire,,no,unmanaged legacy,no-op,,,1023,806,25.6434,8.0357,3,1,2.50,0,1,0.00,0.33,2,0,,0,,3,1038,0,,0,
409007349932752907,409007349932752907,Pleb,,no,unmanaged legacy,no-op,,,1031,808,25.8712,8.2717,1,1,0.50,0,0,0.00,0.00,1,0,,0,,1,1026,0,,0,
426437428048429058,426437428048429058,Pleb,,no,unmanaged legacy,no-op,,,918,699,22.7123,8.0962,2,1,1.50,0,0,0.00,0.00,0,0,,2,918,0,,0,,0,
439480624911482880,439480624911482880,Pleb,,no,unmanaged legacy,no-op,,,988,764,24.6544,8.2880,1,1,0.50,0,0,0.00,0.00,0,0,,1,967,0,,0,,0,
227153276322316288,43v3,Pleb,,no,unmanaged legacy,no-op,,,920,710,22.7856,7.7972,6,5,3.50,1,1,0.33,0.33,1,1,946,3,907,2,1039,0,,0,
455691222196158474,455691222196158474,Pleb,,no,unmanaged legacy,no-op,,,961,738,23.9232,8.2751,1,1,0.50,0,0,0.00,0.00,0,0,,0,,1,969,0,,0,
474127995498397696,474127995498397696,,,no,calibrating,no-op,,,978,755,24.3982,8.2623,1,1,0.50,0,0,0.00,0.00,0,0,,1,981,0,,0,,0,
494237119083053067,494237119083053067,Pleb,,no,unmanaged legacy,no-op,,,954,731,23.7108,8.2421,1,1,0.50,0,0,0.00,0.00,0,0,,1,960,0,,0,,0,
513861082339737611,513861082339737611,Pleb,,no,unmanaged legacy,no-op,,,1029,805,25.8024,8.2746,1,1,0.50,0,0,0.00,0.00,1,0,,0,,1,1029,0,,0,
514866952758362115,514866952758362115,Pleb,,no,unmanaged legacy,no-op,,,926,713,22.9484,7.8925,8,7,4.50,0,1,0.00,0.17,3,0,,0,,8,964,0,,0,
539038452776435724,539038452776435724,Squire,,no,unmanaged legacy,no-op,,,887,669,21.8601,8.0690,4,2,3.00,0,0,0.00,0.00,1,0,,0,,4,941,0,,0,
540222688116080652,540222688116080652,Pleb,,no,unmanaged legacy,no-op,,,949,736,23.5765,7.8976,4,3,2.50,0,0,0.00,0.00,2,0,,4,953,0,,0,,0,
542143919362801696,542143919362801696,Pleb,,no,unmanaged legacy,no-op,,,972,749,24.2287,8.2741,1,1,0.50,0,0,0.00,0.00,0,0,,0,,1,972,0,,0,
546689159176388608,546689159176388608,Pleb,,no,unmanaged legacy,no-op,,,941,721,23.3633,8.1520,2,1,1.50,0,0,0.00,0.00,0,0,,1,968,1,947,0,,0,
548451698641993738,548451698641993738,Pleb,,no,unmanaged legacy,no-op,,,974,751,24.2912,8.2770,1,1,0.50,0,0,0.00,0.00,0,0,,0,,1,971,0,,0,
615598027490721812,615598027490721812,Pleb,,no,unmanaged legacy,no-op,,,1034,812,25.9445,8.2362,1,1,0.50,0,0,0.00,0.00,1,0,,1,1037,0,,0,,0,
687677194688004228,687677194688004228,Pleb,,no,unmanaged legacy,no-op,,,930,709,23.0654,8.1807,3,3,1.50,0,0,0.00,0.00,0,0,,2,958,1,970,0,,0,
707591965340074055,707591965340074055,Pleb,,no,unmanaged legacy,no-op,,,1004,780,25.1193,8.3174,1,1,0.50,0,0,0.00,0.00,1,0,,1,1016,0,,0,,0,
828690073506938950,828690073506938950,Pleb,,no,unmanaged legacy,no-op,,,961,738,23.9126,8.2493,1,1,0.50,0,0,0.00,0.00,0,0,,1,962,0,,0,,0,
892433099550511104,892433099550511104,Pleb,,no,unmanaged legacy,no-op,,,1032,809,25.8860,8.2672,1,1,0.50,0,0,0.00,0.00,1,0,,0,,1,1031,0,,0,
968479327844982815,968479327844982815,Pleb,,no,unmanaged legacy,no-op,,,967,745,24.0820,8.2300,1,1,0.50,0,0,0.00,0.00,0,0,,1,968,0,,0,,0,
970111867966091264,970111867966091264,Pleb,,no,unmanaged legacy,no-op,,,1016,799,25.4426,8.0192,4,4,2.00,0,0,0.00,0.00,2,0,,2,999,2,1003,0,,0,
262244450040807424,A Soviet Goat,Pleb,,no,unmanaged legacy,no-op,,,1144,931,29.0110,7.8897,2,0,2.00,0,0,0.00,0.00,2,0,,2,1120,0,,0,,0,
155347639624269825,Aatrocy,Pleb,,no,unmanaged legacy,no-op,,,942,736,23.3851,7.6118,4,0,4.00,0,0,0.00,0.00,2,0,,4,970,0,,0,,0,
261883154095144960,adrydry,Pleb,,no,unmanaged legacy,no-op,,,801,597,19.4732,7.5679,4,3,2.50,0,0,0.00,0.00,0,4,793,0,,0,,0,,0,
711465643471274066,AgbarTheBarb,Pleb,,no,unmanaged legacy,no-op,,,933,763,23.1283,6.2724,6,0,6.00,0,1,0.00,1.00,3,6,952,0,,0,,0,,0,
321900626600525825,Agma,Pleb,,no,unmanaged legacy,no-op,,,818,620,19.9378,7.3104,5,0,5.00,0,0,0.00,0.00,1,1,891,1,952,3,945,0,,0,
430691300266737665,Akuma,Pleb,,no,unmanaged legacy,no-op,,,1056,835,26.5532,8.1946,1,0,1.00,0,0,0.00,0.00,1,0,,0,,1,1063,0,,0,
539804763412496384,alfasomets,Gladiator,,no,unmanaged legacy,no-op,,,904,692,22.3449,7.8551,4,4,2.00,0,0,0.00,0.00,1,2,901,2,998,0,,0,,0,
216942070823256065,almog,Squire,,no,unmanaged legacy,no-op,,,889,676,21.9268,7.9000,5,0,5.00,1,1,0.25,0.25,1,0,,0,,5,858,0,,0,
1285361593865080833,Alwaf,Pleb,,no,unmanaged legacy,no-op,,,1056,834,26.5561,8.2202,2,0,2.00,0,2,0.00,0.50,2,0,,0,,2,1065,0,,0,
457584851000754176,Anıl,Pleb,,no,unmanaged legacy,no-op,,,922,703,22.8224,8.1043,2,0,2.00,0,0,0.00,0.00,0,0,,1,961,1,952,0,,0,
194049495720394752,Apeul,Pleb,,no,unmanaged legacy,no-op,,,1053,838,26.4584,7.9602,5,3,3.50,1,1,0.17,0.17,3,0,,0,,5,1029,0,,0,
260487700547633152,arachnophobia,Pleb,,no,unmanaged legacy,no-op,,,1078,860,27.1560,8.0661,2,0,2.00,0,0,0.00,0.00,2,0,,2,1095,0,,0,,0,
295967173099257856,Arepta,Pleb,,no,unmanaged legacy,no-op,,,1025,816,25.6940,7.7361,6,3,4.50,2,2,0.42,0.42,3,0,,3,1063,3,928,0,,0,
325586496423854080,Arjenn,Gladiator,,no,unmanaged legacy,no-op,,,1186,1014,30.1588,6.3733,6,0,6.00,0,0,0.00,0.00,4,5,1144,0,,1,1047,0,,0,
415501383093977088,Arjou,Pleb,,no,unmanaged legacy,no-op,,,1114,905,28.1555,7.7359,1,0,1.00,0,0,0.00,0.00,1,1,1090,0,,0,,0,,0,
203892647188889600,Armstrong,Pleb,,no,unmanaged legacy,no-op,,,1005,795,25.1303,7.7629,5,1,4.50,0,1,0.00,0.17,3,1,942,0,,4,1083,0,,0,
862716871324467230,assasinkings,Pleb,,no,unmanaged legacy,no-op,,,900,688,22.2210,7.8602,5,5,2.50,0,1,0.00,0.25,1,1,936,2,1002,2,942,0,,0,
203168191889801217,Astordor,Pleb,,no,unmanaged legacy,no-op,,,875,668,21.5274,7.6816,6,2,5.00,0,0,0.00,0.00,1,1,950,2,900,3,946,0,,0,
1378710796871274662,Atarax,,,no,calibrating,no-op,,,1040,817,26.1032,8.2625,1,0,1.00,0,0,0.00,0.00,1,0,,0,,1,1047,0,,0,
635386032988225538,August4life,Pleb,,no,unmanaged legacy,no-op,,,947,727,23.5345,8.1684,1,0,1.00,0,0,0.00,0.00,0,0,,0,,0,,1,957,0,
622171391474663430,austinyxm,Pleb,,no,unmanaged legacy,no-op,,,1111,898,28.0884,7.9049,1,0,1.00,0,0,0.00,0.00,1,1,1114,0,,0,,0,,0,
771814275060334612,Axeo,Pleb,,no,unmanaged legacy,no-op,,,904,697,22.3314,7.6491,5,0,5.00,0,0,0.00,0.00,1,1,1100,4,766,0,,0,,0,
339262010531381248,Baritchola,,,no,calibrating,no-op,,,935,713,23.1865,8.2064,1,0,1.00,0,0,0.00,0.00,0,0,,0,,1,936,0,,0,
573958418478661632,BeerMeneer12,Squire,,no,unmanaged legacy,no-op,,,972,767,24.2187,7.5920,6,0,6.00,1,1,0.25,0.25,3,0,,1,1074,5,942,0,,0,
460664992782483457,Ben Jammin,Pleb,,no,unmanaged legacy,no-op,,,835,624,20.4197,7.8187,3,0,3.00,0,0,0.00,0.00,1,1,900,0,,2,952,0,,0,
481067847813169162,Benelli,Pleb,,no,unmanaged legacy,no-op,,,945,723,23.4694,8.2093,1,0,1.00,0,0,0.00,0.00,0,0,,0,,1,945,0,,0,
184620517423054848,BenjaminFunk,Squire,,no,unmanaged legacy,no-op,,,1027,806,25.7372,8.1806,1,0,1.00,0,0,0.00,0.00,1,1,1030,0,,0,,0,,0,
571350884718739486,bex__x,Pleb,,no,unmanaged legacy,no-op,,,1236,1048,31.5637,6.9575,7,1,6.50,0,0,0.00,0.00,5,4,1281,2,1055,1,946,0,,0,
538798922559258634,BiBerholz,Pleb,,no,unmanaged legacy,no-op,,,821,630,20.0399,7.0795,5,0,5.00,0,0,0.00,0.00,1,5,828,0,,0,,0,,0,
658800306770935829,bigbo,Pleb,,no,unmanaged legacy,no-op,,,925,706,22.9238,8.1141,1,0,1.00,0,0,0.00,0.00,0,0,,1,929,0,,0,,0,
898753004839268414,Bigfish,Pleb,,no,unmanaged legacy,no-op,,,933,735,23.1459,7.3471,4,0,4.00,0,0,0.00,0.00,1,3,967,1,972,0,,0,,0,
836137507178414091,bigga_witha_skinny,Pleb,,no,unmanaged legacy,no-op,,,981,769,24.4671,7.8568,4,0,4.00,0,0,0.00,0.00,2,1,921,2,1021,1,1005,0,,0,
211178652065464322,BlackPouPy,Pleb,,no,unmanaged legacy,no-op,,,889,680,21.9197,7.7593,3,2,2.00,0,0,0.00,0.00,1,1,945,2,924,0,,0,,0,
411994219696095232,Blackraze,Pleb,,no,unmanaged legacy,no-op,,,932,713,23.1025,8.1139,1,0,1.00,0,0,0.00,0.00,0,0,,0,,0,,1,940,0,
958428813203746908,Bloedbert I.,Pleb,,no,unmanaged legacy,no-op,,,660,471,15.5502,6.9926,4,0,4.00,0,0,0.00,0.00,0,4,671,0,,0,,0,,0,
575056407078895627,blvck_acid.fx,Pleb,,no,unmanaged legacy,no-op,,,919,703,22.7545,8.0095,1,0,1.00,0,0,0.00,0.00,0,0,,1,932,0,,0,,0,
122843403242307585,BobDole,Pleb,,no,unmanaged legacy,no-op,,,929,707,23.0328,8.2407,1,0,1.00,0,0,0.00,0.00,0,0,,0,,1,938,0,,0,
273573993972236290,BoozyB,Pleb,,no,unmanaged legacy,no-op,,,1043,836,26.1979,7.6621,5,1,4.50,1,1,0.33,0.33,3,0,,4,973,1,1065,0,,0,
689474250377134092,buffetfacade16,Pleb,,no,unmanaged legacy,no-op,,,876,663,21.5508,7.8948,4,4,2.00,0,0,0.00,0.00,0,4,880,0,,0,,0,,0,
663373574295519232,Bugit,Pleb,,no,unmanaged legacy,no-op,,,975,754,24.3006,8.1738,1,0,1.00,0,0,0.00,0.00,0,1,980,0,,0,,0,,0,
500694009753239552,Cactus-Juice-Enjoyer,Pleb,,no,unmanaged legacy,no-op,,,755,556,18.1817,7.3550,2,0,2.00,0,0,0.00,0.00,0,2,761,0,,0,,0,,0,
299656800205012993,Canard Cossu,Pleb,,no,unmanaged legacy,no-op,,,888,682,21.8811,7.6221,3,0,3.00,0,1,0.00,0.50,1,0,,3,840,0,,0,,0,
247016206685437963,Captain T,Squire,,no,unmanaged legacy,no-op,,,1094,874,27.6047,8.1299,2,0,2.00,1,1,0.25,0.25,2,0,,0,,2,1105,0,,0,
258673242967900160,CaptainMorgan,Pleb,,no,unmanaged legacy,no-op,,,899,692,22.1870,7.6540,6,0,6.00,0,0,0.00,0.00,1,0,,3,949,3,857,0,,0,
351104930851061790,CelerYi,Pleb,,no,unmanaged legacy,no-op,,,934,740,23.1541,7.1853,6,5,3.50,0,0,0.00,0.00,3,6,926,0,,0,,0,,0,
377404982464348162,Chaka l'endormi,Pleb,,no,unmanaged legacy,no-op,,,1065,873,26.7968,7.1007,4,1,3.50,0,0,0.00,0.00,3,4,1090,0,,0,,0,,0,
335670180678205455,CMDragon,Pleb,,no,unmanaged legacy,no-op,,,891,697,21.9697,7.1981,10,6,7.00,0,0,0.00,0.00,3,2,861,6,1003,2,971,0,,0,
239896079557066753,complexits,Pleb,,no,unmanaged legacy,no-op,,,1016,794,25.4486,8.2326,1,0,1.00,0,0,0.00,0.00,1,1,1028,0,,0,,0,,0,
756154089729163277,Connavar,Pleb,,no,unmanaged legacy,no-op,,,992,807,24.7890,6.8636,5,0,5.00,0,0,0.00,0.00,3,4,987,1,1071,0,,0,,0,
1115304937501503508,Cosmic Potato,Pleb,,no,unmanaged legacy,no-op,,,949,728,23.5849,8.1715,1,0,1.00,0,0,0.00,0.00,0,0,,0,,1,933,0,,0,
312373191303757824,Crax_is_Bax,Pleb,,no,unmanaged legacy,no-op,,,1200,997,30.5472,7.5068,2,0,2.00,0,0,0.00,0.00,2,1,1141,1,1072,0,,0,,0,
165798363348992000,Creatman,Pleb,,no,unmanaged legacy,no-op,,,1226,1034,31.2912,7.1380,8,2,7.00,0,1,0.00,0.50,5,0,,8,1206,0,,0,,0,
479968831373312020,Cringe_Fisch,Pleb,,no,unmanaged legacy,no-op,,,953,731,23.6936,8.2317,1,0,1.00,0,0,0.00,0.00,0,0,,0,,1,939,0,,0,
211925254912606208,Crobang,Pleb,,no,unmanaged legacy,no-op,,,790,589,19.1706,7.4534,7,6,4.00,0,0,0.00,0.00,1,7,788,0,,0,,0,,0,
335444577647460352,Cuckoo,Pleb,,no,unmanaged legacy,no-op,,,1080,869,27.2318,7.8394,3,0,3.00,0,1,0.00,0.50,2,0,,1,1076,2,1002,0,,0,
376470565499699212,CurlyRed(Serzhio),Pleb,,no,unmanaged legacy,no-op,,,919,703,22.7545,8.0095,1,0,1.00,0,0,0.00,0.00,0,0,,1,932,0,,0,,0,
771788297998958655,Dallas International Airport,Squire,,no,unmanaged legacy,no-op,,,1032,824,25.8979,7.7252,4,0,4.00,0,0,0.00,0.00,3,1,854,0,,3,1180,0,,0,
1329853843332141077,Dan11K0,Pleb,,no,unmanaged legacy,no-op,,,854,640,20.9498,7.9236,2,0,2.00,0,0,0.00,0.00,0,0,,2,876,0,,0,,0,
241981163608997889,Daniel,Pleb,,no,unmanaged legacy,no-op,,,910,694,22.4931,7.9741,4,0,4.00,0,0,0.00,0.00,1,0,,0,,4,910,0,,0,
248159963208351744,Danny290,Pleb,,no,unmanaged legacy,no-op,,,900,683,22.2259,8.0258,1,0,1.00,0,0,0.00,0.00,0,1,900,0,,0,,0,,0,
348913130291855360,Danubian,Pleb,,no,unmanaged legacy,no-op,,,930,711,23.0640,8.1046,1,0,1.00,0,0,0.00,0.00,0,0,,1,940,0,,0,,0,
587584607566823424,dardaan,Pleb,,no,unmanaged legacy,no-op,,,892,682,22.0026,7.7740,1,0,1.00,0,0,0.00,0.00,0,1,887,0,,0,,0,,0,
1386108572949286983,Darius,Pleb,,no,unmanaged legacy,no-op,,,914,705,22.6183,7.7584,4,0,4.00,0,1,0.00,0.33,1,0,,2,851,2,1004,0,,0,
543290041057935370,dark,Pleb,,no,unmanaged legacy,no-op,,,718,511,17.1545,7.6478,6,0,6.00,0,0,0.00,0.00,0,0,,0,,6,745,0,,0,
1071123030698373130,dark_earth22,Pleb,,no,unmanaged legacy,no-op,,,849,637,20.8153,7.8545,1,0,1.00,0,0,0.00,0.00,0,1,849,0,,0,,0,,0,
918066881565454369,DasKartoffel,Pleb,,no,unmanaged legacy,no-op,,,837,630,20.4791,7.6693,2,0,2.00,0,0,0.00,0.00,0,1,886,1,899,0,,0,,0,
846775225710411816,deadsky2859,Pleb,,no,unmanaged legacy,no-op,,,1077,861,27.1442,8.0031,1,0,1.00,0,0,0.00,0.00,1,1,1080,0,,0,,0,,0,
398067094916431872,DeniReyton,Pleb,,no,unmanaged legacy,no-op,,,907,693,22.4266,7.9476,1,0,1.00,0,0,0.00,0.00,0,1,908,0,,0,,0,,0,
252720291590045698,Derios227,Legion,,no,unmanaged legacy,no-op,,,1207,1014,30.7417,7.1282,5,1,4.50,1,2,1.00,1.25,4,2,1053,2,1117,1,1064,0,,0,
303128067092774922,derraeudigeraffi,Pleb,,no,unmanaged legacy,no-op,,,965,743,24.0367,8.2507,1,1,0.50,0,0,0.00,0.00,0,0,,1,964,0,,0,,0,
449841530568704001,devilfoxred,Pleb,,no,unmanaged legacy,no-op,,,1153,948,29.2445,7.5767,6,3,4.50,0,0,0.00,0.00,4,0,,5,1169,1,1031,0,,0,
216045712469655553,Discwizard1,Pleb,,no,unmanaged legacy,no-op,,,940,719,23.3334,8.1869,1,0,1.00,0,0,0.00,0.00,0,0,,0,,1,932,0,,0,
291765910438674433,dlichtig,Pleb,,no,unmanaged legacy,no-op,,,874,659,21.4877,7.9567,2,0,2.00,0,0,0.00,0.00,0,0,,1,903,1,945,0,,0,
744930984142569524,dmon1869,Squire,,no,unmanaged legacy,no-op,,,920,701,22.7740,8.1191,1,0,1.00,0,0,0.00,0.00,0,0,,1,920,0,,0,,0,
417179741649371137,domm,,,no,calibrating,no-op,,,1047,825,26.3054,8.2364,1,0,1.00,0,0,0.00,0.00,1,0,,0,,1,1051,0,,0,
96625601770704896,Doraire,Pleb,,no,unmanaged legacy,no-op,,,1096,878,27.6774,8.0900,1,0,1.00,0,1,0.00,0.50,1,0,,1,1071,0,,0,,0,
236292717171310593,down2clown3281,Pleb,,no,unmanaged legacy,no-op,,,947,726,23.5416,8.2151,1,0,1.00,0,0,0.00,0.00,0,0,,0,,1,952,0,,0,
822141418343628842,Dr. Swag,Pleb,,no,unmanaged legacy,no-op,,,941,734,23.3601,7.6741,2,0,2.00,0,0,0.00,0.00,1,2,959,0,,0,,0,,0,
755939567453863946,DreamVoltage,Pleb,,no,unmanaged legacy,no-op,,,810,623,19.7328,6.9223,7,3,5.50,0,0,0.00,0.00,2,6,819,0,,1,948,0,,0,
561468417014497321,DropBear,Pleb,,no,unmanaged legacy,no-op,,,1020,804,25.5608,7.9921,2,0,2.00,0,0,0.00,0.00,1,0,,1,1068,1,941,0,,0,
290208424480997376,dumplingnoob,Pleb,,no,unmanaged legacy,no-op,,,909,702,22.4665,7.6407,4,0,4.00,0,0,0.00,0.00,1,0,,4,917,0,,0,,0,
690546045750607882,Dunav,Pleb,,no,unmanaged legacy,no-op,,,850,639,20.8324,7.8291,2,0,2.00,0,0,0.00,0.00,0,0,,2,841,0,,0,,0,
1016858331182284961,eaglewarrrior,Pleb,,no,unmanaged legacy,no-op,,,1106,897,27.9376,7.7457,8,8,4.00,0,2,0.00,0.50,6,0,,6,1054,2,1056,0,,0,
494587501843972117,eazyyyer,Pleb,,no,unmanaged legacy,no-op,,,914,696,22.6062,8.0747,2,2,1.00,0,0,0.00,0.00,0,1,949,1,961,0,,0,,0,
414772772795842560,Eins Zwei,Pleb,,no,unmanaged legacy,no-op,,,989,789,24.6951,7.4068,6,1,5.50,0,0,0.00,0.00,3,0,,4,961,2,1032,0,,0,
759887838816501831,El Don,Pleb,,no,unmanaged legacy,no-op,,,776,567,18.7685,7.7409,3,0,3.00,0,0,0.00,0.00,0,0,,2,850,1,932,0,,0,
602975285348007946,elrohir971,Pleb,,no,unmanaged legacy,no-op,,,948,728,23.5673,8.1528,1,1,0.50,0,0,0.00,0.00,0,1,949,0,,0,,0,,0,
240614468420108290,Enchantress,Squire,,no,unmanaged legacy,no-op,,,865,664,21.2443,7.4405,11,8,7.00,0,0,0.00,0.00,2,1,930,4,917,6,913,0,,0,
437943065655771139,Endzor,Pleb,,no,unmanaged legacy,no-op,,,1205,1002,30.6990,7.5352,3,0,3.00,0,0,0.00,0.00,3,3,1224,0,,0,,0,,0,
396349177506037761,enr0,Pleb,,no,unmanaged legacy,no-op,,,866,660,21.2710,7.6368,3,1,2.50,0,0,0.00,0.00,1,2,915,0,,1,938,0,,0,
250955868944859136,Fedgameonly,Pleb,,no,unmanaged legacy,no-op,,,901,683,22.2525,8.0790,1,0,1.00,0,0,0.00,0.00,0,0,,1,904,0,,0,,0,
442607711725682688,ffrusik,Pleb,,no,unmanaged legacy,no-op,,,748,550,17.9872,7.3174,5,0,5.00,0,0,0.00,0.00,0,5,751,0,,0,,0,,0,
1216767581403349073,Finarfin,Pleb,,no,unmanaged legacy,no-op,,,814,609,19.8457,7.6118,3,1,2.50,0,0,0.00,0.00,0,3,830,0,,0,,0,,0,
716339203859939418,Frost_Bite_,Pleb,,no,unmanaged legacy,no-op,,,930,708,23.0461,8.2221,1,0,1.00,0,0,0.00,0.00,0,0,,0,,1,945,0,,0,
635602675454574602,Fuffy,Pleb,,no,unmanaged legacy,no-op,,,1060,869,26.6794,7.0920,7,0,7.00,0,0,0.00,0.00,2,2,1214,2,897,3,881,0,,0,
968812308811890738,fuma,Pleb,,no,unmanaged legacy,no-op,,,1010,785,25.2697,8.3049,1,0,1.00,0,0,0.00,0.00,1,0,,0,,1,1050,0,,0,
1259198944836325399,Fura With Rofls,Pleb,,no,unmanaged legacy,no-op,,,774,573,18.7330,7.4637,5,0,5.00,0,0,0.00,0.00,0,1,894,3,827,0,,1,974,0,
490506627078815774,g0shan9,Pleb,,no,unmanaged legacy,no-op,,,1009,789,25.2560,8.1449,2,0,2.00,0,1,0.00,0.25,1,0,,0,,2,993,0,,0,
700659301345132545,gelexsor,Pleb,,no,unmanaged legacy,no-op,,,914,695,22.6135,8.1298,1,0,1.00,0,0,0.00,0.00,0,0,,0,,1,934,0,,0,
542003942641369088,gerslegend,,,no,calibrating,no-op,,,914,695,22.6135,8.1298,1,0,1.00,0,0,0.00,0.00,0,0,,0,,1,934,0,,0,
1291635009048023051,ghostofokazaki,Pleb,,no,unmanaged legacy,no-op,,,1052,832,26.4452,8.1559,1,1,0.50,0,0,0.00,0.00,1,1,1053,0,,0,,0,,0,
203213543334477824,ghostvobla,Pleb,,no,unmanaged legacy,no-op,,,1048,827,26.3205,8.1761,1,1,0.50,0,0,0.00,0.00,1,1,1048,0,,0,,0,,0,
1134653967629025300,gmin,Pleb,,no,unmanaged legacy,no-op,,,959,736,23.8580,8.2412,1,0,1.00,0,0,0.00,0.00,0,0,,0,,1,943,0,,0,
692394916323786772,Goblin 灿灿,Pleb,,no,unmanaged legacy,no-op,,,1050,829,26.3871,8.1796,1,1,0.50,0,0,0.00,0.00,1,1,1050,0,,0,,0,,0,
408632231641219072,Greed,Pleb,,no,unmanaged legacy,no-op,,,1037,838,26.0271,7.3558,3,0,3.00,0,0,0.00,0.00,2,3,1049,0,,0,,0,,0,
1040620956294578316,GrumpyKittenXIII,Pleb,,no,unmanaged legacy,no-op,,,1065,845,26.8188,8.1630,1,0,1.00,0,0,0.00,0.00,1,0,,1,1061,0,,0,,0,
312004891662876672,Guenther,Pleb,,no,unmanaged legacy,no-op,,,819,608,19.9725,7.8283,4,0,4.00,0,0,0.00,0.00,0,0,,4,744,0,,0,,0,
363407929443090432,Guerriercanard,Pleb,,no,unmanaged legacy,no-op,,,927,708,22.9657,8.1075,1,0,1.00,0,0,0.00,0.00,0,0,,1,936,0,,0,,0,
483231878271336453,Gugus,Pleb,,no,unmanaged legacy,no-op,,,992,773,24.7890,8.1403,2,1,1.50,0,0,0.00,0.00,1,0,,2,932,0,,0,,0,
286582615681662976,Gwernaroth,Pleb,,no,unmanaged legacy,no-op,,,819,610,19.9638,7.7322,7,5,4.50,0,1,0.00,0.17,1,1,900,0,,6,857,0,,0,
300377014760767498,Hagendorf,Pleb,,no,unmanaged legacy,no-op,,,871,672,21.4299,7.3847,5,0,5.00,0,0,0.00,0.00,1,0,,5,866,0,,0,,0,
234685865757114368,haleyk10198,Pleb,,no,unmanaged legacy,no-op,,,1102,914,27.8210,6.9378,5,0,5.00,0,0,0.00,0.00,4,5,1136,0,,0,,0,,0,
353540247818207232,Handy,Pleb,,no,unmanaged legacy,no-op,,,847,656,20.7506,7.0838,5,2,4.00,0,0,0.00,0.00,1,4,873,0,,0,,1,957,0,
902584945015418891,Hanfmann,Squire,,no,unmanaged legacy,no-op,,,870,663,21.3980,7.6965,3,0,3.00,0,0,0.00,0.00,1,0,,3,855,0,,0,,0,
1237849621225672788,hansasToPeople,Pleb,,no,unmanaged legacy,no-op,,,934,713,23.1800,8.1923,1,0,1.00,0,0,0.00,0.00,0,0,,0,,1,936,0,,0,
752887707935703141,Helgo,Pleb,,no,unmanaged legacy,no-op,,,800,592,19.4358,7.6784,2,0,2.00,0,0,0.00,0.00,0,1,857,0,,0,,1,940,0,
405979945387556864,Henri,Pleb,,no,unmanaged legacy,no-op,,,1063,844,26.7512,8.0959,2,0,2.00,1,1,0.50,0.50,1,0,,1,1045,1,992,0,,0,
1061864821810794536,herobrian6359,Pleb,,no,unmanaged legacy,no-op,,,964,755,23.9881,7.7100,9,9,4.50,0,1,0.00,0.17,4,1,1032,6,914,2,1006,0,,0,
132534241534672896,hiiklaas,Pleb,,no,unmanaged legacy,no-op,,,1071,872,26.9584,7.3476,4,0,4.00,0,0,0.00,0.00,2,3,1117,0,,1,977,0,,0,
259729705643671552,hinasou92,Pleb,,no,unmanaged legacy,no-op,,,944,723,23.4309,8.1690,1,0,1.00,0,0,0.00,0.00,0,0,,0,,1,930,0,,0,
365365839542616064,Hjalte,Pleb,,no,unmanaged legacy,no-op,,,984,783,24.5426,7.4348,4,0,4.00,0,0,0.00,0.00,1,1,1133,2,861,1,951,0,,0,
271666125450903553,hogge,Squire,,no,unmanaged legacy,no-op,,,1036,828,26.0026,7.7202,5,4,3.00,0,1,0.00,0.17,2,1,1088,1,967,3,979,0,,0,
1111809038716502028,hooge,Pleb,,no,unmanaged legacy,no-op,,,680,490,16.1010,7.0317,4,0,4.00,0,0,0.00,0.00,0,4,688,0,,0,,0,,0,
218437647842934794,hubris_219,Pleb,,no,unmanaged legacy,no-op,,,951,731,23.6454,8.1685,1,1,0.50,0,0,0.00,0.00,0,1,951,0,,0,,0,,0,
1207695421581955102,Hugo,Pleb,,no,unmanaged legacy,no-op,,,1090,872,27.5056,8.0985,1,0,1.00,1,1,0.50,0.50,1,0,,1,1078,0,,0,,0,
366821468325019650,IamUFO,Pleb,,no,unmanaged legacy,no-op,,,938,719,23.2774,8.1262,2,0,2.00,0,0,0.00,0.00,0,0,,2,923,0,,0,,0,
817813844470005781,ibragim8580,Pleb,,no,unmanaged legacy,no-op,,,875,665,21.5320,7.7654,7,7,3.50,1,1,0.25,0.25,1,1,948,5,915,1,971,0,,0,
588337394416091137,iCaesar,Pleb,,no,unmanaged legacy,no-op,,,934,719,23.1678,7.9794,3,0,3.00,0,0,0.00,0.00,1,0,,1,914,2,1001,0,,0,
369105580914114561,idontwannasleep,Pleb,,no,unmanaged legacy,no-op,,,908,689,22.4371,8.1145,2,2,1.00,0,0,0.00,0.00,0,1,944,0,,1,968,0,,0,
280763090705055744,iLLmatic,Pleb,,no,unmanaged legacy,no-op,,,932,711,23.1230,8.2076,1,0,1.00,0,0,0.00,0.00,0,0,,0,,1,945,0,,0,
908164524396400700,incone2318297,Pleb,,no,unmanaged legacy,no-op,,,1078,858,27.1664,8.1512,2,2,1.00,2,2,0.50,0.50,2,0,,2,1077,0,,0,,0,
776244818405359636,ineed morelore,Pleb,,no,unmanaged legacy,no-op,,,1111,889,28.0751,8.2096,1,0,1.00,0,0,0.00,0.00,1,0,,0,,1,1108,0,,0,
887265193594327061,Inversor007,Pleb,,no,unmanaged legacy,no-op,,,693,511,16.4634,6.7452,7,0,7.00,0,0,0.00,0.00,1,6,754,1,929,0,,0,,0,
293827574554034179,IssamDude,Squire,,no,unmanaged legacy,no-op,,,996,771,24.8918,8.3198,1,0,1.00,0,0,0.00,0.00,0,0,,0,,1,991,0,,0,
1013116619783929917,Ivan,Pleb,,no,unmanaged legacy,no-op,,,1050,829,26.4007,8.2182,1,0,1.00,0,0,0.00,0.00,1,0,,0,,1,1062,0,,0,
123915173273534464,Jack The Ripper,Pleb,,no,unmanaged legacy,no-op,,,1027,807,25.7585,8.1704,3,0,3.00,0,0,0.00,0.00,1,0,,0,,3,975,0,,0,
505531390989959169,jano,Pleb,,no,unmanaged legacy,no-op,,,952,752,23.6763,7.4219,10,6,7.00,0,3,0.00,0.83,4,0,,8,917,2,1015,0,,0,
370950787725000705,janos,Pleb,,no,unmanaged legacy,no-op,,,697,500,16.5951,7.3193,3,0,3.00,0,0,0.00,0.00,0,3,702,0,,0,,0,,0,
390180742014959628,JazzyJazz,Pleb,,no,unmanaged legacy,no-op,,,1115,935,28.1942,6.6518,7,0,7.00,0,2,0.00,1.00,5,5,1013,2,1142,0,,0,,0,
1499393829219074250,Jerryk,Pleb,,no,unmanaged legacy,no-op,,,990,766,24.7303,8.3043,1,0,1.00,0,0,0.00,0.00,0,0,,0,,1,950,0,,0,
451329189832818709,JimmyTulpan,Pleb,,no,unmanaged legacy,no-op,,,914,719,22.6208,7.2345,10,6,7.00,0,0,0.00,0.00,4,1,940,8,931,1,957,0,,0,
218802135632969728,Joce0six,Pleb,,no,unmanaged legacy,no-op,,,1139,927,28.8489,7.8517,4,1,3.50,2,2,0.50,0.50,3,0,,0,,4,1108,0,,0,
360049249481654284,Johannes,Pleb,,no,unmanaged legacy,no-op,,,928,708,23.0111,8.1511,3,0,3.00,0,0,0.00,0.00,0,0,,0,,3,907,0,,0,
209400437969911808,Johkis,Pleb,,no,unmanaged legacy,no-op,,,887,678,21.8592,7.7476,2,0,2.00,0,0,0.00,0.00,1,1,864,0,,1,1041,0,,0,
1356563170239578113,JoJo,Pleb,,no,unmanaged legacy,no-op,,,925,703,22.9296,8.2247,1,0,1.00,0,0,0.00,0.00,0,0,,0,,1,936,0,,0,
180876791580327936,jstibbsy,Pleb,,no,unmanaged legacy,no-op,,,936,717,23.2120,8.0986,1,0,1.00,0,0,0.00,0.00,0,0,,1,929,0,,0,,0,
424175208493088769,Just_Dima,Pleb,,no,unmanaged legacy,no-op,,,1015,816,25.4259,7.3687,7,1,6.50,1,1,0.25,0.25,3,0,,6,1074,1,940,0,,0,
458215985649025026,justice,Gladiator,,no,unmanaged legacy,no-op,,,962,747,23.9548,7.9685,2,0,2.00,0,0,0.00,0.00,1,0,,2,1018,0,,0,,0,
699604783031386183,justjonas,Pleb,,no,unmanaged legacy,no-op,,,878,671,21.6183,7.6790,1,0,1.00,0,0,0.00,0.00,0,1,882,0,,0,,0,,0,
229026860800016385,Kaique Fernandes,Pleb,,no,unmanaged legacy,no-op,,,1081,863,27.2573,8.0991,2,0,2.00,0,0,0.00,0.00,2,0,,2,1118,0,,0,,0,
710107901510942760,kalle832,Legion,,no,unmanaged legacy,no-op,,,941,726,23.3551,7.9496,4,3,2.50,0,0,0.00,0.00,1,1,1054,1,964,2,927,0,,0,
365530086046171166,"karadoc ""campos""",Pleb,,no,unmanaged legacy,no-op,,,906,694,22.3868,7.8570,1,0,1.00,0,0,0.00,0.00,0,1,893,0,,0,,0,,0,
185077660018278400,Kazandar,Gladiator,,no,unmanaged legacy,no-op,,,877,687,21.5751,7.0153,8,2,7.00,0,1,0.00,0.50,3,3,866,5,1001,0,,0,,0,
585538323662241793,Kazu,Squire,,no,unmanaged legacy,no-op,,,1094,874,27.6047,8.1299,2,0,2.00,1,1,0.25,0.25,2,0,,0,,2,1105,0,,0,
443750672215834634,KenShi,Pleb,,no,unmanaged legacy,no-op,,,943,722,23.4143,8.1653,1,0,1.00,0,0,0.00,0.00,0,0,,1,940,0,,0,,0,
285159401382346752,Ketsury,Pleb,,no,unmanaged legacy,no-op,,,850,639,20.8324,7.8291,2,0,2.00,0,0,0.00,0.00,0,0,,2,841,0,,0,,0,
672860459359141908,Keyrun22,Pleb,,no,unmanaged legacy,no-op,,,995,789,24.8485,7.6231,3,0,3.00,0,0,0.00,0.00,1,1,1089,1,880,0,,1,1009,0,
263540075986419713,Kiki,Pleb,,no,unmanaged legacy,no-op,,,990,803,24.7171,6.9229,7,1,6.50,0,0,0.00,0.00,4,4,973,1,1069,2,1002,0,,0,
139409908188708864,Kikk,Pleb,,no,unmanaged legacy,no-op,,,714,516,17.0513,7.3218,3,0,3.00,0,0,0.00,0.00,0,2,807,1,880,0,,0,,0,
409280636818292736,killayad,Pleb,,no,unmanaged legacy,no-op,,,985,782,24.5793,7.5286,6,3,4.50,0,0,0.00,0.00,2,1,1070,4,901,1,996,0,,0,
662021265217028099,King Julien,,,no,calibrating,no-op,,,953,733,23.6980,8.1576,1,0,1.00,0,0,0.00,0.00,0,0,,1,939,0,,0,,0,
344600822761521165,KreeXon,Pleb,,no,unmanaged legacy,no-op,,,943,722,23.4143,8.1653,1,0,1.00,0,0,0.00,0.00,0,0,,1,940,0,,0,,0,
693847967584616450,L'Oiseau des Abysses,Pleb,,no,unmanaged legacy,no-op,,,1092,883,27.5657,7.7398,3,2,2.00,0,0,0.00,0.00,2,3,1092,0,,0,,0,,0,
249410454298820608,Laftur,,,no,calibrating,no-op,,,914,693,22.6150,8.1959,1,0,1.00,0,0,0.00,0.00,0,0,,0,,1,926,0,,0,
1090949956170416208,LaMachine,Squire,,no,unmanaged legacy,no-op,,,926,707,22.9465,8.1190,1,0,1.00,0,0,0.00,0.00,0,0,,1,928,0,,0,,0,
438954296579588096,Lanstein,Pleb,,no,unmanaged legacy,no-op,,,885,671,21.8028,7.9112,1,0,1.00,0,0,0.00,0.00,0,1,883,0,,0,,0,,0,
374555250398330881,LaPetiteFumée,Pleb,,no,unmanaged legacy,no-op,,,1060,840,26.6708,8.1549,1,0,1.00,0,0,0.00,0.00,1,0,,1,1055,0,,0,,0,
255668167387381760,lastsn0w,Pleb,,no,unmanaged legacy,no-op,,,1026,811,25.7227,7.9584,2,1,1.50,0,1,0.00,0.50,1,1,947,1,1074,0,,0,,0,
179997120420380673,lazarus8712,Pleb,,no,unmanaged legacy,no-op,,,957,737,23.8052,8.1385,1,1,0.50,0,0,0.00,0.00,0,1,957,0,,0,,0,,0,
470285575811760140,Lennart/Thanasis,Pleb,,no,unmanaged legacy,no-op,,,822,606,20.0562,8.0126,1,0,1.00,0,0,0.00,0.00,0,1,839,0,,0,,0,,0,
216834792040300544,Leo,Pleb,,no,unmanaged legacy,no-op,,,1039,817,26.0797,8.2190,1,0,1.00,0,0,0.00,0.00,1,0,,0,,1,1058,0,,0,
744624095379062814,lepa4939,Pleb,,no,unmanaged legacy,no-op,,,954,732,23.7302,8.2270,1,1,0.50,0,0,0.00,0.00,0,0,,1,955,0,,0,,0,
598968042256596999,Leytonp28,Pleb,,no,unmanaged legacy,no-op,,,889,670,21.9264,8.1213,1,0,1.00,0,0,0.00,0.00,0,0,,1,896,0,,0,,0,
1185902992931696710,light,Pleb,,no,unmanaged legacy,no-op,,,1005,780,25.1292,8.3179,1,0,1.00,0,0,0.00,0.00,1,0,,0,,1,1023,0,,0,
144464944723656705,lil_lucker,Squire,,no,unmanaged legacy,no-op,,,1005,791,25.1440,7.9254,4,2,3.00,0,0,0.00,0.00,1,0,,4,983,0,,0,,0,
1140833820220850307,Lime Splaticus,Pleb,,no,unmanaged legacy,no-op,,,799,582,19.4107,8.0138,2,0,2.00,0,0,0.00,0.00,0,0,,1,900,1,934,0,,0,
435670123718901762,Lionardo,Pleb,,no,unmanaged legacy,no-op,,,1016,792,25.4442,8.2789,1,0,1.00,0,0,0.00,0.00,1,0,,0,,1,1052,0,,0,
398287095476649986,loblom,Pleb,,no,unmanaged legacy,no-op,,,910,694,22.4965,7.9990,1,0,1.00,0,0,0.00,0.00,0,1,910,0,,0,,0,,0,
822455887179284501,Loïc,Pleb,,no,unmanaged legacy,no-op,,,1118,910,28.2689,7.6950,4,0,4.00,0,1,0.00,0.33,3,0,,3,1110,1,1061,0,,0,
689164189964697630,LooneyGo,Pleb,,no,unmanaged legacy,no-op,,,934,714,23.1589,8.1282,1,0,1.00,0,0,0.00,0.00,0,0,,1,932,0,,0,,0,
363800574258577408,lordazeth,Pleb,,no,unmanaged legacy,no-op,,,1098,880,27.7238,8.0848,3,3,1.50,0,2,0.00,0.50,3,0,,3,1097,0,,0,,0,
1013896791579693197,Lucas,Legion,,no,unmanaged legacy,no-op,,,891,681,21.9703,7.7701,3,1,2.50,0,0,0.00,0.00,1,2,1005,1,873,0,,0,,0,
1115718984948518933,luk4s0903,,,no,calibrating,no-op,,,597,411,13.7955,6.8863,12,11,6.50,0,0,0.00,0.00,0,11,643,1,956,0,,0,,0,
637346638440169475,LynnIVX,Pleb,,no,unmanaged legacy,no-op,,,1106,919,27.9408,6.9259,5,0,5.00,0,0,0.00,0.00,3,5,1102,0,,0,,0,,0,
236662292865875970,Mad Right-Sided Scientist,Pleb,,no,unmanaged legacy,no-op,,,994,775,24.8285,8.0912,2,0,2.00,0,0,0.00,0.00,1,0,,0,,2,996,0,,0,
440615594891542528,Mali,Pleb,,no,unmanaged legacy,no-op,,,1090,872,27.5056,8.0985,1,0,1.00,1,1,0.50,0.50,1,0,,1,1078,0,,0,,0,
652800467860193281,malko,Pleb,,no,unmanaged legacy,no-op,,,1227,1026,31.2976,7.4206,5,0,5.00,1,1,0.50,0.50,4,0,,5,1200,0,,0,,0,
244898395452473344,maneatingduck,Pleb,,no,unmanaged legacy,no-op,,,947,726,23.5416,8.2151,1,0,1.00,0,0,0.00,0.00,0,0,,0,,1,952,0,,0,
356541884119646218,Maniwuk,Pleb,,no,unmanaged legacy,no-op,,,1075,852,27.0704,8.2271,1,0,1.00,0,0,0.00,0.00,1,0,,0,,1,1064,0,,0,
827248113718788167,Marciello_00,Pleb,,no,unmanaged legacy,no-op,,,872,670,21.4415,7.4957,3,0,3.00,0,0,0.00,0.00,1,1,877,2,984,0,,0,,0,
228420623053881355,marek,Pleb,,no,unmanaged legacy,no-op,,,1077,856,27.1334,8.1654,1,0,1.00,0,0,0.00,0.00,1,0,,1,1073,0,,0,,0,
390132249707806734,mariusbw,Pleb,,no,unmanaged legacy,no-op,,,990,766,24.7203,8.3025,1,0,1.00,0,0,0.00,0.00,0,0,,0,,1,985,0,,0,
339044242884395009,Mars-Mafier,Pleb,,no,unmanaged legacy,no-op,,,1008,808,25.2274,7.4078,4,0,4.00,1,1,0.25,0.25,2,0,,2,1036,2,1006,0,,0,
429662320722051086,MataGeo,Pleb,,no,unmanaged legacy,no-op,,,909,702,22.4665,7.6407,4,0,4.00,0,0,0.00,0.00,1,0,,4,917,0,,0,,0,
163982859613372416,Matthew043,Squire,,no,unmanaged legacy,no-op,,,993,769,24.8051,8.3123,1,0,1.00,0,0,0.00,0.00,0,0,,0,,1,985,0,,0,
239379760512237568,mausekralle,Pleb,,no,unmanaged legacy,no-op,,,1095,875,27.6277,8.1419,1,0,1.00,0,0,0.00,0.00,1,0,,1,1072,0,,0,,0,
190115212022513664,McBeton,Pleb,,no,unmanaged legacy,no-op,,,759,558,18.3167,7.4689,4,0,4.00,0,0,0.00,0.00,0,2,901,2,849,0,,0,,0,
298709026328543233,MeDee,Pleb,,no,unmanaged legacy,no-op,,,873,656,21.4768,8.0435,2,0,2.00,0,0,0.00,0.00,0,0,,2,901,0,,0,,0,
250744413448437760,Megas,Pleb,,no,unmanaged legacy,no-op,,,1004,792,25.1216,7.8714,2,0,2.00,0,0,0.00,0.00,1,1,1082,0,,1,934,0,,0,
269120569335742464,Meleagor,Pleb,,no,unmanaged legacy,no-op,,,1109,890,28.0357,8.1386,1,0,1.00,0,2,0.00,0.67,1,0,,0,,1,1081,0,,0,
517160459019747329,Meloni,Pleb,,no,unmanaged legacy,no-op,,,945,725,23.4669,8.1449,1,0,1.00,0,0,0.00,0.00,0,0,,0,,1,932,0,,0,
982310029782839387,Merlin,Pleb,,no,unmanaged legacy,no-op,,,902,685,22.2710,8.0441,3,0,3.00,0,0,0.00,0.00,0,0,,2,932,1,992,0,,0,
1003110201945227294,merong,Squire,,no,unmanaged legacy,no-op,,,825,618,20.1463,7.6788,5,1,4.50,0,0,0.00,0.00,1,0,,3,824,2,982,0,,0,
719863206641795104,MessiMate,Pleb,,no,unmanaged legacy,no-op,,,776,587,18.7672,7.0043,6,0,6.00,0,0,0.00,0.00,1,5,834,1,918,0,,0,,0,
369281184372490260,MidNight,Pleb,,no,unmanaged legacy,no-op,,,996,777,24.8946,8.1187,1,0,1.00,0,0,0.00,0.00,0,0,,0,,0,,1,993,0,
1384971167546216500,Mido,Pleb,,no,unmanaged legacy,no-op,,,979,756,24.4097,8.2473,1,0,1.00,0,0,0.00,0.00,0,0,,0,,1,925,0,,0,
424980696264867880,Milian,Squire,,no,unmanaged legacy,no-op,,,920,701,22.7740,8.1191,1,0,1.00,0,0,0.00,0.00,0,0,,1,920,0,,0,,0,
329233061109825536,Milkytea,Pleb,,no,unmanaged legacy,no-op,,,879,663,21.6293,7.9966,1,0,1.00,0,0,0.00,0.00,0,1,882,0,,0,,0,,0,
1044988212386476052,mk8103,Pleb,,no,unmanaged legacy,no-op,,,954,734,23.7113,8.1423,2,0,2.00,0,0,0.00,0.00,1,0,,0,,2,981,0,,0,
228308766167138304,MoMo,Pleb,,no,unmanaged legacy,no-op,,,1001,784,25.0339,8.0310,3,2,2.00,0,2,0.00,0.33,2,0,,0,,3,970,0,,0,
335128062238654465,Moraes,Pleb,,no,unmanaged legacy,no-op,,,971,756,24.1882,7.9463,2,0,2.00,0,0,0.00,0.00,1,0,,2,966,0,,0,,0,
604054546838192139,morphues,Pleb,,no,unmanaged legacy,no-op,,,1295,1098,33.1814,7.2846,8,1,7.50,0,2,0.00,0.40,7,0,,3,1165,5,1143,0,,0,
183219950012465152,Motimasiina,Squire,,no,unmanaged legacy,no-op,,,1063,843,26.7449,8.1516,1,0,1.00,0,0,0.00,0.00,1,0,,1,1084,0,,0,,0,
179524903299448832,Moumoulax,Gladiator,,no,unmanaged legacy,no-op,,,1042,834,26.1784,7.7121,5,3,3.50,0,1,0.00,0.17,3,1,1100,1,962,3,993,0,,0,
1495225912407625859,mp13s,Pleb,,no,unmanaged legacy,no-op,,,898,691,22.1657,7.6505,4,0,4.00,0,0,0.00,0.00,1,0,,3,750,1,1072,0,,0,
580390849276411924,Mr.Banan,Pleb,,no,unmanaged legacy,no-op,,,835,620,20.4304,7.9791,5,4,3.00,0,0,0.00,0.00,0,0,,1,977,4,863,0,,0,
638903779588309013,MrAgin73,Pleb,,no,unmanaged legacy,no-op,,,865,650,21.2600,7.9607,2,0,2.00,0,0,0.00,0.00,0,0,,1,923,1,939,0,,0,
232319059910197249,MrMaan,Pleb,,no,unmanaged legacy,no-op,,,931,715,23.0792,7.9997,1,0,1.00,0,0,0.00,0.00,0,1,943,0,,0,,0,,0,
164218847975571456,muk,Pleb,,no,unmanaged legacy,no-op,,,1139,939,28.8539,7.3829,7,0,7.00,0,2,0.00,0.75,5,0,,5,1127,2,1008,0,,0,
790292434331893790,N0RTHW4RD,Pleb,,no,unmanaged legacy,no-op,,,903,688,22.3141,7.9587,1,0,1.00,0,0,0.00,0.00,0,1,905,0,,0,,0,,0,
371007395792683011,nanotechcv,Pleb,,no,unmanaged legacy,no-op,,,964,742,24.0052,8.2476,1,1,0.50,0,0,0.00,0.00,0,0,,1,962,0,,0,,0,
249535148054282241,NefeLiM,Pleb,,no,unmanaged legacy,no-op,,,1057,844,26.5936,7.9105,5,0,5.00,0,0,0.00,0.00,3,0,,2,1160,3,954,0,,0,
520094157314719744,Nemesis,Pleb,,no,unmanaged legacy,no-op,,,912,699,22.5599,7.8934,4,0,4.00,0,1,0.00,0.33,2,0,,1,900,3,1023,0,,0,
427846602783326220,Neroid,Pleb,,no,unmanaged legacy,no-op,,,403,228,8.4074,6.4825,6,0,6.00,0,0,0.00,0.00,0,6,433,0,,0,,0,,0,
811058113972011029,nicholasjeffery,Pleb,,no,unmanaged legacy,no-op,,,709,528,16.9265,6.7283,4,0,4.00,0,0,0.00,0.00,0,3,689,0,,0,,1,1026,0,
601460125324279816,nightshade2504,Pleb,,no,unmanaged legacy,no-op,,,937,724,23.2547,7.8778,4,4,2.00,0,0,0.00,0.00,1,2,907,2,1024,0,,0,,0,
397346689469644801,NirVana69,Pleb,,no,unmanaged legacy,no-op,,,923,703,22.8666,8.1637,1,0,1.00,0,0,0.00,0.00,0,0,,1,927,0,,0,,0,
241698663070433280,Noob634,Pleb,,no,unmanaged legacy,no-op,,,1315,1114,33.7476,7.4374,7,0,7.00,2,5,0.50,1.50,6,0,,1,1091,6,1140,0,,0,
1084528966263644242,notarla,Pleb,,no,unmanaged legacy,no-op,,,935,714,23.1812,8.1549,1,0,1.00,0,0,0.00,0.00,0,0,,1,939,0,,0,,0,
510090014009589761,notarle,Pleb,,no,unmanaged legacy,no-op,,,1082,875,27.2655,7.6347,4,0,4.00,0,1,0.00,0.33,2,1,1100,1,928,2,1048,0,,0,
577244574326456331,novafish21,Pleb,,no,unmanaged legacy,no-op,,,851,639,20.8708,7.8588,3,3,1.50,0,0,0.00,0.00,0,3,851,0,,0,,0,,0,
1106015128886988883,nrg72819,Pleb,,no,unmanaged legacy,no-op,,,1049,829,26.3710,8.1608,1,1,0.50,0,0,0.00,0.00,1,1,1050,0,,0,,0,,0,
136568577569325058,Nyph,Squire,,no,unmanaged legacy,no-op,,,911,701,22.5296,7.7850,4,0,4.00,0,0,0.00,0.00,1,0,,3,937,1,943,0,,0,
774369243222245457,Omen,Pleb,,no,unmanaged legacy,no-op,,,950,761,23.6040,6.9973,12,10,7.00,0,0,0.00,0.00,5,6,975,5,933,1,971,0,,0,
716322565060296789,OmeniusKamis1,Pleb,,no,unmanaged legacy,no-op,,,958,740,23.8255,8.0674,1,0,1.00,0,0,0.00,0.00,0,1,960,0,,0,,0,,0,
583147043346972672,onemoturn69,Squire,,no,unmanaged legacy,no-op,,,756,554,18.2092,7.4460,10,7,6.50,0,1,0.00,0.25,1,0,,9,763,0,,1,940,0,
694434246412075088,Opi,,,no,calibrating,no-op,,,945,725,23.4669,8.1449,1,0,1.00,0,0,0.00,0.00,0,0,,0,,1,932,0,,0,
235623539237978112,OrangeEmperor,Pleb,,no,unmanaged legacy,no-op,,,840,624,20.5500,7.9977,2,0,2.00,0,0,0.00,0.00,0,0,,2,838,0,,0,,0,
194817413374672897,Orijhin [Fabi],Pleb,,no,unmanaged legacy,no-op,,,1074,856,27.0440,8.0719,3,0,3.00,0,0,0.00,0.00,2,0,,0,,3,1059,0,,0,
836025628158853212,Orval,Pleb,,no,unmanaged legacy,no-op,,,1017,802,25.4641,7.9659,2,0,2.00,0,0,0.00,0.00,1,0,,1,1061,1,959,0,,0,
1276819473197961264,Over,Pleb,,no,unmanaged legacy,no-op,,,1009,810,25.2605,7.3983,4,0,4.00,0,0,0.00,0.00,2,1,899,2,1153,1,945,0,,0,
715526134833479791,Padfoot,Pleb,,no,unmanaged legacy,no-op,,,927,708,22.9657,8.1075,1,0,1.00,0,0,0.00,0.00,0,0,,1,936,0,,0,,0,
1072550211110576179,panagiotislemmon,Pleb,,no,unmanaged legacy,no-op,,,869,662,21.3644,7.6857,1,0,1.00,0,0,0.00,0.00,0,1,873,0,,0,,0,,0,
476001992909651989,Passiontruite,Pleb,,no,unmanaged legacy,no-op,,,972,768,24.2208,7.5648,4,1,3.50,0,0,0.00,0.00,1,2,1060,2,918,0,,0,,0,
183920385891237889,Pebbleton,Pleb,,no,unmanaged legacy,no-op,,,1014,794,25.4008,8.1677,2,1,1.50,0,0,0.00,0.00,1,0,,1,965,1,1030,0,,0,
860361965641400330,penguin,Pleb,,no,unmanaged legacy,no-op,,,1052,839,26.4462,7.8734,3,0,3.00,0,0,0.00,0.00,2,0,,1,943,2,1107,0,,0,
414099644377858058,PEREN,Pleb,,no,unmanaged legacy,no-op,,,695,509,16.5243,6.8921,5,0,5.00,0,0,0.00,0.00,0,5,705,0,,0,,0,,0,
282564088696143872,Phil Mahar,Pleb,,no,unmanaged legacy,no-op,,,773,570,18.7001,7.5190,3,0,3.00,0,0,0.00,0.00,0,1,894,2,868,0,,0,,0,
515971035384774710,Philia,Squire,,no,unmanaged legacy,no-op,,,1079,875,27.1855,7.5552,7,1,6.50,0,0,0.00,0.00,3,0,,1,1072,6,968,0,,0,
382491852034801665,picaljean,Pleb,,no,unmanaged legacy,no-op,,,866,650,21.2794,8.0189,1,0,1.00,0,0,0.00,0.00,0,0,,1,894,0,,0,,0,
691676320605929646,Ping,Pleb,,no,unmanaged legacy,no-op,,,1109,910,28.0325,7.3696,7,3,5.50,0,0,0.00,0.00,4,1,959,6,1161,0,,0,,0,
419214561980448778,Pingo,Pleb,,no,unmanaged legacy,no-op,,,772,591,18.6750,6.7076,6,0,6.00,0,0,0.00,0.00,1,6,772,0,,0,,0,,0,
223164564571815937,Pinksockmaster,Pleb,,no,unmanaged legacy,no-op,,,1005,788,25.1323,8.0159,2,0,2.00,0,0,0.00,0.00,1,0,,0,,2,990,0,,0,
425078743695097877,piss supreme,Pleb,,no,unmanaged legacy,no-op,,,760,554,18.3391,7.6217,3,0,3.00,0,0,0.00,0.00,0,0,,3,796,0,,0,,0,
692405545147039817,Polda,Pleb,,no,unmanaged legacy,no-op,,,822,609,20.0630,7.9143,2,0,2.00,0,0,0.00,0.00,0,0,,2,836,0,,0,,0,
555765431139565568,polopop,Pleb,,no,unmanaged legacy,no-op,,,857,641,21.0334,8.0145,1,0,1.00,0,0,0.00,0.00,0,1,861,0,,0,,0,,0,
99176615291932672,pontusbontus,Pleb,,no,unmanaged legacy,no-op,,,986,769,24.6005,8.0278,2,2,1.00,0,0,0.00,0.00,1,2,987,0,,0,,0,,0,
670347318905536532,Pory21,Pleb,,no,unmanaged legacy,no-op,,,708,502,16.8929,7.6491,5,0,5.00,0,0,0.00,0.00,0,1,900,4,766,0,,0,,0,
662003155780763668,Powltato,Pleb,,no,unmanaged legacy,no-op,,,889,670,21.9264,8.1213,1,0,1.00,0,0,0.00,0.00,0,0,,1,896,0,,0,,0,
196623438079590401,Priest_of_None,Pleb,,no,unmanaged legacy,no-op,,,906,699,22.3885,7.6727,3,0,3.00,0,0,0.00,0.00,1,0,,3,853,0,,0,,0,
133575303095123968,propigandhi,Legion,,no,unmanaged legacy,no-op,,,988,771,24.6603,8.0395,3,1,2.50,0,1,0.00,0.25,1,1,949,0,,2,999,0,,0,
318836707866968065,Psychat,Pleb,,no,unmanaged legacy,no-op,,,874,659,21.5014,7.9670,1,0,1.00,0,0,0.00,0.00,0,1,883,0,,0,,0,,0,
1284574549458944020,psycho,Squire,,no,unmanaged legacy,no-op,,,908,700,22.4532,7.6982,5,1,4.50,0,0,0.00,0.00,2,0,,1,954,4,1034,0,,0,
376391932705767424,Pyke,Squire,,no,unmanaged legacy,no-op,,,1151,935,29.2033,7.9941,4,1,3.50,0,1,0.00,0.25,4,0,,0,,4,1165,0,,0,
1082535737876025474,QFENG,Pleb,,no,unmanaged legacy,no-op,,,968,746,24.0979,8.1886,2,0,2.00,0,0,0.00,0.00,1,0,,1,954,1,1023,0,,0,
177761942176399360,Rage,Pleb,,no,unmanaged legacy,no-op,,,941,720,23.3516,8.1632,2,0,2.00,0,0,0.00,0.00,0,0,,0,,2,934,0,,0,
477367473297948673,RealManLoveThighs,Pleb,,no,unmanaged legacy,no-op,,,797,582,19.3511,7.9336,5,0,5.00,0,0,0.00,0.00,1,0,,0,,5,820,0,,0,
911530454891524137,retasu,Pleb,,no,unmanaged legacy,no-op,,,884,669,21.7852,7.9744,3,0,3.00,0,0,0.00,0.00,0,0,,2,923,1,930,0,,0,
746954161333207191,rln2449,Pleb,,no,unmanaged legacy,no-op,,,1109,892,28.0161,8.0362,2,0,2.00,0,0,0.00,0.00,2,0,,0,,2,1107,0,,0,
445598406409322496,rlnnn,Pleb,,no,unmanaged legacy,no-op,,,1110,897,28.0468,7.8830,4,4,2.00,0,0,0.00,0.00,4,4,1109,0,,0,,0,,0,
374071039124307968,Rodolwolf,Pleb,,no,unmanaged legacy,no-op,,,872,655,21.4474,8.0505,2,0,2.00,0,0,0.00,0.00,0,0,,1,932,1,945,0,,0,
235837349819318272,Rööx,Pleb,,no,unmanaged legacy,no-op,,,817,614,19.9217,7.5121,2,0,2.00,0,0,0.00,0.00,0,2,818,0,,0,,0,,0,
189143305580183552,Roziu,Pleb,,no,unmanaged legacy,no-op,,,904,695,22.3367,7.7617,1,0,1.00,0,0,0.00,0.00,0,1,913,0,,0,,0,,0,
943445433534005259,S1lence,Pleb,,no,unmanaged legacy,no-op,,,1005,781,25.1408,8.3030,1,0,1.00,0,0,0.00,0.00,1,1,1007,0,,0,,0,,0,
1495934130993496155,Sam_the_Man_989,Pleb,,no,unmanaged legacy,no-op,,,881,665,21.6997,7.9982,1,0,1.00,0,0,0.00,0.00,0,1,891,0,,0,,0,,0,
469638738184634368,saneok,Gladiator,,no,unmanaged legacy,no-op,,,988,791,24.6760,7.3195,4,3,2.50,0,0,0.00,0.00,1,4,993,0,,0,,0,,0,
146167106939912192,SarlaccDaMush,Pleb,,no,unmanaged legacy,no-op,,,732,529,17.5693,7.5301,5,0,5.00,0,0,0.00,0.00,0,0,,5,672,0,,0,,0,
1330592508367077489,sasou,Pleb,,no,unmanaged legacy,no-op,,,940,721,23.3426,8.1154,2,1,1.50,0,0,0.00,0.00,0,1,978,1,961,0,,0,,0,
267646272578519051,Seth,Pleb,,no,unmanaged legacy,no-op,,,993,776,24.8104,8.0250,2,0,2.00,0,0,0.00,0.00,1,0,,1,1068,1,934,0,,0,
890480283617484830,Sh1reks,Pleb,,no,unmanaged legacy,no-op,,,964,759,23.9938,7.5851,4,0,4.00,0,0,0.00,0.00,2,1,1090,2,965,1,929,0,,0,
623149045942321172,Shaturyanin,Pleb,,no,unmanaged legacy,no-op,,,838,635,20.4901,7.5147,8,5,5.50,0,0,0.00,0.00,3,0,,6,970,2,863,0,,0,
487997041918869514,shedinjjja,Pleb,,no,unmanaged legacy,no-op,,,973,770,24.2495,7.5020,8,4,6.00,0,1,0.00,0.25,3,0,,5,927,3,1030,0,,0,
131853520340123649,Shnarf,Pleb,,no,unmanaged legacy,no-op,,,872,658,21.4462,7.9429,3,2,2.00,0,0,0.00,0.00,0,0,,1,930,2,938,0,,0,
858521897720217600,siiic55,Pleb,,no,unmanaged legacy,no-op,,,937,716,23.2388,8.1864,2,2,1.00,0,0,0.00,0.00,0,0,,1,967,1,968,0,,0,
356917542633340941,Simon,Pleb,,no,unmanaged legacy,no-op,,,860,662,21.1176,7.3383,5,2,4.00,0,0,0.00,0.00,1,3,1008,2,853,0,,0,,0,
185140252740943873,Skarn,Pleb,,no,unmanaged legacy,no-op,,,882,676,21.7359,7.6325,4,1,3.50,0,0,0.00,0.00,1,1,1048,3,828,0,,0,,0,
269095256077762560,SkiiZz,Pleb,,no,unmanaged legacy,no-op,,,922,721,22.8414,7.4424,6,3,4.50,0,1,0.00,0.17,3,2,856,3,1026,1,1029,0,,0,
329735996247900160,Skydiv3r,Pleb,,no,unmanaged legacy,no-op,,,967,753,24.0829,7.9083,3,0,3.00,0,1,0.00,0.25,1,0,,2,912,1,1053,0,,0,
367891039207424000,Sleepyzzz,Pleb,,no,unmanaged legacy,no-op,,,939,717,23.3019,8.2239,1,0,1.00,0,0,0.00,0.00,0,0,,0,,1,945,0,,0,
689890628586569767,Smog,Pleb,,no,unmanaged legacy,no-op,,,856,668,20.9911,6.9400,3,0,3.00,0,0,0.00,0.00,1,3,865,0,,0,,0,,0,
695660138014441473,snowyprototyper,Pleb,,no,unmanaged legacy,no-op,,,925,705,22.9222,8.1514,1,1,0.50,0,0,0.00,0.00,0,1,927,0,,0,,0,,0,
471104627752828958,snupped,Pleb,,no,unmanaged legacy,no-op,,,890,678,21.9558,7.8594,1,0,1.00,0,0,0.00,0.00,0,1,883,0,,0,,0,,0,
366498633870213129,SokCho,Pleb,,no,unmanaged legacy,no-op,,,1046,829,26.2903,8.0559,2,1,1.50,0,0,0.00,0.00,1,0,,2,1047,0,,0,,0,
296899118951956484,Solex,Pleb,,no,unmanaged legacy,no-op,,,1167,952,29.6368,7.9666,2,0,2.00,1,2,0.25,0.50,2,0,,0,,2,1115,0,,0,
1337893031604518972,Sommer,Pleb,,no,unmanaged legacy,no-op,,,1092,872,27.5529,8.1541,1,0,1.00,0,0,0.00,0.00,1,0,,1,1080,0,,0,,0,
546674464268615680,Space,Gladiator,,no,unmanaged legacy,no-op,,,990,766,24.7265,8.3006,1,0,1.00,0,0,0.00,0.00,0,0,,0,,1,953,0,,0,
214525644845875202,Spartiate,Pleb,,no,unmanaged legacy,no-op,,,951,730,23.6411,8.1940,3,1,2.50,0,0,0.00,0.00,1,0,,1,963,2,986,0,,0,
390621742474854401,Speed of sound Sullivan,Pleb,,no,unmanaged legacy,no-op,,,842,631,20.6205,7.8215,4,2,3.00,0,0,0.00,0.00,1,1,944,3,934,0,,0,,0,
535033965397016577,sq,Pleb,,no,unmanaged legacy,no-op,,,971,760,24.1897,7.7990,4,0,4.00,1,1,0.25,0.25,2,0,,1,1062,3,990,0,,0,
464992703797657601,Suede Civ 3,Pleb,,no,unmanaged legacy,no-op,,,804,617,19.5601,6.9158,8,1,7.50,0,0,0.00,0.00,2,6,838,2,928,0,,0,,0,
1450595335356547216,suited_tilt,Pleb,,no,unmanaged legacy,no-op,,,1011,805,25.3090,7.6160,2,0,2.00,0,0,0.00,0.00,1,2,1005,0,,0,,0,,0,
225335340771180555,Sùn bRo,Pleb,,no,unmanaged legacy,no-op,,,911,695,22.5354,8.0033,2,0,2.00,0,0,0.00,0.00,0,0,,1,932,1,996,0,,0,
697020965653184514,SunyFlower,Pleb,,no,unmanaged legacy,no-op,,,778,578,18.8252,7.3810,4,0,4.00,0,0,0.00,0.00,0,4,789,0,,0,,0,,0,
567380149054734357,sv99,,,no,calibrating,no-op,,,977,755,24.3585,8.2215,1,1,0.50,0,0,0.00,0.00,0,1,967,0,,0,,0,,0,
219442938067812354,Taigz,Pleb,,no,unmanaged legacy,no-op,,,976,755,24.3358,8.2009,1,0,1.00,0,0,0.00,0.00,0,1,913,0,,0,,0,,0,
706205057078657056,Tardigraade,Pleb,,no,unmanaged legacy,no-op,,,973,750,24.2546,8.2545,1,0,1.00,0,0,0.00,0.00,0,0,,0,,1,948,0,,0,
414411082971742208,Terty,Pleb,,no,unmanaged legacy,no-op,,,1165,952,29.5822,7.8718,2,0,2.00,0,0,0.00,0.00,2,0,,2,1159,0,,0,,0,
1192320063047487518,the tarnished,Squire,,no,unmanaged legacy,no-op,,,974,753,24.2688,8.1720,1,0,1.00,0,0,0.00,0.00,0,0,,0,,0,,1,974,0,
690262791247888422,theaxe07,Pleb,,no,unmanaged legacy,no-op,,,959,765,23.8674,7.1892,6,3,4.50,0,0,0.00,0.00,3,5,1020,1,931,0,,0,,0,
239779580833955842,theflowgate,Pleb,,no,unmanaged legacy,no-op,,,1040,819,26.1214,8.2002,1,0,1.00,0,0,0.00,0.00,1,0,,1,1038,0,,0,,0,
358216078658371595,TheShork,Pleb,,no,unmanaged legacy,no-op,,,1106,888,27.9317,8.0548,1,0,1.00,0,0,0.00,0.00,1,0,,1,1075,0,,0,,0,
562124913838784536,TheSummmerPhoenix,Pleb,,no,unmanaged legacy,no-op,,,872,679,21.4487,7.1706,7,0,7.00,0,0,0.00,0.00,3,2,890,3,1078,2,884,0,,0,
472588685804699649,TheWingedOne,Pleb,,no,unmanaged legacy,no-op,,,914,695,22.6135,8.1298,1,0,1.00,0,0,0.00,0.00,0,0,,0,,1,934,0,,0,
946478637501268008,Till,,,no,calibrating,no-op,,,949,728,23.5943,8.1902,1,0,1.00,0,0,0.00,0.00,0,0,,0,,1,952,0,,0,
322787566795358220,tini,Pleb,,no,unmanaged legacy,no-op,,,1041,823,26.1453,8.0811,1,0,1.00,0,0,0.00,0.00,1,1,1069,0,,0,,0,,0,
689650725826985984,Tinkerbell,Legion,,no,unmanaged legacy,no-op,,,1010,787,25.2760,8.2750,1,0,1.00,0,0,0.00,0.00,1,1,1012,0,,0,,0,,0,
595317841235017728,tirem6983,Pleb,,no,unmanaged legacy,no-op,,,1072,888,27.0091,6.8118,8,1,7.50,0,1,0.00,1.00,3,8,1067,0,,0,,0,,0,
400096696257740811,toninhoinocente,Pleb,,no,unmanaged legacy,no-op,,,1106,908,27.9383,7.3303,6,0,6.00,0,0,0.00,0.00,4,2,1154,3,1046,1,945,0,,0,
830139926385131581,Toothbias,Pleb,,no,unmanaged legacy,no-op,,,1001,789,25.0249,7.8388,6,0,6.00,0,2,0.00,0.37,4,0,,0,,6,999,0,,0,
370479602994380801,toto,Pleb,,no,unmanaged legacy,no-op,,,916,697,22.6752,8.1390,1,0,1.00,0,0,0.00,0.00,0,0,,1,929,0,,0,,0,
295679554196996097,triplexfour,,,no,calibrating,no-op,,,1043,827,26.1921,7.9794,3,3,1.50,0,0,0.00,0.00,2,1,1042,2,994,0,,0,,0,
1248747834199506966,Troqv,Pleb,,no,unmanaged legacy,no-op,,,950,729,23.6129,8.1796,1,1,0.50,0,0,0.00,0.00,0,1,950,0,,0,,0,,0,
424412489476866049,Tuneschkeeee,Pleb,,no,unmanaged legacy,no-op,,,712,517,16.9922,7.2144,4,0,4.00,0,0,0.00,0.00,0,3,729,1,901,0,,0,,0,
1397073762909683934,tygaan.,Pleb,,no,unmanaged legacy,no-op,,,1030,807,25.8335,8.2767,1,1,0.50,0,1,0.00,0.17,1,0,,0,,1,1030,0,,0,
186498084795187201,Tyke,Pleb,,no,unmanaged legacy,no-op,,,851,645,20.8560,7.6097,5,1,4.50,0,0,0.00,0.00,1,1,948,2,992,2,846,0,,0,
729939478596026370,tysdad,Pleb,,no,unmanaged legacy,no-op,,,923,701,22.8473,8.2063,1,0,1.00,0,0,0.00,0.00,0,0,,0,,1,932,0,,0,
613068259293528064,U.D.A.V.,Pleb,,no,unmanaged legacy,no-op,,,823,614,20.0704,7.7140,4,0,4.00,0,0,0.00,0.00,0,0,,3,827,0,,1,940,0,
166560791133290496,Unknown,,,no,calibrating,no-op,,,953,733,23.6852,8.1380,1,1,0.50,0,0,0.00,0.00,0,1,953,0,,0,,0,,0,
399999258004291595,Unknown,,,no,calibrating,no-op,,,1110,897,28.0656,7.9036,5,5,2.50,1,4,0.50,1.00,4,1,1060,2,994,2,1062,0,,0,
868922073890848789,v1r5162,Pleb,,no,unmanaged legacy,no-op,,,1023,800,25.6460,8.2524,1,1,0.50,0,0,0.00,0.00,1,0,,1,1036,0,,0,,0,
1352654613794259075,vasvas,Pleb,,no,unmanaged legacy,no-op,,,994,787,24.8282,7.6628,5,1,4.50,0,0,0.00,0.00,3,0,,4,1012,1,1029,0,,0,
340680969411362828,veinho,Pleb,,no,unmanaged legacy,no-op,,,719,525,17.2074,7.1903,6,3,4.50,0,0,0.00,0.00,0,4,742,2,893,0,,0,,0,
582013668590354463,Veksla,Squire,,no,unmanaged legacy,no-op,,,989,768,24.6828,8.1758,1,0,1.00,0,0,0.00,0.00,0,0,,0,,0,,1,991,0,
636628193855668248,vinomann.,Squire,,no,unmanaged legacy,no-op,,,1019,808,25.5404,7.8287,2,1,1.50,0,0,0.00,0.00,1,2,1038,0,,0,,0,,0,
430384891776073768,vladiscout,Pleb,,no,unmanaged legacy,no-op,,,985,782,24.5778,7.5085,7,4,5.00,0,0,0.00,0.00,4,0,,6,996,1,1031,0,,0,
364319066057605121,VOKTR,Pleb,,no,unmanaged legacy,no-op,,,1039,817,26.0797,8.2190,1,0,1.00,0,0,0.00,0.00,1,0,,0,,1,1058,0,,0,
511189875479937059,VTh,Squire,,no,unmanaged legacy,no-op,,,1051,840,26.4186,7.8274,4,1,3.50,0,0,0.00,0.00,3,1,1059,2,958,1,1077,0,,0,
397151281367744512,vvita26,Pleb,,no,unmanaged legacy,no-op,,,936,717,23.2120,8.0986,1,0,1.00,0,0,0.00,0.00,0,0,,1,929,0,,0,,0,
197874078168776704,Wargo Khan,Pleb,,no,unmanaged legacy,no-op,,,943,721,23.4159,8.2255,1,0,1.00,0,0,0.00,0.00,0,0,,0,,1,943,0,,0,
168563756102713344,Wise Traveller,Pleb,,no,unmanaged legacy,no-op,,,1055,833,26.5334,8.2477,1,0,1.00,0,0,0.00,0.00,1,0,,0,,1,1048,0,,0,
261571384390451200,wololo6348,,,no,calibrating,no-op,,,950,729,23.6129,8.1796,1,1,0.50,0,0,0.00,0.00,0,1,950,0,,0,,0,,0,
1496494893256806401,xEmily千凝,Pleb,,no,unmanaged legacy,no-op,,,990,766,24.7285,8.2907,1,0,1.00,0,0,0.00,0.00,0,0,,1,938,0,,0,,0,
485771205383815171,yalovechina,Pleb,,no,unmanaged legacy,no-op,,,944,740,23.4566,7.5735,7,3,5.50,0,0,0.00,0.00,3,0,,6,963,1,1029,0,,0,
689752448105054218,yaroslavstolyarov,Pleb,,no,unmanaged legacy,no-op,,,886,668,21.8327,8.0597,3,3,1.50,0,0,0.00,0.00,0,0,,3,889,0,,0,,0,
1483384073631174727,Yeshan,Pleb,,no,unmanaged legacy,no-op,,,919,701,22.7466,8.0814,1,0,1.00,0,0,0.00,0.00,0,0,,1,909,0,,0,,0,
529102288099213312,Yeti,Pleb,,no,unmanaged legacy,no-op,,,836,648,20.4357,6.9696,7,3,5.50,0,0,0.00,0.00,2,6,890,1,931,0,,0,,0,
1348038288421687508,yeyu,Pleb,,no,unmanaged legacy,no-op,,,1051,829,26.4299,8.2350,1,0,1.00,0,2,0.00,0.50,1,0,,0,,1,1043,0,,0,
440848234529947649,Yoan,Pleb,,no,unmanaged legacy,no-op,,,1037,817,26.0301,8.1684,1,0,1.00,0,0,0.00,0.00,0,0,,0,,0,,1,1043,0,
664900996820107295,yodha,Gladiator,,no,unmanaged legacy,no-op,,,1104,900,27.8964,7.5546,8,4,6.00,1,1,0.33,0.33,4,1,1051,4,1009,2,1025,1,991,0,
293476210699141120,Youngbuck,Pleb,,no,unmanaged legacy,no-op,,,910,694,22.4931,7.9741,4,0,4.00,0,0,0.00,0.00,1,0,,0,,4,910,0,,0,
123153300383203329,YuberCrypt,Pleb,,no,unmanaged legacy,no-op,,,1041,848,26.1442,7.1475,4,0,4.00,0,0,0.00,0.00,2,1,1126,3,915,0,,0,,0,
244814303692062720,yugaks,Pleb,,no,unmanaged legacy,no-op,,,912,696,22.5492,7.9949,2,2,1.00,0,0,0.00,0.00,0,2,912,0,,0,,0,,0,
280392149286256651,ＹＵＵＫＩ,Pleb,,no,unmanaged legacy,no-op,,,1054,832,26.4989,8.2131,1,0,1.00,0,0,0.00,0.00,1,0,,0,,1,1059,0,,0,
1405663295410536458,zazatheconquerer,Gladiator,,no,unmanaged legacy,no-op,,,991,776,24.7584,7.9803,3,2,2.00,0,0,0.00,0.00,1,1,1053,1,970,1,933,0,,0,
264317358670217216,zdargore,Squire,,no,unmanaged legacy,no-op,,,1065,860,26.8185,7.5914,3,1,2.50,0,0,0.00,0.00,1,2,1087,0,,1,948,0,,0,
164694776686313472,ZelotePrime,Pleb,,no,unmanaged legacy,no-op,,,1036,818,26.0019,8.0765,2,1,1.50,0,0,0.00,0.00,1,0,,2,1035,0,,0,,0,
263300012530728960,ZHippO,Pleb,,no,unmanaged legacy,no-op,,,965,750,24.0338,7.9624,3,1,2.50,0,1,0.00,0.25,2,0,,2,1065,1,913,0,,0,
630156786196021259,zikileaks.,Pleb,,no,unmanaged legacy,no-op,,,933,713,23.1458,8.1547,1,0,1.00,0,0,0.00,0.00,0,0,,1,919,0,,0,,0,
693166496188203048,Αρκτεμισ,Pleb,,no,unmanaged legacy,no-op,,,908,699,22.4343,7.7398,3,2,2.00,0,0,0.00,0.00,1,3,908,0,,0,,0,,0,
490502319536865284,Σαμσίλειος Β',Pleb,,no,unmanaged legacy,no-op,,,979,777,24.4296,7.4963,6,0,6.00,0,0,0.00,0.00,3,1,1023,3,923,2,1038,0,,0,
440452302206271498,Аким,Pleb,,no,unmanaged legacy,no-op,,,993,791,24.8164,7.4863,5,0,5.00,0,0,0.00,0.00,2,0,,4,1008,0,,1,991,0,
708241035351818241,гений,Pleb,,no,unmanaged legacy,no-op,,,982,760,24.4887,8.1964,2,0,2.00,0,0,0.00,0.00,1,1,1010,1,927,0,,0,,0,
557487879618560000,мики,Pleb,,no,unmanaged legacy,no-op,,,1062,842,26.7338,8.1556,1,0,1.00,0,0,0.00,0.00,1,0,,1,1051,0,,0,,0,
432145891663544330,пум пум пум...,Pleb,,no,unmanaged legacy,no-op,,,953,739,23.6982,7.9313,4,4,2.00,0,0,0.00,0.00,1,2,1029,2,915,0,,0,,0,
360713203874791424,즞토마요,Pleb,,no,unmanaged legacy,no-op,,,973,753,24.2502,8.1527,2,1,1.50,0,0,0.00,0.00,1,0,,0,,2,971,0,,0,
927214548778364949,じん,Pleb,,no,unmanaged legacy,no-op,,,948,728,23.5579,8.1507,1,0,1.00,0,0,0.00,0.00,0,0,,1,943,0,,0,,0,
831459147601674251,バニラ,Pleb,,no,unmanaged legacy,no-op,,,918,701,22.7266,8.0320,1,0,1.00,0,0,0.00,0.00,0,0,,1,931,0,,0,,0,
405488338099896331,丰ireael,,,no,calibrating,no-op,,,1039,828,26.0853,7.8139,4,0,4.00,1,1,0.33,0.33,2,0,,0,,4,1031,0,,0,
1172625994142711873,吴双,Pleb,,no,unmanaged legacy,no-op,,,1006,789,25.1642,8.0466,2,0,2.00,0,0,0.00,0.00,1,0,,0,,2,987,0,,0,
494018303069650946,和尚,Pleb,,no,unmanaged legacy,no-op,,,880,681,21.6665,7.3772,7,0,7.00,1,2,0.25,0.50,3,0,,4,901,3,1039,0,,0,
